n,metodo,operacion,parametro,consulta,lat,lon,tiempo_ms,resultados
1000,secuencial,radio,1000,0,-12.238351077321237,-77.12323781150685,5.585833,0
1000,rtree,radio,1000,0,-12.238351077321237,-77.12323781150685,0.052159,0
1000,gist,radio,1000,0,-12.238351077321237,-77.12323781150685,0.534517,0
1000,rtree,radio,1000,1,-11.850490175417459,-76.77207450018096,0.077617,0
1000,gist,radio,1000,1,-11.850490175417459,-76.77207450018096,0.534345,0
1000,secuencial,radio,1000,1,-11.850490175417459,-76.77207450018096,7.823485,0
1000,gist,radio,1000,2,-11.819025370683875,-77.03287090378457,0.576478,0
1000,secuencial,radio,1000,2,-11.819025370683875,-77.03287090378457,5.729232,0
1000,rtree,radio,1000,2,-11.819025370683875,-77.03287090378457,0.054281,0
1000,secuencial,radio,1000,3,-11.846049959898656,-76.97530868170429,5.051244,0
1000,rtree,radio,1000,3,-11.846049959898656,-76.97530868170429,0.047703,0
1000,gist,radio,1000,3,-11.846049959898656,-76.97530868170429,0.830725,0
1000,rtree,radio,1000,4,-12.018672930582348,-77.33087166529758,0.092268,1
1000,gist,radio,1000,4,-12.018672930582348,-77.33087166529758,0.709798,1
1000,secuencial,radio,1000,4,-12.018672930582348,-77.33087166529758,5.424714,1
1000,gist,radio,1000,5,-11.82782872109504,-76.90074572228893,0.58798,0
1000,secuencial,radio,1000,5,-11.82782872109504,-76.90074572228893,5.1975,0
1000,rtree,radio,1000,5,-11.82782872109504,-76.90074572228893,0.041187,0
1000,secuencial,radio,1000,6,-11.870590475659505,-77.20118540169999,4.799655,0
1000,rtree,radio,1000,6,-11.870590475659505,-77.20118540169999,0.045712,0
1000,gist,radio,1000,6,-11.870590475659505,-77.20118540169999,0.565149,0
1000,rtree,radio,1000,7,-12.240052897189763,-76.78099844417964,0.076396,0
1000,gist,radio,1000,7,-12.240052897189763,-76.78099844417964,0.55019,0
1000,secuencial,radio,1000,7,-12.240052897189763,-76.78099844417964,5.335938,0
1000,gist,radio,1000,8,-11.883345634396791,-76.89474095860234,0.596529,0
1000,secuencial,radio,1000,8,-11.883345634396791,-76.89474095860234,4.861027,0
1000,rtree,radio,1000,8,-11.883345634396791,-76.89474095860234,0.042922,0
1000,secuencial,radio,1000,9,-12.327192841753288,-77.20271474524674,4.812955,0
1000,rtree,radio,1000,9,-12.327192841753288,-77.20271474524674,0.031988,0
1000,gist,radio,1000,9,-12.327192841753288,-77.20271474524674,0.567917,0
1000,rtree,radio,1000,10,-11.804751645889434,-77.3229261254416,0.07425,0
1000,gist,radio,1000,10,-11.804751645889434,-77.3229261254416,0.605466,0
1000,secuencial,radio,1000,10,-11.804751645889434,-77.3229261254416,5.534472,0
1000,gist,radio,1000,11,-12.006471907703649,-77.15118868947712,0.556968,0
1000,secuencial,radio,1000,11,-12.006471907703649,-77.15118868947712,5.081902,0
1000,rtree,radio,1000,11,-12.006471907703649,-77.15118868947712,0.042347,0
1000,secuencial,radio,1000,12,-12.204956128184476,-77.22040827076262,5.14481,1
1000,rtree,radio,1000,12,-12.204956128184476,-77.22040827076262,0.067926,1
1000,gist,radio,1000,12,-12.204956128184476,-77.22040827076262,0.614443,1
1000,rtree,radio,1000,13,-11.983544025786431,-76.89342975724284,0.070187,0
1000,gist,radio,1000,13,-11.983544025786431,-76.89342975724284,0.495979,0
1000,secuencial,radio,1000,13,-11.983544025786431,-76.89342975724284,5.141932,0
1000,gist,radio,1000,14,-12.168137775782613,-76.76365399284457,0.524124,1
1000,secuencial,radio,1000,14,-12.168137775782613,-76.76365399284457,5.210168,1
1000,rtree,radio,1000,14,-12.168137775782613,-76.76365399284457,0.060778,1
1000,secuencial,radio,1000,15,-12.031430792892165,-76.76351483741132,5.468655,1
1000,rtree,radio,1000,15,-12.031430792892165,-76.76351483741132,0.053516,1
1000,gist,radio,1000,15,-12.031430792892165,-76.76351483741132,0.451035,1
1000,rtree,radio,1000,16,-12.143722726360439,-76.96218807338764,0.068527,0
1000,gist,radio,1000,16,-12.143722726360439,-76.96218807338764,0.283611,0
1000,secuencial,radio,1000,16,-12.143722726360439,-76.96218807338764,5.476894,0
1000,gist,radio,1000,17,-12.307144667383458,-77.17897393043172,0.24651,0
1000,secuencial,radio,1000,17,-12.307144667383458,-77.17897393043172,5.300729,0
1000,rtree,radio,1000,17,-12.307144667383458,-77.17897393043172,0.031099,0
1000,secuencial,radio,1000,18,-12.275183073832562,-76.87578878349431,5.625531,1
1000,rtree,radio,1000,18,-12.275183073832562,-76.87578878349431,0.045978,1
1000,gist,radio,1000,18,-12.275183073832562,-76.87578878349431,0.286098,1
1000,rtree,radio,1000,19,-12.331031714204453,-76.76029307743156,0.053938,0
1000,gist,radio,1000,19,-12.331031714204453,-76.76029307743156,0.22213,0
1000,secuencial,radio,1000,19,-12.331031714204453,-76.76029307743156,5.316436,0
1000,gist,radio,1000,20,-11.875397725776603,-76.8291541495487,0.209199,0
1000,secuencial,radio,1000,20,-11.875397725776603,-76.8291541495487,5.055695,0
1000,rtree,radio,1000,20,-11.875397725776603,-76.8291541495487,0.047004,0
1000,secuencial,radio,1000,21,-12.094163185165952,-77.0237524170421,5.142534,1
1000,rtree,radio,1000,21,-12.094163185165952,-77.0237524170421,0.049358,1
1000,gist,radio,1000,21,-12.094163185165952,-77.0237524170421,0.260517,1
1000,rtree,radio,1000,22,-11.783184404571037,-77.16851570817118,0.052575,0
1000,gist,radio,1000,22,-11.783184404571037,-77.16851570817118,0.205205,0
1000,secuencial,radio,1000,22,-11.783184404571037,-77.16851570817118,5.552498,0
1000,gist,radio,1000,23,-12.330502443992312,-76.8537503501327,0.216972,0
1000,secuencial,radio,1000,23,-12.330502443992312,-76.8537503501327,5.124692,0
1000,rtree,radio,1000,23,-12.330502443992312,-76.8537503501327,0.033238,0
1000,secuencial,radio,1000,24,-11.900554430259245,-77.20850213545228,5.50584,0
1000,rtree,radio,1000,24,-11.900554430259245,-77.20850213545228,0.036575,0
1000,gist,radio,1000,24,-11.900554430259245,-77.20850213545228,0.248878,0
1000,rtree,radio,1000,25,-12.15301049359187,-77.34370037212102,0.054389,0
1000,gist,radio,1000,25,-12.15301049359187,-77.34370037212102,0.210499,0
1000,secuencial,radio,1000,25,-12.15301049359187,-77.34370037212102,5.426241,0
1000,gist,radio,1000,26,-12.293144129217822,-77.07461271258023,0.213931,0
1000,secuencial,radio,1000,26,-12.293144129217822,-77.07461271258023,5.108543,0
1000,rtree,radio,1000,26,-12.293144129217822,-77.07461271258023,0.047783,0
1000,secuencial,radio,1000,27,-11.917813405015332,-76.94828426493639,5.537204,0
1000,rtree,radio,1000,27,-11.917813405015332,-76.94828426493639,0.033637,0
1000,gist,radio,1000,27,-11.917813405015332,-76.94828426493639,0.216995,0
1000,rtree,radio,1000,28,-11.818228970587194,-76.80459168279988,0.060098,0
1000,gist,radio,1000,28,-11.818228970587194,-76.80459168279988,0.20622,0
1000,secuencial,radio,1000,28,-11.818228970587194,-76.80459168279988,5.313786,0
1000,gist,radio,1000,29,-12.042185620553866,-77.11980561484417,0.215593,1
1000,secuencial,radio,1000,29,-12.042185620553866,-77.11980561484417,5.070652,1
1000,rtree,radio,1000,29,-12.042185620553866,-77.11980561484417,0.053023,1
1000,secuencial,radio,1000,30,-11.902732805706265,-77.03636139279664,5.805086,0
1000,rtree,radio,1000,30,-11.902732805706265,-77.03636139279664,0.030556,0
1000,gist,radio,1000,30,-11.902732805706265,-77.03636139279664,0.249706,0
1000,rtree,radio,1000,31,-12.186853482191264,-76.84128098061892,0.064941,1
1000,gist,radio,1000,31,-12.186853482191264,-76.84128098061892,0.251677,1
1000,secuencial,radio,1000,31,-12.186853482191264,-76.84128098061892,5.356364,1
1000,gist,radio,1000,32,-12.189446986329225,-77.16652946042049,0.202739,0
1000,secuencial,radio,1000,32,-12.189446986329225,-77.16652946042049,5.000066,0
1000,rtree,radio,1000,32,-12.189446986329225,-77.16652946042049,0.03292,0
1000,secuencial,radio,1000,33,-11.945495129433406,-77.24486016155174,5.849293,0
1000,rtree,radio,1000,33,-11.945495129433406,-77.24486016155174,0.03247,0
1000,gist,radio,1000,33,-11.945495129433406,-77.24486016155174,0.267976,0
1000,rtree,radio,1000,34,-12.111007007944645,-77.09678326136346,0.04418,0
1000,gist,radio,1000,34,-12.111007007944645,-77.09678326136346,0.200711,0
1000,secuencial,radio,1000,34,-12.111007007944645,-77.09678326136346,5.360771,0
1000,gist,radio,1000,35,-12.246784988834966,-77.04539195581248,0.20598,0
1000,secuencial,radio,1000,35,-12.246784988834966,-77.04539195581248,5.284508,0
1000,rtree,radio,1000,35,-12.246784988834966,-77.04539195581248,0.056176,0
1000,secuencial,radio,1000,36,-11.7733098213026,-77.17743749839795,5.756494,2
1000,rtree,radio,1000,36,-11.7733098213026,-77.17743749839795,0.059055,2
1000,gist,radio,1000,36,-11.7733098213026,-77.17743749839795,0.243207,2
1000,rtree,radio,1000,37,-11.82173238373891,-77.29849310502613,0.050224,0
1000,gist,radio,1000,37,-11.82173238373891,-77.29849310502613,0.20663,0
1000,secuencial,radio,1000,37,-11.82173238373891,-77.29849310502613,5.252099,0
1000,gist,radio,1000,38,-12.114192250590465,-77.08818305290185,0.191838,0
1000,secuencial,radio,1000,38,-12.114192250590465,-77.08818305290185,5.200951,0
1000,rtree,radio,1000,38,-12.114192250590465,-77.08818305290185,0.048036,0
1000,secuencial,radio,1000,39,-11.803259205184059,-77.14440962222349,5.419795,0
1000,rtree,radio,1000,39,-11.803259205184059,-77.14440962222349,0.030549,0
1000,gist,radio,1000,39,-11.803259205184059,-77.14440962222349,0.212013,0
1000,rtree,radio,1000,40,-11.800873761006581,-77.30335267873973,0.057685,1
1000,gist,radio,1000,40,-11.800873761006581,-77.30335267873973,0.209409,1
1000,secuencial,radio,1000,40,-11.800873761006581,-77.30335267873973,5.274987,1
1000,gist,radio,1000,41,-12.32727857289679,-76.77814936880871,0.209305,0
1000,secuencial,radio,1000,41,-12.32727857289679,-76.77814936880871,5.346584,0
1000,rtree,radio,1000,41,-12.32727857289679,-76.77814936880871,0.044218,0
1000,secuencial,radio,1000,42,-11.969126917924573,-76.90016836300424,5.988239,0
1000,rtree,radio,1000,42,-11.969126917924573,-76.90016836300424,0.036883,0
1000,gist,radio,1000,42,-11.969126917924573,-76.90016836300424,0.229411,0
1000,rtree,radio,1000,43,-12.182985570001266,-76.86518920491838,0.065619,1
1000,gist,radio,1000,43,-12.182985570001266,-76.86518920491838,0.222488,1
1000,secuencial,radio,1000,43,-12.182985570001266,-76.86518920491838,5.203035,1
1000,gist,radio,1000,44,-12.243231108605903,-76.78957127246358,0.193043,0
1000,secuencial,radio,1000,44,-12.243231108605903,-76.78957127246358,5.288642,0
1000,rtree,radio,1000,44,-12.243231108605903,-76.78957127246358,0.033578,0
1000,secuencial,radio,1000,45,-12.045162976892575,-77.1478909274555,5.464551,2
1000,rtree,radio,1000,45,-12.045162976892575,-77.1478909274555,0.056176,2
1000,gist,radio,1000,45,-12.045162976892575,-77.1478909274555,0.24616,2
1000,rtree,radio,1000,46,-12.153660746768656,-77.12241798868614,0.045564,0
1000,gist,radio,1000,46,-12.153660746768656,-77.12241798868614,0.219446,0
1000,secuencial,radio,1000,46,-12.153660746768656,-77.12241798868614,5.686984,0
1000,gist,radio,1000,47,-12.261113789014654,-77.20446391162345,0.24329,0
1000,secuencial,radio,1000,47,-12.261113789014654,-77.20446391162345,6.349558,0
1000,rtree,radio,1000,47,-12.261113789014654,-77.20446391162345,0.057947,0
1000,secuencial,radio,1000,48,-11.911772000063623,-76.79765223136404,6.694908,0
1000,rtree,radio,1000,48,-11.911772000063623,-76.79765223136404,0.035207,0
1000,gist,radio,1000,48,-11.911772000063623,-76.79765223136404,0.3107,0
1000,rtree,radio,1000,49,-12.08433823364092,-77.08248518061632,0.068915,0
1000,gist,radio,1000,49,-12.08433823364092,-77.08248518061632,0.238417,0
1000,secuencial,radio,1000,49,-12.08433823364092,-77.08248518061632,6.194526,0
1000,gist,radio,1000,50,-12.018703684582047,-77.0827390512618,0.271454,1
1000,secuencial,radio,1000,50,-12.018703684582047,-77.0827390512618,6.387272,1
1000,rtree,radio,1000,50,-12.018703684582047,-77.0827390512618,0.076516,1
1000,secuencial,radio,1000,51,-12.236491560433548,-76.89427507131919,5.68675,1
1000,rtree,radio,1000,51,-12.236491560433548,-76.89427507131919,0.043602,1
1000,gist,radio,1000,51,-12.236491560433548,-76.89427507131919,0.24439,1
1000,rtree,radio,1000,52,-11.774796910789586,-77.00025470806015,0.049482,0
1000,gist,radio,1000,52,-11.774796910789586,-77.00025470806015,0.219882,0
1000,secuencial,radio,1000,52,-11.774796910789586,-77.00025470806015,5.58148,0
1000,gist,radio,1000,53,-12.046124721526658,-77.31449342849712,0.260594,1
1000,secuencial,radio,1000,53,-12.046124721526658,-77.31449342849712,5.864213,1
1000,rtree,radio,1000,53,-12.046124721526658,-77.31449342849712,0.051205,1
1000,secuencial,radio,1000,54,-11.842702704287872,-76.98969897455655,5.384661,1
1000,rtree,radio,1000,54,-11.842702704287872,-76.98969897455655,0.042745,1
1000,gist,radio,1000,54,-11.842702704287872,-76.98969897455655,0.235282,1
1000,rtree,radio,1000,55,-12.012885837600235,-77.07204158056325,0.061598,0
1000,gist,radio,1000,55,-12.012885837600235,-77.07204158056325,0.194522,0
1000,secuencial,radio,1000,55,-12.012885837600235,-77.07204158056325,5.627531,0
1000,gist,radio,1000,56,-12.191535679067739,-77.05101821795063,0.22057,0
1000,secuencial,radio,1000,56,-12.191535679067739,-77.05101821795063,5.595217,0
1000,rtree,radio,1000,56,-12.191535679067739,-77.05101821795063,0.043203,0
1000,secuencial,radio,1000,57,-12.294982634454936,-76.81606890593824,5.477656,0
1000,rtree,radio,1000,57,-12.294982634454936,-76.81606890593824,0.020729,0
1000,gist,radio,1000,57,-12.294982634454936,-76.81606890593824,0.233435,0
1000,rtree,radio,1000,58,-12.019881116431574,-77.17465856727942,0.046582,0
1000,gist,radio,1000,58,-12.019881116431574,-77.17465856727942,0.192958,0
1000,secuencial,radio,1000,58,-12.019881116431574,-77.17465856727942,7.592303,0
1000,gist,radio,1000,59,-12.083837843908505,-77.21121361001406,0.426113,1
1000,secuencial,radio,1000,59,-12.083837843908505,-77.21121361001406,5.6472,1
1000,rtree,radio,1000,59,-12.083837843908505,-77.21121361001406,0.070778,1
1000,secuencial,radio,1000,60,-11.83936801656191,-77.09299515471804,5.340191,0
1000,rtree,radio,1000,60,-11.83936801656191,-77.09299515471804,0.04908,0
1000,gist,radio,1000,60,-11.83936801656191,-77.09299515471804,0.33315,0
1000,rtree,radio,1000,61,-12.183106547002918,-77.22059613654136,0.069364,0
1000,gist,radio,1000,61,-12.183106547002918,-77.22059613654136,0.272743,0
1000,secuencial,radio,1000,61,-12.183106547002918,-77.22059613654136,5.85125,0
1000,gist,radio,1000,62,-11.964714077146779,-77.17207277242889,0.278149,0
1000,secuencial,radio,1000,62,-11.964714077146779,-77.17207277242889,5.879025,0
1000,rtree,radio,1000,62,-11.964714077146779,-77.17207277242889,0.043854,0
1000,secuencial,radio,1000,63,-12.25109119183904,-76.82654729000366,5.624155,0
1000,rtree,radio,1000,63,-12.25109119183904,-76.82654729000366,0.037451,0
1000,gist,radio,1000,63,-12.25109119183904,-76.82654729000366,0.303119,0
1000,rtree,radio,1000,64,-12.227348909580273,-76.86818152585958,0.058326,0
1000,gist,radio,1000,64,-12.227348909580273,-76.86818152585958,0.235004,0
1000,secuencial,radio,1000,64,-12.227348909580273,-76.86818152585958,5.684644,0
1000,gist,radio,1000,65,-12.025180601663209,-77.05818404136323,0.237502,1
1000,secuencial,radio,1000,65,-12.025180601663209,-77.05818404136323,5.171373,1
1000,rtree,radio,1000,65,-12.025180601663209,-77.05818404136323,0.065086,1
1000,secuencial,radio,1000,66,-11.771840026943192,-76.82079070367021,5.475631,0
1000,rtree,radio,1000,66,-11.771840026943192,-76.82079070367021,0.038721,0
1000,gist,radio,1000,66,-11.771840026943192,-76.82079070367021,0.235335,0
1000,rtree,radio,1000,67,-11.903298489267021,-76.96770565230796,0.037953,0
1000,gist,radio,1000,67,-11.903298489267021,-76.96770565230796,0.196651,0
1000,secuencial,radio,1000,67,-11.903298489267021,-76.96770565230796,5.631336,0
1000,gist,radio,1000,68,-11.84458347945915,-76.96257743655522,0.219649,0
1000,secuencial,radio,1000,68,-11.84458347945915,-76.96257743655522,6.073003,0
1000,rtree,radio,1000,68,-11.84458347945915,-76.96257743655522,0.067187,0
1000,secuencial,radio,1000,69,-11.979264260411975,-77.16776722656559,7.525633,0
1000,rtree,radio,1000,69,-11.979264260411975,-77.16776722656559,0.050159,0
1000,gist,radio,1000,69,-11.979264260411975,-77.16776722656559,0.529705,0
1000,rtree,radio,1000,70,-12.307328894322914,-77.12235407145627,0.071711,0
1000,gist,radio,1000,70,-12.307328894322914,-77.12235407145627,0.352767,0
1000,secuencial,radio,1000,70,-12.307328894322914,-77.12235407145627,6.418219,0
1000,gist,radio,1000,71,-12.246347066569076,-77.03273649701573,0.260394,1
1000,secuencial,radio,1000,71,-12.246347066569076,-77.03273649701573,6.039079,1
1000,rtree,radio,1000,71,-12.246347066569076,-77.03273649701573,0.07623,1
1000,secuencial,radio,1000,72,-11.827264186283267,-77.18280286711541,5.752555,0
1000,rtree,radio,1000,72,-11.827264186283267,-77.18280286711541,0.04629,0
1000,gist,radio,1000,72,-11.827264186283267,-77.18280286711541,0.265976,0
1000,rtree,radio,1000,73,-11.81239852391384,-76.95104457771211,0.053915,0
1000,gist,radio,1000,73,-11.81239852391384,-76.95104457771211,0.225172,0
1000,secuencial,radio,1000,73,-11.81239852391384,-76.95104457771211,5.519836,0
1000,gist,radio,1000,74,-11.936355144311689,-76.87964926824449,0.252755,0
1000,secuencial,radio,1000,74,-11.936355144311689,-76.87964926824449,6.235734,0
1000,rtree,radio,1000,74,-11.936355144311689,-76.87964926824449,0.050309,0
1000,secuencial,radio,1000,75,-11.902374144565027,-76.80139431019622,5.693777,0
1000,rtree,radio,1000,75,-11.902374144565027,-76.80139431019622,0.031589,0
1000,gist,radio,1000,75,-11.902374144565027,-76.80139431019622,0.250922,0
1000,rtree,radio,1000,76,-11.820249617459575,-77.04581136517697,0.050737,0
1000,gist,radio,1000,76,-11.820249617459575,-77.04581136517697,0.201511,0
1000,secuencial,radio,1000,76,-11.820249617459575,-77.04581136517697,5.291777,0
1000,gist,radio,1000,77,-12.177305805147972,-76.92299687024163,0.204248,0
1000,secuencial,radio,1000,77,-12.177305805147972,-76.92299687024163,5.434833,0
1000,rtree,radio,1000,77,-12.177305805147972,-76.92299687024163,0.034499,0
1000,secuencial,radio,1000,78,-12.268299384287044,-77.1243168684586,5.461777,0
1000,rtree,radio,1000,78,-12.268299384287044,-77.1243168684586,0.035208,0
1000,gist,radio,1000,78,-12.268299384287044,-77.1243168684586,0.216138,0
1000,rtree,radio,1000,79,-12.153376433595325,-76.79853117033628,0.03991,0
1000,gist,radio,1000,79,-12.153376433595325,-76.79853117033628,0.19744,0
1000,secuencial,radio,1000,79,-12.153376433595325,-76.79853117033628,5.339272,0
1000,gist,radio,1000,80,-11.992353562357,-76.8022966511219,0.202016,0
1000,secuencial,radio,1000,80,-11.992353562357,-76.8022966511219,6.069917,0
1000,rtree,radio,1000,80,-11.992353562357,-76.8022966511219,0.052136,0
1000,secuencial,radio,1000,81,-11.982462973416517,-77.16970328360398,5.667906,0
1000,rtree,radio,1000,81,-11.982462973416517,-77.16970328360398,0.036211,0
1000,gist,radio,1000,81,-11.982462973416517,-77.16970328360398,0.2506,0
1000,rtree,radio,1000,82,-12.146900692748956,-76.92785642670108,0.043446,0
1000,gist,radio,1000,82,-12.146900692748956,-76.92785642670108,0.190791,0
1000,secuencial,radio,1000,82,-12.146900692748956,-76.92785642670108,5.599095,0
1000,gist,radio,1000,83,-11.848153943762625,-77.19609505846526,0.249877,0
1000,secuencial,radio,1000,83,-11.848153943762625,-77.19609505846526,5.838275,0
1000,rtree,radio,1000,83,-11.848153943762625,-77.19609505846526,0.061115,0
1000,secuencial,radio,1000,84,-11.96096942701325,-77.31935181248366,5.559592,1
1000,rtree,radio,1000,84,-11.96096942701325,-77.31935181248366,0.041807,1
1000,gist,radio,1000,84,-11.96096942701325,-77.31935181248366,0.268637,1
1000,rtree,radio,1000,85,-12.300547114664454,-77.09555684869085,0.051708,0
1000,gist,radio,1000,85,-12.300547114664454,-77.09555684869085,0.21149,0
1000,secuencial,radio,1000,85,-12.300547114664454,-77.09555684869085,5.952835,0
1000,gist,radio,1000,86,-12.29178678439614,-77.13426031557285,0.268698,1
1000,secuencial,radio,1000,86,-12.29178678439614,-77.13426031557285,5.8676,1
1000,rtree,radio,1000,86,-12.29178678439614,-77.13426031557285,0.0542,1
1000,secuencial,radio,1000,87,-12.129607369243198,-77.02309996366162,5.396618,0
1000,rtree,radio,1000,87,-12.129607369243198,-77.02309996366162,0.037542,0
1000,gist,radio,1000,87,-12.129607369243198,-77.02309996366162,0.214295,0
1000,rtree,radio,1000,88,-12.188571188323111,-77.14502175316414,0.051437,0
1000,gist,radio,1000,88,-12.188571188323111,-77.14502175316414,0.189363,0
1000,secuencial,radio,1000,88,-12.188571188323111,-77.14502175316414,5.461443,0
1000,gist,radio,1000,89,-11.859744169120574,-77.07604733374517,0.21798,0
1000,secuencial,radio,1000,89,-11.859744169120574,-77.07604733374517,6.114697,0
1000,rtree,radio,1000,89,-11.859744169120574,-77.07604733374517,0.046365,0
1000,secuencial,radio,1000,90,-12.024714902015914,-76.96605303183892,5.693413,2
1000,rtree,radio,1000,90,-12.024714902015914,-76.96605303183892,0.067182,2
1000,gist,radio,1000,90,-12.024714902015914,-76.96605303183892,0.283854,2
1000,rtree,radio,1000,91,-11.905508232632442,-77.10656813471577,0.053931,0
1000,gist,radio,1000,91,-11.905508232632442,-77.10656813471577,0.229834,0
1000,secuencial,radio,1000,91,-11.905508232632442,-77.10656813471577,6.578249,0
1000,gist,radio,1000,92,-11.901870253561093,-77.11307209242074,0.214841,0
1000,secuencial,radio,1000,92,-11.901870253561093,-77.11307209242074,5.567692,0
1000,rtree,radio,1000,92,-11.901870253561093,-77.11307209242074,0.038713,0
1000,secuencial,radio,1000,93,-12.343516018001337,-76.80015450715057,5.478905,0
1000,rtree,radio,1000,93,-12.343516018001337,-76.80015450715057,0.023497,0
1000,gist,radio,1000,93,-12.343516018001337,-76.80015450715057,0.222847,0
1000,rtree,radio,1000,94,-11.991393905632954,-77.18057562505354,0.07438,0
1000,gist,radio,1000,94,-11.991393905632954,-77.18057562505354,0.20858,0
1000,secuencial,radio,1000,94,-11.991393905632954,-77.18057562505354,5.425805,0
1000,gist,radio,1000,95,-11.952867359702045,-77.27931373026212,0.198684,0
1000,secuencial,radio,1000,95,-11.952867359702045,-77.27931373026212,5.093819,0
1000,rtree,radio,1000,95,-11.952867359702045,-77.27931373026212,0.029415,0
1000,secuencial,radio,1000,96,-11.840522947118483,-76.87926162049457,5.048544,0
1000,rtree,radio,1000,96,-11.840522947118483,-76.87926162049457,0.038733,0
1000,gist,radio,1000,96,-11.840522947118483,-76.87926162049457,0.277815,0
1000,rtree,radio,1000,97,-12.239869721253509,-76.83566256670153,0.054129,0
1000,gist,radio,1000,97,-12.239869721253509,-76.83566256670153,0.221371,0
1000,secuencial,radio,1000,97,-12.239869721253509,-76.83566256670153,5.663997,0
1000,gist,radio,1000,98,-12.207047072243997,-77.0225674397733,0.192304,0
1000,secuencial,radio,1000,98,-12.207047072243997,-77.0225674397733,4.95643,0
1000,rtree,radio,1000,98,-12.207047072243997,-77.0225674397733,0.038674,0
1000,secuencial,radio,1000,99,-12.286744056266315,-76.83456862138426,4.919239,0
1000,rtree,radio,1000,99,-12.286744056266315,-76.83456862138426,0.03418,0
1000,gist,radio,1000,99,-12.286744056266315,-76.83456862138426,0.217275,0
1000,secuencial,radio,5000,0,-12.238351077321237,-77.12323781150685,5.4321,6
1000,rtree,radio,5000,0,-12.238351077321237,-77.12323781150685,0.105198,6
1000,gist,radio,5000,0,-12.238351077321237,-77.12323781150685,0.316343,6
1000,rtree,radio,5000,1,-11.850490175417459,-76.77207450018096,0.132343,6
1000,gist,radio,5000,1,-11.850490175417459,-76.77207450018096,0.260767,6
1000,secuencial,radio,5000,1,-11.850490175417459,-76.77207450018096,5.626304,6
1000,gist,radio,5000,2,-11.819025370683875,-77.03287090378457,0.292916,10
1000,secuencial,radio,5000,2,-11.819025370683875,-77.03287090378457,5.382562,10
1000,rtree,radio,5000,2,-11.819025370683875,-77.03287090378457,0.135297,10
1000,secuencial,radio,5000,3,-11.846049959898656,-76.97530868170429,5.20742,6
1000,rtree,radio,5000,3,-11.846049959898656,-76.97530868170429,0.100397,6
1000,gist,radio,5000,3,-11.846049959898656,-76.97530868170429,0.305008,6
1000,rtree,radio,5000,4,-12.018672930582348,-77.33087166529758,0.122281,9
1000,gist,radio,5000,4,-12.018672930582348,-77.33087166529758,0.25916,9
1000,secuencial,radio,5000,4,-12.018672930582348,-77.33087166529758,5.516835,9
1000,gist,radio,5000,5,-11.82782872109504,-76.90074572228893,0.253002,5
1000,secuencial,radio,5000,5,-11.82782872109504,-76.90074572228893,5.173578,5
1000,rtree,radio,5000,5,-11.82782872109504,-76.90074572228893,0.101098,5
1000,secuencial,radio,5000,6,-11.870590475659505,-77.20118540169999,5.047877,8
1000,rtree,radio,5000,6,-11.870590475659505,-77.20118540169999,0.084427,8
1000,gist,radio,5000,6,-11.870590475659505,-77.20118540169999,0.25136,8
1000,rtree,radio,5000,7,-12.240052897189763,-76.78099844417964,0.068631,1
1000,gist,radio,5000,7,-12.240052897189763,-76.78099844417964,0.210425,1
1000,secuencial,radio,5000,7,-12.240052897189763,-76.78099844417964,5.483122,1
1000,gist,radio,5000,8,-11.883345634396791,-76.89474095860234,0.241563,5
1000,secuencial,radio,5000,8,-11.883345634396791,-76.89474095860234,5.133659,5
1000,rtree,radio,5000,8,-11.883345634396791,-76.89474095860234,0.099988,5
1000,secuencial,radio,5000,9,-12.327192841753288,-77.20271474524674,4.814975,2
1000,rtree,radio,5000,9,-12.327192841753288,-77.20271474524674,0.074143,2
1000,gist,radio,5000,9,-12.327192841753288,-77.20271474524674,0.217857,2
1000,rtree,radio,5000,10,-11.804751645889434,-77.3229261254416,0.104686,7
1000,gist,radio,5000,10,-11.804751645889434,-77.3229261254416,0.216276,7
1000,secuencial,radio,5000,10,-11.804751645889434,-77.3229261254416,5.440188,7
1000,gist,radio,5000,11,-12.006471907703649,-77.15118868947712,0.342801,8
1000,secuencial,radio,5000,11,-12.006471907703649,-77.15118868947712,5.777872,8
1000,rtree,radio,5000,11,-12.006471907703649,-77.15118868947712,0.127346,8
1000,secuencial,radio,5000,12,-12.204956128184476,-77.22040827076262,5.336172,7
1000,rtree,radio,5000,12,-12.204956128184476,-77.22040827076262,0.119805,7
1000,gist,radio,5000,12,-12.204956128184476,-77.22040827076262,0.311557,7
1000,rtree,radio,5000,13,-11.983544025786431,-76.89342975724284,0.125914,6
1000,gist,radio,5000,13,-11.983544025786431,-76.89342975724284,0.266197,6
1000,secuencial,radio,5000,13,-11.983544025786431,-76.89342975724284,5.924261,6
1000,gist,radio,5000,14,-12.168137775782613,-76.76365399284457,0.246576,4
1000,secuencial,radio,5000,14,-12.168137775782613,-76.76365399284457,5.222946,4
1000,rtree,radio,5000,14,-12.168137775782613,-76.76365399284457,0.079796,4
1000,secuencial,radio,5000,15,-12.031430792892165,-76.76351483741132,5.110164,8
1000,rtree,radio,5000,15,-12.031430792892165,-76.76351483741132,0.114847,8
1000,gist,radio,5000,15,-12.031430792892165,-76.76351483741132,0.263025,8
1000,rtree,radio,5000,16,-12.143722726360439,-76.96218807338764,0.15674,7
1000,gist,radio,5000,16,-12.143722726360439,-76.96218807338764,0.269466,7
1000,secuencial,radio,5000,16,-12.143722726360439,-76.96218807338764,5.603934,7
1000,gist,radio,5000,17,-12.307144667383458,-77.17897393043172,0.241922,5
1000,secuencial,radio,5000,17,-12.307144667383458,-77.17897393043172,5.242074,5
1000,rtree,radio,5000,17,-12.307144667383458,-77.17897393043172,0.099906,5
1000,secuencial,radio,5000,18,-12.275183073832562,-76.87578878349431,5.462196,9
1000,rtree,radio,5000,18,-12.275183073832562,-76.87578878349431,0.160294,9
1000,gist,radio,5000,18,-12.275183073832562,-76.87578878349431,0.347549,9
1000,rtree,radio,5000,19,-12.331031714204453,-76.76029307743156,0.141938,6
1000,gist,radio,5000,19,-12.331031714204453,-76.76029307743156,0.302921,6
1000,secuencial,radio,5000,19,-12.331031714204453,-76.76029307743156,5.524877,6
1000,gist,radio,5000,20,-11.875397725776603,-76.8291541495487,0.243236,4
1000,secuencial,radio,5000,20,-11.875397725776603,-76.8291541495487,5.223848,4
1000,rtree,radio,5000,20,-11.875397725776603,-76.8291541495487,0.085676,4
1000,secuencial,radio,5000,21,-12.094163185165952,-77.0237524170421,5.278713,4
1000,rtree,radio,5000,21,-12.094163185165952,-77.0237524170421,0.083452,4
1000,gist,radio,5000,21,-12.094163185165952,-77.0237524170421,0.243219,4
1000,rtree,radio,5000,22,-11.783184404571037,-77.16851570817118,0.143348,8
1000,gist,radio,5000,22,-11.783184404571037,-77.16851570817118,0.247635,8
1000,secuencial,radio,5000,22,-11.783184404571037,-77.16851570817118,5.548815,8
1000,gist,radio,5000,23,-12.330502443992312,-76.8537503501327,0.261367,7
1000,secuencial,radio,5000,23,-12.330502443992312,-76.8537503501327,5.266948,7
1000,rtree,radio,5000,23,-12.330502443992312,-76.8537503501327,0.106551,7
1000,secuencial,radio,5000,24,-11.900554430259245,-77.20850213545228,5.594167,9
1000,rtree,radio,5000,24,-11.900554430259245,-77.20850213545228,0.137795,9
1000,gist,radio,5000,24,-11.900554430259245,-77.20850213545228,0.366416,9
1000,rtree,radio,5000,25,-12.15301049359187,-77.34370037212102,0.159073,9
1000,gist,radio,5000,25,-12.15301049359187,-77.34370037212102,0.314237,9
1000,secuencial,radio,5000,25,-12.15301049359187,-77.34370037212102,5.72443,9
1000,gist,radio,5000,26,-12.293144129217822,-77.07461271258023,0.249012,5
1000,secuencial,radio,5000,26,-12.293144129217822,-77.07461271258023,5.337179,5
1000,rtree,radio,5000,26,-12.293144129217822,-77.07461271258023,0.091146,5
1000,secuencial,radio,5000,27,-11.917813405015332,-76.94828426493639,5.528442,8
1000,rtree,radio,5000,27,-11.917813405015332,-76.94828426493639,0.102032,8
1000,gist,radio,5000,27,-11.917813405015332,-76.94828426493639,0.259411,8
1000,rtree,radio,5000,28,-11.818228970587194,-76.80459168279988,0.107251,5
1000,gist,radio,5000,28,-11.818228970587194,-76.80459168279988,0.232018,5
1000,secuencial,radio,5000,28,-11.818228970587194,-76.80459168279988,5.317265,5
1000,gist,radio,5000,29,-12.042185620553866,-77.11980561484417,0.256877,10
1000,secuencial,radio,5000,29,-12.042185620553866,-77.11980561484417,5.127911,10
1000,rtree,radio,5000,29,-12.042185620553866,-77.11980561484417,0.165402,10
1000,secuencial,radio,5000,30,-11.902732805706265,-77.03636139279664,5.848829,9
1000,rtree,radio,5000,30,-11.902732805706265,-77.03636139279664,0.114194,9
1000,gist,radio,5000,30,-11.902732805706265,-77.03636139279664,0.287574,9
1000,rtree,radio,5000,31,-12.186853482191264,-76.84128098061892,0.121696,8
1000,gist,radio,5000,31,-12.186853482191264,-76.84128098061892,0.257446,8
1000,secuencial,radio,5000,31,-12.186853482191264,-76.84128098061892,5.31506,8
1000,gist,radio,5000,32,-12.189446986329225,-77.16652946042049,0.241201,10
1000,secuencial,radio,5000,32,-12.189446986329225,-77.16652946042049,5.247787,10
1000,rtree,radio,5000,32,-12.189446986329225,-77.16652946042049,0.144355,10
1000,secuencial,radio,5000,33,-11.945495129433406,-77.24486016155174,6.76794,5
1000,rtree,radio,5000,33,-11.945495129433406,-77.24486016155174,0.141549,5
1000,gist,radio,5000,33,-11.945495129433406,-77.24486016155174,0.379579,5
1000,rtree,radio,5000,34,-12.111007007944645,-77.09678326136346,0.139413,5
1000,gist,radio,5000,34,-12.111007007944645,-77.09678326136346,0.289904,5
1000,secuencial,radio,5000,34,-12.111007007944645,-77.09678326136346,5.735791,5
1000,gist,radio,5000,35,-12.246784988834966,-77.04539195581248,0.266071,7
1000,secuencial,radio,5000,35,-12.246784988834966,-77.04539195581248,5.894648,7
1000,rtree,radio,5000,35,-12.246784988834966,-77.04539195581248,0.131113,7
1000,secuencial,radio,5000,36,-11.7733098213026,-77.17743749839795,5.489103,9
1000,rtree,radio,5000,36,-11.7733098213026,-77.17743749839795,0.127872,9
1000,gist,radio,5000,36,-11.7733098213026,-77.17743749839795,0.313602,9
1000,rtree,radio,5000,37,-11.82173238373891,-77.29849310502613,0.105086,5
1000,gist,radio,5000,37,-11.82173238373891,-77.29849310502613,0.244527,5
1000,secuencial,radio,5000,37,-11.82173238373891,-77.29849310502613,5.197778,5
1000,gist,radio,5000,38,-12.114192250590465,-77.08818305290185,0.236344,6
1000,secuencial,radio,5000,38,-12.114192250590465,-77.08818305290185,5.656291,6
1000,rtree,radio,5000,38,-12.114192250590465,-77.08818305290185,0.114692,6
1000,secuencial,radio,5000,39,-11.803259205184059,-77.14440962222349,5.501727,3
1000,rtree,radio,5000,39,-11.803259205184059,-77.14440962222349,0.092911,3
1000,gist,radio,5000,39,-11.803259205184059,-77.14440962222349,0.275427,3
1000,rtree,radio,5000,40,-11.800873761006581,-77.30335267873973,0.117144,5
1000,gist,radio,5000,40,-11.800873761006581,-77.30335267873973,0.23979,5
1000,secuencial,radio,5000,40,-11.800873761006581,-77.30335267873973,5.35668,5
1000,gist,radio,5000,41,-12.32727857289679,-76.77814936880871,0.247949,5
1000,secuencial,radio,5000,41,-12.32727857289679,-76.77814936880871,6.218978,5
1000,rtree,radio,5000,41,-12.32727857289679,-76.77814936880871,0.10323,5
1000,secuencial,radio,5000,42,-11.969126917924573,-76.90016836300424,5.540422,8
1000,rtree,radio,5000,42,-11.969126917924573,-76.90016836300424,0.107369,8
1000,gist,radio,5000,42,-11.969126917924573,-76.90016836300424,0.243248,8
1000,rtree,radio,5000,43,-12.182985570001266,-76.86518920491838,0.091817,5
1000,gist,radio,5000,43,-12.182985570001266,-76.86518920491838,0.230282,5
1000,secuencial,radio,5000,43,-12.182985570001266,-76.86518920491838,5.159208,5
1000,gist,radio,5000,44,-12.243231108605903,-76.78957127246358,0.241883,0
1000,secuencial,radio,5000,44,-12.243231108605903,-76.78957127246358,5.486703,0
1000,rtree,radio,5000,44,-12.243231108605903,-76.78957127246358,0.073139,0
1000,secuencial,radio,5000,45,-12.045162976892575,-77.1478909274555,5.286515,9
1000,rtree,radio,5000,45,-12.045162976892575,-77.1478909274555,0.108553,9
1000,gist,radio,5000,45,-12.045162976892575,-77.1478909274555,0.249099,9
1000,rtree,radio,5000,46,-12.153660746768656,-77.12241798868614,0.113156,6
1000,gist,radio,5000,46,-12.153660746768656,-77.12241798868614,0.234211,6
1000,secuencial,radio,5000,46,-12.153660746768656,-77.12241798868614,5.276503,6
1000,gist,radio,5000,47,-12.261113789014654,-77.20446391162345,0.284904,3
1000,secuencial,radio,5000,47,-12.261113789014654,-77.20446391162345,6.31352,3
1000,rtree,radio,5000,47,-12.261113789014654,-77.20446391162345,0.089053,3
1000,secuencial,radio,5000,48,-11.911772000063623,-76.79765223136404,5.40354,3
1000,rtree,radio,5000,48,-11.911772000063623,-76.79765223136404,0.085551,3
1000,gist,radio,5000,48,-11.911772000063623,-76.79765223136404,0.23826,3
1000,rtree,radio,5000,49,-12.08433823364092,-77.08248518061632,0.110757,4
1000,gist,radio,5000,49,-12.08433823364092,-77.08248518061632,0.227675,4
1000,secuencial,radio,5000,49,-12.08433823364092,-77.08248518061632,5.459781,4
1000,gist,radio,5000,50,-12.018703684582047,-77.0827390512618,0.268967,10
1000,secuencial,radio,5000,50,-12.018703684582047,-77.0827390512618,5.462426,10
1000,rtree,radio,5000,50,-12.018703684582047,-77.0827390512618,0.147149,10
1000,secuencial,radio,5000,51,-12.236491560433548,-76.89427507131919,5.090331,8
1000,rtree,radio,5000,51,-12.236491560433548,-76.89427507131919,0.10111,8
1000,gist,radio,5000,51,-12.236491560433548,-76.89427507131919,0.241923,8
1000,rtree,radio,5000,52,-11.774796910789586,-77.00025470806015,0.147615,11
1000,gist,radio,5000,52,-11.774796910789586,-77.00025470806015,0.252489,11
1000,secuencial,radio,5000,52,-11.774796910789586,-77.00025470806015,5.159535,11
1000,gist,radio,5000,53,-12.046124721526658,-77.31449342849712,0.287416,7
1000,secuencial,radio,5000,53,-12.046124721526658,-77.31449342849712,5.471617,7
1000,rtree,radio,5000,53,-12.046124721526658,-77.31449342849712,0.132254,7
1000,secuencial,radio,5000,54,-11.842702704287872,-76.98969897455655,5.273768,7
1000,rtree,radio,5000,54,-11.842702704287872,-76.98969897455655,0.114788,7
1000,gist,radio,5000,54,-11.842702704287872,-76.98969897455655,0.265502,7
1000,rtree,radio,5000,55,-12.012885837600235,-77.07204158056325,0.143004,10
1000,gist,radio,5000,55,-12.012885837600235,-77.07204158056325,0.238755,10
1000,secuencial,radio,5000,55,-12.012885837600235,-77.07204158056325,5.308391,10
1000,gist,radio,5000,56,-12.191535679067739,-77.05101821795063,0.275639,10
1000,secuencial,radio,5000,56,-12.191535679067739,-77.05101821795063,5.596562,10
1000,rtree,radio,5000,56,-12.191535679067739,-77.05101821795063,0.132965,10
1000,secuencial,radio,5000,57,-12.294982634454936,-76.81606890593824,5.176097,3
1000,rtree,radio,5000,57,-12.294982634454936,-76.81606890593824,0.084251,3
1000,gist,radio,5000,57,-12.294982634454936,-76.81606890593824,0.245278,3
1000,rtree,radio,5000,58,-12.019881116431574,-77.17465856727942,0.120967,7
1000,gist,radio,5000,58,-12.019881116431574,-77.17465856727942,0.235091,7
1000,secuencial,radio,5000,58,-12.019881116431574,-77.17465856727942,5.38668,7
1000,gist,radio,5000,59,-12.083837843908505,-77.21121361001406,0.240453,5
1000,secuencial,radio,5000,59,-12.083837843908505,-77.21121361001406,5.145768,5
1000,rtree,radio,5000,59,-12.083837843908505,-77.21121361001406,0.101069,5
1000,secuencial,radio,5000,60,-11.83936801656191,-77.09299515471804,4.942997,4
1000,rtree,radio,5000,60,-11.83936801656191,-77.09299515471804,0.080646,4
1000,gist,radio,5000,60,-11.83936801656191,-77.09299515471804,0.206373,4
1000,rtree,radio,5000,61,-12.183106547002918,-77.22059613654136,0.109843,8
1000,gist,radio,5000,61,-12.183106547002918,-77.22059613654136,0.236426,8
1000,secuencial,radio,5000,61,-12.183106547002918,-77.22059613654136,5.234162,8
1000,gist,radio,5000,62,-11.964714077146779,-77.17207277242889,0.250625,8
1000,secuencial,radio,5000,62,-11.964714077146779,-77.17207277242889,5.421521,8
1000,rtree,radio,5000,62,-11.964714077146779,-77.17207277242889,0.115203,8
1000,secuencial,radio,5000,63,-12.25109119183904,-76.82654729000366,4.993008,3
1000,rtree,radio,5000,63,-12.25109119183904,-76.82654729000366,0.059425,3
1000,gist,radio,5000,63,-12.25109119183904,-76.82654729000366,0.232943,3
1000,rtree,radio,5000,64,-12.227348909580273,-76.86818152585958,0.112403,7
1000,gist,radio,5000,64,-12.227348909580273,-76.86818152585958,0.239727,7
1000,secuencial,radio,5000,64,-12.227348909580273,-76.86818152585958,5.546947,7
1000,gist,radio,5000,65,-12.025180601663209,-77.05818404136323,0.273937,8
1000,secuencial,radio,5000,65,-12.025180601663209,-77.05818404136323,5.344039,8
1000,rtree,radio,5000,65,-12.025180601663209,-77.05818404136323,0.138892,8
1000,secuencial,radio,5000,66,-11.771840026943192,-76.82079070367021,4.912288,7
1000,rtree,radio,5000,66,-11.771840026943192,-76.82079070367021,0.083847,7
1000,gist,radio,5000,66,-11.771840026943192,-76.82079070367021,0.253091,7
1000,rtree,radio,5000,67,-11.903298489267021,-76.96770565230796,0.116709,5
1000,gist,radio,5000,67,-11.903298489267021,-76.96770565230796,0.228049,5
1000,secuencial,radio,5000,67,-11.903298489267021,-76.96770565230796,5.331267,5
1000,gist,radio,5000,68,-11.84458347945915,-76.96257743655522,0.235164,6
1000,secuencial,radio,5000,68,-11.84458347945915,-76.96257743655522,5.282889,6
1000,rtree,radio,5000,68,-11.84458347945915,-76.96257743655522,0.095944,6
1000,secuencial,radio,5000,69,-11.979264260411975,-77.16776722656559,5.229055,8
1000,rtree,radio,5000,69,-11.979264260411975,-77.16776722656559,0.121811,8
1000,gist,radio,5000,69,-11.979264260411975,-77.16776722656559,0.291842,8
1000,rtree,radio,5000,70,-12.307328894322914,-77.12235407145627,0.131331,10
1000,gist,radio,5000,70,-12.307328894322914,-77.12235407145627,0.236475,10
1000,secuencial,radio,5000,70,-12.307328894322914,-77.12235407145627,5.716396,10
1000,gist,radio,5000,71,-12.246347066569076,-77.03273649701573,0.26216,8
1000,secuencial,radio,5000,71,-12.246347066569076,-77.03273649701573,5.278027,8
1000,rtree,radio,5000,71,-12.246347066569076,-77.03273649701573,0.103792,8
1000,secuencial,radio,5000,72,-11.827264186283267,-77.18280286711541,4.939716,8
1000,rtree,radio,5000,72,-11.827264186283267,-77.18280286711541,0.099853,8
1000,gist,radio,5000,72,-11.827264186283267,-77.18280286711541,0.237282,8
1000,rtree,radio,5000,73,-11.81239852391384,-76.95104457771211,0.094646,4
1000,gist,radio,5000,73,-11.81239852391384,-76.95104457771211,0.215108,4
1000,secuencial,radio,5000,73,-11.81239852391384,-76.95104457771211,5.486347,4
1000,gist,radio,5000,74,-11.936355144311689,-76.87964926824449,0.244838,8
1000,secuencial,radio,5000,74,-11.936355144311689,-76.87964926824449,5.212954,8
1000,rtree,radio,5000,74,-11.936355144311689,-76.87964926824449,0.120715,8
1000,secuencial,radio,5000,75,-11.902374144565027,-76.80139431019622,4.836577,5
1000,rtree,radio,5000,75,-11.902374144565027,-76.80139431019622,0.070865,5
1000,gist,radio,5000,75,-11.902374144565027,-76.80139431019622,0.225366,5
1000,rtree,radio,5000,76,-11.820249617459575,-77.04581136517697,0.106401,9
1000,gist,radio,5000,76,-11.820249617459575,-77.04581136517697,0.216651,9
1000,secuencial,radio,5000,76,-11.820249617459575,-77.04581136517697,5.685821,9
1000,gist,radio,5000,77,-12.177305805147972,-76.92299687024163,0.274065,4
1000,secuencial,radio,5000,77,-12.177305805147972,-76.92299687024163,5.582366,4
1000,rtree,radio,5000,77,-12.177305805147972,-76.92299687024163,0.082566,4
1000,secuencial,radio,5000,78,-12.268299384287044,-77.1243168684586,5.121525,7
1000,rtree,radio,5000,78,-12.268299384287044,-77.1243168684586,0.092854,7
1000,gist,radio,5000,78,-12.268299384287044,-77.1243168684586,0.268568,7
1000,rtree,radio,5000,79,-12.153376433595325,-76.79853117033628,0.096071,4
1000,gist,radio,5000,79,-12.153376433595325,-76.79853117033628,0.235721,4
1000,secuencial,radio,5000,79,-12.153376433595325,-76.79853117033628,5.382099,4
1000,gist,radio,5000,80,-11.992353562357,-76.8022966511219,0.246084,8
1000,secuencial,radio,5000,80,-11.992353562357,-76.8022966511219,5.258568,8
1000,rtree,radio,5000,80,-11.992353562357,-76.8022966511219,0.110361,8
1000,secuencial,radio,5000,81,-11.982462973416517,-77.16970328360398,4.99223,7
1000,rtree,radio,5000,81,-11.982462973416517,-77.16970328360398,0.115359,7
1000,gist,radio,5000,81,-11.982462973416517,-77.16970328360398,0.263207,7
1000,rtree,radio,5000,82,-12.146900692748956,-76.92785642670108,0.097826,5
1000,gist,radio,5000,82,-12.146900692748956,-76.92785642670108,0.231076,5
1000,secuencial,radio,5000,82,-12.146900692748956,-76.92785642670108,5.603108,5
1000,gist,radio,5000,83,-11.848153943762625,-77.19609505846526,0.275296,10
1000,secuencial,radio,5000,83,-11.848153943762625,-77.19609505846526,5.54965,10
1000,rtree,radio,5000,83,-11.848153943762625,-77.19609505846526,0.131632,10
1000,secuencial,radio,5000,84,-11.96096942701325,-77.31935181248366,5.506396,3
1000,rtree,radio,5000,84,-11.96096942701325,-77.31935181248366,0.081323,3
1000,gist,radio,5000,84,-11.96096942701325,-77.31935181248366,0.325634,3
1000,rtree,radio,5000,85,-12.300547114664454,-77.09555684869085,0.150517,8
1000,gist,radio,5000,85,-12.300547114664454,-77.09555684869085,0.306064,8
1000,secuencial,radio,5000,85,-12.300547114664454,-77.09555684869085,5.99232,8
1000,gist,radio,5000,86,-12.29178678439614,-77.13426031557285,0.261347,9
1000,secuencial,radio,5000,86,-12.29178678439614,-77.13426031557285,5.521992,9
1000,rtree,radio,5000,86,-12.29178678439614,-77.13426031557285,0.104715,9
1000,secuencial,radio,5000,87,-12.129607369243198,-77.02309996366162,5.716735,10
1000,rtree,radio,5000,87,-12.129607369243198,-77.02309996366162,0.161387,10
1000,gist,radio,5000,87,-12.129607369243198,-77.02309996366162,0.336557,10
1000,rtree,radio,5000,88,-12.188571188323111,-77.14502175316414,0.157909,9
1000,gist,radio,5000,88,-12.188571188323111,-77.14502175316414,0.310993,9
1000,secuencial,radio,5000,88,-12.188571188323111,-77.14502175316414,5.751502,9
1000,gist,radio,5000,89,-11.859744169120574,-77.07604733374517,0.235466,2
1000,secuencial,radio,5000,89,-11.859744169120574,-77.07604733374517,5.32355,2
1000,rtree,radio,5000,89,-11.859744169120574,-77.07604733374517,0.084813,2
1000,secuencial,radio,5000,90,-12.024714902015914,-76.96605303183892,5.674271,6
1000,rtree,radio,5000,90,-12.024714902015914,-76.96605303183892,0.09488,6
1000,gist,radio,5000,90,-12.024714902015914,-76.96605303183892,0.269492,6
1000,rtree,radio,5000,91,-11.905508232632442,-77.10656813471577,0.113891,7
1000,gist,radio,5000,91,-11.905508232632442,-77.10656813471577,0.236105,7
1000,secuencial,radio,5000,91,-11.905508232632442,-77.10656813471577,5.606429,7
1000,gist,radio,5000,92,-11.901870253561093,-77.11307209242074,0.229363,7
1000,secuencial,radio,5000,92,-11.901870253561093,-77.11307209242074,5.260067,7
1000,rtree,radio,5000,92,-11.901870253561093,-77.11307209242074,0.097019,7
1000,secuencial,radio,5000,93,-12.343516018001337,-76.80015450715057,5.923411,9
1000,rtree,radio,5000,93,-12.343516018001337,-76.80015450715057,0.122598,9
1000,gist,radio,5000,93,-12.343516018001337,-76.80015450715057,0.286602,9
1000,rtree,radio,5000,94,-11.991393905632954,-77.18057562505354,0.122592,7
1000,gist,radio,5000,94,-11.991393905632954,-77.18057562505354,0.265412,7
1000,secuencial,radio,5000,94,-11.991393905632954,-77.18057562505354,5.400384,7
1000,gist,radio,5000,95,-11.952867359702045,-77.27931373026212,0.240706,6
1000,secuencial,radio,5000,95,-11.952867359702045,-77.27931373026212,5.032943,6
1000,rtree,radio,5000,95,-11.952867359702045,-77.27931373026212,0.109466,6
1000,secuencial,radio,5000,96,-11.840522947118483,-76.87926162049457,5.209222,4
1000,rtree,radio,5000,96,-11.840522947118483,-76.87926162049457,0.090725,4
1000,gist,radio,5000,96,-11.840522947118483,-76.87926162049457,0.262993,4
1000,rtree,radio,5000,97,-12.239869721253509,-76.83566256670153,0.093224,5
1000,gist,radio,5000,97,-12.239869721253509,-76.83566256670153,0.236157,5
1000,secuencial,radio,5000,97,-12.239869721253509,-76.83566256670153,5.301473,5
1000,gist,radio,5000,98,-12.207047072243997,-77.0225674397733,0.268798,9
1000,secuencial,radio,5000,98,-12.207047072243997,-77.0225674397733,4.937254,9
1000,rtree,radio,5000,98,-12.207047072243997,-77.0225674397733,0.126487,9
1000,secuencial,radio,5000,99,-12.286744056266315,-76.83456862138426,5.834358,6
1000,rtree,radio,5000,99,-12.286744056266315,-76.83456862138426,0.094356,6
1000,gist,radio,5000,99,-12.286744056266315,-76.83456862138426,0.302976,6
1000,secuencial,radio,10000,0,-12.238351077321237,-77.12323781150685,5.741929,25
1000,rtree,radio,10000,0,-12.238351077321237,-77.12323781150685,0.29335,25
1000,gist,radio,10000,0,-12.238351077321237,-77.12323781150685,0.420951,25
1000,rtree,radio,10000,1,-11.850490175417459,-76.77207450018096,0.326599,23
1000,gist,radio,10000,1,-11.850490175417459,-76.77207450018096,0.372861,23
1000,secuencial,radio,10000,1,-11.850490175417459,-76.77207450018096,5.544085,23
1000,gist,radio,10000,2,-11.819025370683875,-77.03287090378457,0.321277,23
1000,secuencial,radio,10000,2,-11.819025370683875,-77.03287090378457,5.27349,23
1000,rtree,radio,10000,2,-11.819025370683875,-77.03287090378457,0.266344,23
1000,secuencial,radio,10000,3,-11.846049959898656,-76.97530868170429,5.772183,23
1000,rtree,radio,10000,3,-11.846049959898656,-76.97530868170429,0.268334,23
1000,gist,radio,10000,3,-11.846049959898656,-76.97530868170429,0.398557,23
1000,rtree,radio,10000,4,-12.018672930582348,-77.33087166529758,0.320788,24
1000,gist,radio,10000,4,-12.018672930582348,-77.33087166529758,0.359303,24
1000,secuencial,radio,10000,4,-12.018672930582348,-77.33087166529758,5.523075,24
1000,gist,radio,10000,5,-11.82782872109504,-76.90074572228893,0.323373,24
1000,secuencial,radio,10000,5,-11.82782872109504,-76.90074572228893,5.401125,24
1000,rtree,radio,10000,5,-11.82782872109504,-76.90074572228893,0.2939,24
1000,secuencial,radio,10000,6,-11.870590475659505,-77.20118540169999,5.858689,27
1000,rtree,radio,10000,6,-11.870590475659505,-77.20118540169999,0.314327,27
1000,gist,radio,10000,6,-11.870590475659505,-77.20118540169999,0.376125,27
1000,rtree,radio,10000,7,-12.240052897189763,-76.78099844417964,0.258343,18
1000,gist,radio,10000,7,-12.240052897189763,-76.78099844417964,0.320731,18
1000,secuencial,radio,10000,7,-12.240052897189763,-76.78099844417964,5.363243,18
1000,gist,radio,10000,8,-11.883345634396791,-76.89474095860234,0.300137,22
1000,secuencial,radio,10000,8,-11.883345634396791,-76.89474095860234,5.739238,22
1000,rtree,radio,10000,8,-11.883345634396791,-76.89474095860234,0.297679,22
1000,secuencial,radio,10000,9,-12.327192841753288,-77.20271474524674,5.578352,26
1000,rtree,radio,10000,9,-12.327192841753288,-77.20271474524674,0.229597,26
1000,gist,radio,10000,9,-12.327192841753288,-77.20271474524674,0.366867,26
1000,rtree,radio,10000,10,-11.804751645889434,-77.3229261254416,0.275901,24
1000,gist,radio,10000,10,-11.804751645889434,-77.3229261254416,0.314883,24
1000,secuencial,radio,10000,10,-11.804751645889434,-77.3229261254416,5.223234,24
1000,gist,radio,10000,11,-12.006471907703649,-77.15118868947712,0.36187,37
1000,secuencial,radio,10000,11,-12.006471907703649,-77.15118868947712,5.503755,37
1000,rtree,radio,10000,11,-12.006471907703649,-77.15118868947712,0.357536,37
1000,secuencial,radio,10000,12,-12.204956128184476,-77.22040827076262,5.878027,24
1000,rtree,radio,10000,12,-12.204956128184476,-77.22040827076262,0.274446,24
1000,gist,radio,10000,12,-12.204956128184476,-77.22040827076262,0.343395,24
1000,rtree,radio,10000,13,-11.983544025786431,-76.89342975724284,0.234746,23
1000,gist,radio,10000,13,-11.983544025786431,-76.89342975724284,0.305844,23
1000,secuencial,radio,10000,13,-11.983544025786431,-76.89342975724284,5.148722,23
1000,gist,radio,10000,14,-12.168137775782613,-76.76365399284457,0.325195,17
1000,secuencial,radio,10000,14,-12.168137775782613,-76.76365399284457,6.216801,17
1000,rtree,radio,10000,14,-12.168137775782613,-76.76365399284457,0.26842,17
1000,secuencial,radio,10000,15,-12.031430792892165,-76.76351483741132,5.230228,23
1000,rtree,radio,10000,15,-12.031430792892165,-76.76351483741132,0.216136,23
1000,gist,radio,10000,15,-12.031430792892165,-76.76351483741132,0.332974,23
1000,rtree,radio,10000,16,-12.143722726360439,-76.96218807338764,0.291871,30
1000,gist,radio,10000,16,-12.143722726360439,-76.96218807338764,0.331996,30
1000,secuencial,radio,10000,16,-12.143722726360439,-76.96218807338764,5.306454,30
1000,gist,radio,10000,17,-12.307144667383458,-77.17897393043172,0.351491,26
1000,secuencial,radio,10000,17,-12.307144667383458,-77.17897393043172,5.936322,26
1000,rtree,radio,10000,17,-12.307144667383458,-77.17897393043172,0.307819,26
1000,secuencial,radio,10000,18,-12.275183073832562,-76.87578878349431,5.632858,31
1000,rtree,radio,10000,18,-12.275183073832562,-76.87578878349431,0.273536,31
1000,gist,radio,10000,18,-12.275183073832562,-76.87578878349431,0.368604,31
1000,rtree,radio,10000,19,-12.331031714204453,-76.76029307743156,0.28432,25
1000,gist,radio,10000,19,-12.331031714204453,-76.76029307743156,0.317735,25
1000,secuencial,radio,10000,19,-12.331031714204453,-76.76029307743156,6.026117,25
1000,gist,radio,10000,20,-11.875397725776603,-76.8291541495487,0.347782,23
1000,secuencial,radio,10000,20,-11.875397725776603,-76.8291541495487,5.436372,23
1000,rtree,radio,10000,20,-11.875397725776603,-76.8291541495487,0.252705,23
1000,secuencial,radio,10000,21,-12.094163185165952,-77.0237524170421,5.194438,32
1000,rtree,radio,10000,21,-12.094163185165952,-77.0237524170421,0.307521,32
1000,gist,radio,10000,21,-12.094163185165952,-77.0237524170421,0.361693,32
1000,rtree,radio,10000,22,-11.783184404571037,-77.16851570817118,0.307433,26
1000,gist,radio,10000,22,-11.783184404571037,-77.16851570817118,0.345636,26
1000,secuencial,radio,10000,22,-11.783184404571037,-77.16851570817118,5.816908,26
1000,gist,radio,10000,23,-12.330502443992312,-76.8537503501327,0.353689,29
1000,secuencial,radio,10000,23,-12.330502443992312,-76.8537503501327,5.269096,29
1000,rtree,radio,10000,23,-12.330502443992312,-76.8537503501327,0.273932,29
1000,secuencial,radio,10000,24,-11.900554430259245,-77.20850213545228,5.036111,30
1000,rtree,radio,10000,24,-11.900554430259245,-77.20850213545228,0.283182,30
1000,gist,radio,10000,24,-11.900554430259245,-77.20850213545228,0.376181,30
1000,rtree,radio,10000,25,-12.15301049359187,-77.34370037212102,0.385656,41
1000,gist,radio,10000,25,-12.15301049359187,-77.34370037212102,0.361872,41
1000,secuencial,radio,10000,25,-12.15301049359187,-77.34370037212102,5.597922,41
1000,gist,radio,10000,26,-12.293144129217822,-77.07461271258023,0.32383,31
1000,secuencial,radio,10000,26,-12.293144129217822,-77.07461271258023,5.22866,31
1000,rtree,radio,10000,26,-12.293144129217822,-77.07461271258023,0.270552,31
1000,secuencial,radio,10000,27,-11.917813405015332,-76.94828426493639,5.017291,26
1000,rtree,radio,10000,27,-11.917813405015332,-76.94828426493639,0.282506,26
1000,gist,radio,10000,27,-11.917813405015332,-76.94828426493639,0.337897,26
1000,rtree,radio,10000,28,-11.818228970587194,-76.80459168279988,0.258056,26
1000,gist,radio,10000,28,-11.818228970587194,-76.80459168279988,0.325686,26
1000,secuencial,radio,10000,28,-11.818228970587194,-76.80459168279988,5.288607,26
1000,gist,radio,10000,29,-12.042185620553866,-77.11980561484417,0.299455,27
1000,secuencial,radio,10000,29,-12.042185620553866,-77.11980561484417,5.067903,27
1000,rtree,radio,10000,29,-12.042185620553866,-77.11980561484417,0.269367,27
1000,secuencial,radio,10000,30,-11.902732805706265,-77.03636139279664,5.667405,29
1000,rtree,radio,10000,30,-11.902732805706265,-77.03636139279664,0.308636,29
1000,gist,radio,10000,30,-11.902732805706265,-77.03636139279664,0.414294,29
1000,rtree,radio,10000,31,-12.186853482191264,-76.84128098061892,0.250891,18
1000,gist,radio,10000,31,-12.186853482191264,-76.84128098061892,0.339212,18
1000,secuencial,radio,10000,31,-12.186853482191264,-76.84128098061892,5.355567,18
1000,gist,radio,10000,32,-12.189446986329225,-77.16652946042049,0.300031,25
1000,secuencial,radio,10000,32,-12.189446986329225,-77.16652946042049,5.157274,25
1000,rtree,radio,10000,32,-12.189446986329225,-77.16652946042049,0.252604,25
1000,secuencial,radio,10000,33,-11.945495129433406,-77.24486016155174,5.897818,32
1000,rtree,radio,10000,33,-11.945495129433406,-77.24486016155174,0.289734,32
1000,gist,radio,10000,33,-11.945495129433406,-77.24486016155174,0.373982,32
1000,rtree,radio,10000,34,-12.111007007944645,-77.09678326136346,0.362569,28
1000,gist,radio,10000,34,-12.111007007944645,-77.09678326136346,0.347192,28
1000,secuencial,radio,10000,34,-12.111007007944645,-77.09678326136346,5.311375,28
1000,gist,radio,10000,35,-12.246784988834966,-77.04539195581248,0.313531,26
1000,secuencial,radio,10000,35,-12.246784988834966,-77.04539195581248,5.142905,26
1000,rtree,radio,10000,35,-12.246784988834966,-77.04539195581248,0.283707,26
1000,secuencial,radio,10000,36,-11.7733098213026,-77.17743749839795,5.66542,28
1000,rtree,radio,10000,36,-11.7733098213026,-77.17743749839795,0.262525,28
1000,gist,radio,10000,36,-11.7733098213026,-77.17743749839795,0.336216,28
1000,rtree,radio,10000,37,-11.82173238373891,-77.29849310502613,0.298939,26
1000,gist,radio,10000,37,-11.82173238373891,-77.29849310502613,0.320419,26
1000,secuencial,radio,10000,37,-11.82173238373891,-77.29849310502613,5.066798,26
1000,gist,radio,10000,38,-12.114192250590465,-77.08818305290185,0.326891,27
1000,secuencial,radio,10000,38,-12.114192250590465,-77.08818305290185,5.069348,27
1000,rtree,radio,10000,38,-12.114192250590465,-77.08818305290185,0.336216,27
1000,secuencial,radio,10000,39,-11.803259205184059,-77.14440962222349,5.653168,22
1000,rtree,radio,10000,39,-11.803259205184059,-77.14440962222349,0.294709,22
1000,gist,radio,10000,39,-11.803259205184059,-77.14440962222349,0.363426,22
1000,rtree,radio,10000,40,-11.800873761006581,-77.30335267873973,0.28269,24
1000,gist,radio,10000,40,-11.800873761006581,-77.30335267873973,0.327858,24
1000,secuencial,radio,10000,40,-11.800873761006581,-77.30335267873973,5.512707,24
1000,gist,radio,10000,41,-12.32727857289679,-76.77814936880871,0.377249,26
1000,secuencial,radio,10000,41,-12.32727857289679,-76.77814936880871,6.682859,26
1000,rtree,radio,10000,41,-12.32727857289679,-76.77814936880871,0.309908,26
1000,secuencial,radio,10000,42,-11.969126917924573,-76.90016836300424,5.718552,23
1000,rtree,radio,10000,42,-11.969126917924573,-76.90016836300424,0.276901,23
1000,gist,radio,10000,42,-11.969126917924573,-76.90016836300424,0.35179,23
1000,rtree,radio,10000,43,-12.182985570001266,-76.86518920491838,0.25414,24
1000,gist,radio,10000,43,-12.182985570001266,-76.86518920491838,0.345372,24
1000,secuencial,radio,10000,43,-12.182985570001266,-76.86518920491838,5.417121,24
1000,gist,radio,10000,44,-12.243231108605903,-76.78957127246358,0.34869,16
1000,secuencial,radio,10000,44,-12.243231108605903,-76.78957127246358,5.657476,16
1000,rtree,radio,10000,44,-12.243231108605903,-76.78957127246358,0.253629,16
1000,secuencial,radio,10000,45,-12.045162976892575,-77.1478909274555,5.341468,28
1000,rtree,radio,10000,45,-12.045162976892575,-77.1478909274555,0.300596,28
1000,gist,radio,10000,45,-12.045162976892575,-77.1478909274555,0.359644,28
1000,rtree,radio,10000,46,-12.153660746768656,-77.12241798868614,0.258809,25
1000,gist,radio,10000,46,-12.153660746768656,-77.12241798868614,0.308292,25
1000,secuencial,radio,10000,46,-12.153660746768656,-77.12241798868614,5.968006,25
1000,gist,radio,10000,47,-12.261113789014654,-77.20446391162345,0.448029,23
1000,secuencial,radio,10000,47,-12.261113789014654,-77.20446391162345,6.087703,23
1000,rtree,radio,10000,47,-12.261113789014654,-77.20446391162345,0.270112,23
1000,secuencial,radio,10000,48,-11.911772000063623,-76.79765223136404,5.179136,24
1000,rtree,radio,10000,48,-11.911772000063623,-76.79765223136404,0.254668,24
1000,gist,radio,10000,48,-11.911772000063623,-76.79765223136404,0.31983,24
1000,rtree,radio,10000,49,-12.08433823364092,-77.08248518061632,0.337284,29
1000,gist,radio,10000,49,-12.08433823364092,-77.08248518061632,0.373244,29
1000,secuencial,radio,10000,49,-12.08433823364092,-77.08248518061632,5.750776,29
1000,gist,radio,10000,50,-12.018703684582047,-77.0827390512618,0.332838,33
1000,secuencial,radio,10000,50,-12.018703684582047,-77.0827390512618,5.154448,33
1000,rtree,radio,10000,50,-12.018703684582047,-77.0827390512618,0.29734,33
1000,secuencial,radio,10000,51,-12.236491560433548,-76.89427507131919,4.859047,31
1000,rtree,radio,10000,51,-12.236491560433548,-76.89427507131919,0.241336,31
1000,gist,radio,10000,51,-12.236491560433548,-76.89427507131919,0.35875,31
1000,rtree,radio,10000,52,-11.774796910789586,-77.00025470806015,0.2489,29
1000,gist,radio,10000,52,-11.774796910789586,-77.00025470806015,0.312404,29
1000,secuencial,radio,10000,52,-11.774796910789586,-77.00025470806015,5.953012,29
1000,gist,radio,10000,53,-12.046124721526658,-77.31449342849712,0.337267,31
1000,secuencial,radio,10000,53,-12.046124721526658,-77.31449342849712,5.542499,31
1000,rtree,radio,10000,53,-12.046124721526658,-77.31449342849712,0.279826,31
1000,secuencial,radio,10000,54,-11.842702704287872,-76.98969897455655,5.460892,26
1000,rtree,radio,10000,54,-11.842702704287872,-76.98969897455655,0.286141,26
1000,gist,radio,10000,54,-11.842702704287872,-76.98969897455655,0.375864,26
1000,rtree,radio,10000,55,-12.012885837600235,-77.07204158056325,0.387425,31
1000,gist,radio,10000,55,-12.012885837600235,-77.07204158056325,0.43481,31
1000,secuencial,radio,10000,55,-12.012885837600235,-77.07204158056325,5.466483,31
1000,gist,radio,10000,56,-12.191535679067739,-77.05101821795063,0.33122,28
1000,secuencial,radio,10000,56,-12.191535679067739,-77.05101821795063,5.334165,28
1000,rtree,radio,10000,56,-12.191535679067739,-77.05101821795063,0.263161,28
1000,secuencial,radio,10000,57,-12.294982634454936,-76.81606890593824,5.505399,25
1000,rtree,radio,10000,57,-12.294982634454936,-76.81606890593824,0.278127,25
1000,gist,radio,10000,57,-12.294982634454936,-76.81606890593824,0.359656,25
1000,rtree,radio,10000,58,-12.019881116431574,-77.17465856727942,0.364636,36
1000,gist,radio,10000,58,-12.019881116431574,-77.17465856727942,0.36027,36
1000,secuencial,radio,10000,58,-12.019881116431574,-77.17465856727942,5.269384,36
1000,gist,radio,10000,59,-12.083837843908505,-77.21121361001406,0.302985,32
1000,secuencial,radio,10000,59,-12.083837843908505,-77.21121361001406,5.042995,32
1000,rtree,radio,10000,59,-12.083837843908505,-77.21121361001406,0.275102,32
1000,secuencial,radio,10000,60,-11.83936801656191,-77.09299515471804,5.44525,22
1000,rtree,radio,10000,60,-11.83936801656191,-77.09299515471804,0.295294,22
1000,gist,radio,10000,60,-11.83936801656191,-77.09299515471804,0.348128,22
1000,rtree,radio,10000,61,-12.183106547002918,-77.22059613654136,0.308075,31
1000,gist,radio,10000,61,-12.183106547002918,-77.22059613654136,0.338006,31
1000,secuencial,radio,10000,61,-12.183106547002918,-77.22059613654136,5.352675,31
1000,gist,radio,10000,62,-11.964714077146779,-77.17207277242889,0.388142,32
1000,secuencial,radio,10000,62,-11.964714077146779,-77.17207277242889,5.597539,32
1000,rtree,radio,10000,62,-11.964714077146779,-77.17207277242889,0.40793,32
1000,secuencial,radio,10000,63,-12.25109119183904,-76.82654729000366,6.136449,24
1000,rtree,radio,10000,63,-12.25109119183904,-76.82654729000366,0.243277,24
1000,gist,radio,10000,63,-12.25109119183904,-76.82654729000366,0.345495,24
1000,rtree,radio,10000,64,-12.227348909580273,-76.86818152585958,0.283136,24
1000,gist,radio,10000,64,-12.227348909580273,-76.86818152585958,0.32,24
1000,secuencial,radio,10000,64,-12.227348909580273,-76.86818152585958,5.132206,24
1000,gist,radio,10000,65,-12.025180601663209,-77.05818404136323,0.300153,28
1000,secuencial,radio,10000,65,-12.025180601663209,-77.05818404136323,5.17467,28
1000,rtree,radio,10000,65,-12.025180601663209,-77.05818404136323,0.305263,28
1000,secuencial,radio,10000,66,-11.771840026943192,-76.82079070367021,5.194702,27
1000,rtree,radio,10000,66,-11.771840026943192,-76.82079070367021,0.255835,27
1000,gist,radio,10000,66,-11.771840026943192,-76.82079070367021,0.366088,27
1000,rtree,radio,10000,67,-11.903298489267021,-76.96770565230796,0.25941,27
1000,gist,radio,10000,67,-11.903298489267021,-76.96770565230796,0.307756,27
1000,secuencial,radio,10000,67,-11.903298489267021,-76.96770565230796,5.320102,27
1000,gist,radio,10000,68,-11.84458347945915,-76.96257743655522,0.324057,25
1000,secuencial,radio,10000,68,-11.84458347945915,-76.96257743655522,5.509184,25
1000,rtree,radio,10000,68,-11.84458347945915,-76.96257743655522,0.288572,25
1000,secuencial,radio,10000,69,-11.979264260411975,-77.16776722656559,5.507377,34
1000,rtree,radio,10000,69,-11.979264260411975,-77.16776722656559,0.346465,34
1000,gist,radio,10000,69,-11.979264260411975,-77.16776722656559,0.365957,34
1000,rtree,radio,10000,70,-12.307328894322914,-77.12235407145627,0.26149,26
1000,gist,radio,10000,70,-12.307328894322914,-77.12235407145627,0.316904,26
1000,secuencial,radio,10000,70,-12.307328894322914,-77.12235407145627,5.296389,26
1000,gist,radio,10000,71,-12.246347066569076,-77.03273649701573,0.317515,28
1000,secuencial,radio,10000,71,-12.246347066569076,-77.03273649701573,5.721127,28
1000,rtree,radio,10000,71,-12.246347066569076,-77.03273649701573,0.29212,28
1000,secuencial,radio,10000,72,-11.827264186283267,-77.18280286711541,5.385396,24
1000,rtree,radio,10000,72,-11.827264186283267,-77.18280286711541,0.255643,24
1000,gist,radio,10000,72,-11.827264186283267,-77.18280286711541,0.359495,24
1000,rtree,radio,10000,73,-11.81239852391384,-76.95104457771211,0.335864,29
1000,gist,radio,10000,73,-11.81239852391384,-76.95104457771211,0.369299,29
1000,secuencial,radio,10000,73,-11.81239852391384,-76.95104457771211,6.221316,29
1000,gist,radio,10000,74,-11.936355144311689,-76.87964926824449,0.437752,24
1000,secuencial,radio,10000,74,-11.936355144311689,-76.87964926824449,6.194406,24
1000,rtree,radio,10000,74,-11.936355144311689,-76.87964926824449,0.262575,24
1000,secuencial,radio,10000,75,-11.902374144565027,-76.80139431019622,5.348091,24
1000,rtree,radio,10000,75,-11.902374144565027,-76.80139431019622,0.235636,24
1000,gist,radio,10000,75,-11.902374144565027,-76.80139431019622,0.313,24
1000,rtree,radio,10000,76,-11.820249617459575,-77.04581136517697,0.25743,24
1000,gist,radio,10000,76,-11.820249617459575,-77.04581136517697,0.313476,24
1000,secuencial,radio,10000,76,-11.820249617459575,-77.04581136517697,5.486381,24
1000,gist,radio,10000,77,-12.177305805147972,-76.92299687024163,0.393071,29
1000,secuencial,radio,10000,77,-12.177305805147972,-76.92299687024163,5.548149,29
1000,rtree,radio,10000,77,-12.177305805147972,-76.92299687024163,0.306868,29
1000,secuencial,radio,10000,78,-12.268299384287044,-77.1243168684586,5.226081,26
1000,rtree,radio,10000,78,-12.268299384287044,-77.1243168684586,0.229077,26
1000,gist,radio,10000,78,-12.268299384287044,-77.1243168684586,0.365604,26
1000,rtree,radio,10000,79,-12.153376433595325,-76.79853117033628,0.233003,18
1000,gist,radio,10000,79,-12.153376433595325,-76.79853117033628,0.297141,18
1000,secuencial,radio,10000,79,-12.153376433595325,-76.79853117033628,6.026554,18
1000,gist,radio,10000,80,-11.992353562357,-76.8022966511219,0.307959,26
1000,secuencial,radio,10000,80,-11.992353562357,-76.8022966511219,5.347229,26
1000,rtree,radio,10000,80,-11.992353562357,-76.8022966511219,0.260116,26
1000,secuencial,radio,10000,81,-11.982462973416517,-77.16970328360398,5.302564,34
1000,rtree,radio,10000,81,-11.982462973416517,-77.16970328360398,0.36046,34
1000,gist,radio,10000,81,-11.982462973416517,-77.16970328360398,0.39896,34
1000,rtree,radio,10000,82,-12.146900692748956,-76.92785642670108,0.350477,29
1000,gist,radio,10000,82,-12.146900692748956,-76.92785642670108,0.389706,29
1000,secuencial,radio,10000,82,-12.146900692748956,-76.92785642670108,5.342574,29
1000,gist,radio,10000,83,-11.848153943762625,-77.19609505846526,0.335363,26
1000,secuencial,radio,10000,83,-11.848153943762625,-77.19609505846526,5.262535,26
1000,rtree,radio,10000,83,-11.848153943762625,-77.19609505846526,0.278995,26
1000,secuencial,radio,10000,84,-11.96096942701325,-77.31935181248366,5.289049,25
1000,rtree,radio,10000,84,-11.96096942701325,-77.31935181248366,0.288928,25
1000,gist,radio,10000,84,-11.96096942701325,-77.31935181248366,0.425818,25
1000,rtree,radio,10000,85,-12.300547114664454,-77.09555684869085,0.350896,28
1000,gist,radio,10000,85,-12.300547114664454,-77.09555684869085,0.391493,28
1000,secuencial,radio,10000,85,-12.300547114664454,-77.09555684869085,6.045028,28
1000,gist,radio,10000,86,-12.29178678439614,-77.13426031557285,0.339076,27
1000,secuencial,radio,10000,86,-12.29178678439614,-77.13426031557285,5.793758,27
1000,rtree,radio,10000,86,-12.29178678439614,-77.13426031557285,0.297293,27
1000,secuencial,radio,10000,87,-12.129607369243198,-77.02309996366162,6.532671,29
1000,rtree,radio,10000,87,-12.129607369243198,-77.02309996366162,0.365364,29
1000,gist,radio,10000,87,-12.129607369243198,-77.02309996366162,0.490176,29
1000,rtree,radio,10000,88,-12.188571188323111,-77.14502175316414,0.328208,26
1000,gist,radio,10000,88,-12.188571188323111,-77.14502175316414,0.384019,26
1000,secuencial,radio,10000,88,-12.188571188323111,-77.14502175316414,6.686936,26
1000,gist,radio,10000,89,-11.859744169120574,-77.07604733374517,0.379642,22
1000,secuencial,radio,10000,89,-11.859744169120574,-77.07604733374517,7.106169,22
1000,rtree,radio,10000,89,-11.859744169120574,-77.07604733374517,0.418665,22
1000,secuencial,radio,10000,90,-12.024714902015914,-76.96605303183892,6.746662,29
1000,rtree,radio,10000,90,-12.024714902015914,-76.96605303183892,0.337456,29
1000,gist,radio,10000,90,-12.024714902015914,-76.96605303183892,0.413367,29
1000,rtree,radio,10000,91,-11.905508232632442,-77.10656813471577,0.357169,25
1000,gist,radio,10000,91,-11.905508232632442,-77.10656813471577,0.374018,25
1000,secuencial,radio,10000,91,-11.905508232632442,-77.10656813471577,6.059756,25
1000,gist,radio,10000,92,-11.901870253561093,-77.11307209242074,0.405776,28
1000,secuencial,radio,10000,92,-11.901870253561093,-77.11307209242074,5.489633,28
1000,rtree,radio,10000,92,-11.901870253561093,-77.11307209242074,0.322437,28
1000,secuencial,radio,10000,93,-12.343516018001337,-76.80015450715057,5.684813,26
1000,rtree,radio,10000,93,-12.343516018001337,-76.80015450715057,0.276199,26
1000,gist,radio,10000,93,-12.343516018001337,-76.80015450715057,0.391772,26
1000,rtree,radio,10000,94,-11.991393905632954,-77.18057562505354,0.38637,37
1000,gist,radio,10000,94,-11.991393905632954,-77.18057562505354,0.417496,37
1000,secuencial,radio,10000,94,-11.991393905632954,-77.18057562505354,6.668783,37
1000,gist,radio,10000,95,-11.952867359702045,-77.27931373026212,0.374367,25
1000,secuencial,radio,10000,95,-11.952867359702045,-77.27931373026212,5.682404,25
1000,rtree,radio,10000,95,-11.952867359702045,-77.27931373026212,0.307676,25
1000,secuencial,radio,10000,96,-11.840522947118483,-76.87926162049457,5.604023,24
1000,rtree,radio,10000,96,-11.840522947118483,-76.87926162049457,0.296235,24
1000,gist,radio,10000,96,-11.840522947118483,-76.87926162049457,0.511811,24
1000,rtree,radio,10000,97,-12.239869721253509,-76.83566256670153,0.326997,23
1000,gist,radio,10000,97,-12.239869721253509,-76.83566256670153,0.442328,23
1000,secuencial,radio,10000,97,-12.239869721253509,-76.83566256670153,6.040981,23
1000,gist,radio,10000,98,-12.207047072243997,-77.0225674397733,0.366133,31
1000,secuencial,radio,10000,98,-12.207047072243997,-77.0225674397733,5.941544,31
1000,rtree,radio,10000,98,-12.207047072243997,-77.0225674397733,0.315963,31
1000,secuencial,radio,10000,99,-12.286744056266315,-76.83456862138426,6.275217,25
1000,rtree,radio,10000,99,-12.286744056266315,-76.83456862138426,0.275798,25
1000,gist,radio,10000,99,-12.286744056266315,-76.83456862138426,0.419034,25
1000,secuencial,knn,10,0,-12.238351077321237,-77.12323781150685,6.303469,10
1000,rtree,knn,10,0,-12.238351077321237,-77.12323781150685,0.544656,10
1000,gist,knn,10,0,-12.238351077321237,-77.12323781150685,0.247554,10
1000,rtree,knn,10,1,-11.850490175417459,-76.77207450018096,0.474937,10
1000,gist,knn,10,1,-11.850490175417459,-76.77207450018096,0.203325,10
1000,secuencial,knn,10,1,-11.850490175417459,-76.77207450018096,5.571154,10
1000,gist,knn,10,2,-11.819025370683875,-77.03287090378457,0.181881,10
1000,secuencial,knn,10,2,-11.819025370683875,-77.03287090378457,5.491162,10
1000,rtree,knn,10,2,-11.819025370683875,-77.03287090378457,0.395551,10
1000,secuencial,knn,10,3,-11.846049959898656,-76.97530868170429,5.846157,10
1000,rtree,knn,10,3,-11.846049959898656,-76.97530868170429,0.392221,10
1000,gist,knn,10,3,-11.846049959898656,-76.97530868170429,0.188365,10
1000,rtree,knn,10,4,-12.018672930582348,-77.33087166529758,0.469237,10
1000,gist,knn,10,4,-12.018672930582348,-77.33087166529758,0.161668,10
1000,secuencial,knn,10,4,-12.018672930582348,-77.33087166529758,5.427108,10
1000,gist,knn,10,5,-11.82782872109504,-76.90074572228893,0.190733,10
1000,secuencial,knn,10,5,-11.82782872109504,-76.90074572228893,5.699461,10
1000,rtree,knn,10,5,-11.82782872109504,-76.90074572228893,0.568695,10
1000,secuencial,knn,10,6,-11.870590475659505,-77.20118540169999,5.609128,10
1000,rtree,knn,10,6,-11.870590475659505,-77.20118540169999,0.445061,10
1000,gist,knn,10,6,-11.870590475659505,-77.20118540169999,0.196991,10
1000,rtree,knn,10,7,-12.240052897189763,-76.78099844417964,0.519115,10
1000,gist,knn,10,7,-12.240052897189763,-76.78099844417964,0.17647,10
1000,secuencial,knn,10,7,-12.240052897189763,-76.78099844417964,5.478314,10
1000,gist,knn,10,8,-11.883345634396791,-76.89474095860234,0.182733,10
1000,secuencial,knn,10,8,-11.883345634396791,-76.89474095860234,6.16388,10
1000,rtree,knn,10,8,-11.883345634396791,-76.89474095860234,0.585366,10
1000,secuencial,knn,10,9,-12.327192841753288,-77.20271474524674,5.505397,10
1000,rtree,knn,10,9,-12.327192841753288,-77.20271474524674,0.484124,10
1000,gist,knn,10,9,-12.327192841753288,-77.20271474524674,0.160652,10
1000,rtree,knn,10,10,-11.804751645889434,-77.3229261254416,0.554012,10
1000,gist,knn,10,10,-11.804751645889434,-77.3229261254416,0.160945,10
1000,secuencial,knn,10,10,-11.804751645889434,-77.3229261254416,5.601426,10
1000,gist,knn,10,11,-12.006471907703649,-77.15118868947712,0.190375,10
1000,secuencial,knn,10,11,-12.006471907703649,-77.15118868947712,5.475439,10
1000,rtree,knn,10,11,-12.006471907703649,-77.15118868947712,0.49841,10
1000,secuencial,knn,10,12,-12.204956128184476,-77.22040827076262,5.346345,10
1000,rtree,knn,10,12,-12.204956128184476,-77.22040827076262,0.462224,10
1000,gist,knn,10,12,-12.204956128184476,-77.22040827076262,0.189266,10
1000,rtree,knn,10,13,-11.983544025786431,-76.89342975724284,0.515677,10
1000,gist,knn,10,13,-11.983544025786431,-76.89342975724284,0.181877,10
1000,secuencial,knn,10,13,-11.983544025786431,-76.89342975724284,5.764066,10
1000,gist,knn,10,14,-12.168137775782613,-76.76365399284457,0.181321,10
1000,secuencial,knn,10,14,-12.168137775782613,-76.76365399284457,5.416862,10
1000,rtree,knn,10,14,-12.168137775782613,-76.76365399284457,0.540516,10
1000,secuencial,knn,10,15,-12.031430792892165,-76.76351483741132,5.141282,10
1000,rtree,knn,10,15,-12.031430792892165,-76.76351483741132,0.519706,10
1000,gist,knn,10,15,-12.031430792892165,-76.76351483741132,0.180011,10
1000,rtree,knn,10,16,-12.143722726360439,-76.96218807338764,0.496666,10
1000,gist,knn,10,16,-12.143722726360439,-76.96218807338764,0.157156,10
1000,secuencial,knn,10,16,-12.143722726360439,-76.96218807338764,5.845868,10
1000,gist,knn,10,17,-12.307144667383458,-77.17897393043172,0.167197,10
1000,secuencial,knn,10,17,-12.307144667383458,-77.17897393043172,5.391978,10
1000,rtree,knn,10,17,-12.307144667383458,-77.17897393043172,0.393952,10
1000,secuencial,knn,10,18,-12.275183073832562,-76.87578878349431,5.814812,10
1000,rtree,knn,10,18,-12.275183073832562,-76.87578878349431,0.55948,10
1000,gist,knn,10,18,-12.275183073832562,-76.87578878349431,0.286179,10
1000,rtree,knn,10,19,-12.331031714204453,-76.76029307743156,0.712421,10
1000,gist,knn,10,19,-12.331031714204453,-76.76029307743156,0.225226,10
1000,secuencial,knn,10,19,-12.331031714204453,-76.76029307743156,6.073235,10
1000,gist,knn,10,20,-11.875397725776603,-76.8291541495487,0.186131,10
1000,secuencial,knn,10,20,-11.875397725776603,-76.8291541495487,5.520367,10
1000,rtree,knn,10,20,-11.875397725776603,-76.8291541495487,0.497828,10
1000,secuencial,knn,10,21,-12.094163185165952,-77.0237524170421,5.764431,10
1000,rtree,knn,10,21,-12.094163185165952,-77.0237524170421,0.531879,10
1000,gist,knn,10,21,-12.094163185165952,-77.0237524170421,0.195902,10
1000,rtree,knn,10,22,-11.783184404571037,-77.16851570817118,0.576282,10
1000,gist,knn,10,22,-11.783184404571037,-77.16851570817118,0.189885,10
1000,secuencial,knn,10,22,-11.783184404571037,-77.16851570817118,5.302407,10
1000,gist,knn,10,23,-12.330502443992312,-76.8537503501327,0.170067,10
1000,secuencial,knn,10,23,-12.330502443992312,-76.8537503501327,5.249723,10
1000,rtree,knn,10,23,-12.330502443992312,-76.8537503501327,0.462902,10
1000,secuencial,knn,10,24,-11.900554430259245,-77.20850213545228,5.960245,10
1000,rtree,knn,10,24,-11.900554430259245,-77.20850213545228,0.306989,10
1000,gist,knn,10,24,-11.900554430259245,-77.20850213545228,0.196998,10
1000,rtree,knn,10,25,-12.15301049359187,-77.34370037212102,0.375523,10
1000,gist,knn,10,25,-12.15301049359187,-77.34370037212102,0.156458,10
1000,secuencial,knn,10,25,-12.15301049359187,-77.34370037212102,5.337192,10
1000,gist,knn,10,26,-12.293144129217822,-77.07461271258023,0.158327,10
1000,secuencial,knn,10,26,-12.293144129217822,-77.07461271258023,5.511732,10
1000,rtree,knn,10,26,-12.293144129217822,-77.07461271258023,0.607761,10
1000,secuencial,knn,10,27,-11.917813405015332,-76.94828426493639,5.578579,10
1000,rtree,knn,10,27,-11.917813405015332,-76.94828426493639,0.419332,10
1000,gist,knn,10,27,-11.917813405015332,-76.94828426493639,0.184298,10
1000,rtree,knn,10,28,-11.818228970587194,-76.80459168279988,0.543803,10
1000,gist,knn,10,28,-11.818228970587194,-76.80459168279988,0.179599,10
1000,secuencial,knn,10,28,-11.818228970587194,-76.80459168279988,5.120433,10
1000,gist,knn,10,29,-12.042185620553866,-77.11980561484417,0.155431,10
1000,secuencial,knn,10,29,-12.042185620553866,-77.11980561484417,5.606491,10
1000,rtree,knn,10,29,-12.042185620553866,-77.11980561484417,0.720989,10
1000,secuencial,knn,10,30,-11.902732805706265,-77.03636139279664,5.382482,10
1000,rtree,knn,10,30,-11.902732805706265,-77.03636139279664,0.372362,10
1000,gist,knn,10,30,-11.902732805706265,-77.03636139279664,0.176344,10
1000,rtree,knn,10,31,-12.186853482191264,-76.84128098061892,0.530228,10
1000,gist,knn,10,31,-12.186853482191264,-76.84128098061892,0.152257,10
1000,secuencial,knn,10,31,-12.186853482191264,-76.84128098061892,4.966734,10
1000,gist,knn,10,32,-12.189446986329225,-77.16652946042049,0.174507,10
1000,secuencial,knn,10,32,-12.189446986329225,-77.16652946042049,5.905176,10
1000,rtree,knn,10,32,-12.189446986329225,-77.16652946042049,0.441019,10
1000,secuencial,knn,10,33,-11.945495129433406,-77.24486016155174,5.572288,10
1000,rtree,knn,10,33,-11.945495129433406,-77.24486016155174,0.586103,10
1000,gist,knn,10,33,-11.945495129433406,-77.24486016155174,0.191073,10
1000,rtree,knn,10,34,-12.111007007944645,-77.09678326136346,0.625486,10
1000,gist,knn,10,34,-12.111007007944645,-77.09678326136346,0.156985,10
1000,secuencial,knn,10,34,-12.111007007944645,-77.09678326136346,5.436395,10
1000,gist,knn,10,35,-12.246784988834966,-77.04539195581248,0.196171,10
1000,secuencial,knn,10,35,-12.246784988834966,-77.04539195581248,5.853616,10
1000,rtree,knn,10,35,-12.246784988834966,-77.04539195581248,0.449315,10
1000,secuencial,knn,10,36,-11.7733098213026,-77.17743749839795,5.186909,10
1000,rtree,knn,10,36,-11.7733098213026,-77.17743749839795,0.494093,10
1000,gist,knn,10,36,-11.7733098213026,-77.17743749839795,0.178016,10
1000,rtree,knn,10,37,-11.82173238373891,-77.29849310502613,0.537788,10
1000,gist,knn,10,37,-11.82173238373891,-77.29849310502613,0.158463,10
1000,secuencial,knn,10,37,-11.82173238373891,-77.29849310502613,5.255765,10
1000,gist,knn,10,38,-12.114192250590465,-77.08818305290185,0.172417,10
1000,secuencial,knn,10,38,-12.114192250590465,-77.08818305290185,5.081734,10
1000,rtree,knn,10,38,-12.114192250590465,-77.08818305290185,0.574335,10
1000,secuencial,knn,10,39,-11.803259205184059,-77.14440962222349,4.989802,10
1000,rtree,knn,10,39,-11.803259205184059,-77.14440962222349,0.689498,10
1000,gist,knn,10,39,-11.803259205184059,-77.14440962222349,0.219091,10
1000,rtree,knn,10,40,-11.800873761006581,-77.30335267873973,0.725842,10
1000,gist,knn,10,40,-11.800873761006581,-77.30335267873973,0.182119,10
1000,secuencial,knn,10,40,-11.800873761006581,-77.30335267873973,6.689084,10
1000,gist,knn,10,41,-12.32727857289679,-76.77814936880871,0.182177,10
1000,secuencial,knn,10,41,-12.32727857289679,-76.77814936880871,5.56583,10
1000,rtree,knn,10,41,-12.32727857289679,-76.77814936880871,0.477209,10
1000,secuencial,knn,10,42,-11.969126917924573,-76.90016836300424,5.36651,10
1000,rtree,knn,10,42,-11.969126917924573,-76.90016836300424,0.575401,10
1000,gist,knn,10,42,-11.969126917924573,-76.90016836300424,0.211439,10
1000,rtree,knn,10,43,-12.182985570001266,-76.86518920491838,0.511377,10
1000,gist,knn,10,43,-12.182985570001266,-76.86518920491838,0.204125,10
1000,secuencial,knn,10,43,-12.182985570001266,-76.86518920491838,5.486947,10
1000,gist,knn,10,44,-12.243231108605903,-76.78957127246358,0.154785,10
1000,secuencial,knn,10,44,-12.243231108605903,-76.78957127246358,5.218362,10
1000,rtree,knn,10,44,-12.243231108605903,-76.78957127246358,0.466494,10
1000,secuencial,knn,10,45,-12.045162976892575,-77.1478909274555,5.557063,10
1000,rtree,knn,10,45,-12.045162976892575,-77.1478909274555,0.489914,10
1000,gist,knn,10,45,-12.045162976892575,-77.1478909274555,0.240249,10
1000,rtree,knn,10,46,-12.153660746768656,-77.12241798868614,0.743786,10
1000,gist,knn,10,46,-12.153660746768656,-77.12241798868614,0.18383,10
1000,secuencial,knn,10,46,-12.153660746768656,-77.12241798868614,5.765233,10
1000,gist,knn,10,47,-12.261113789014654,-77.20446391162345,0.183639,10
1000,secuencial,knn,10,47,-12.261113789014654,-77.20446391162345,5.457,10
1000,rtree,knn,10,47,-12.261113789014654,-77.20446391162345,0.596843,10
1000,secuencial,knn,10,48,-11.911772000063623,-76.79765223136404,5.963423,10
1000,rtree,knn,10,48,-11.911772000063623,-76.79765223136404,0.440208,10
1000,gist,knn,10,48,-11.911772000063623,-76.79765223136404,0.207607,10
1000,rtree,knn,10,49,-12.08433823364092,-77.08248518061632,0.742747,10
1000,gist,knn,10,49,-12.08433823364092,-77.08248518061632,0.167205,10
1000,secuencial,knn,10,49,-12.08433823364092,-77.08248518061632,5.563045,10
1000,gist,knn,10,50,-12.018703684582047,-77.0827390512618,0.173895,10
1000,secuencial,knn,10,50,-12.018703684582047,-77.0827390512618,5.810507,10
1000,rtree,knn,10,50,-12.018703684582047,-77.0827390512618,0.700412,10
1000,secuencial,knn,10,51,-12.236491560433548,-76.89427507131919,5.589552,10
1000,rtree,knn,10,51,-12.236491560433548,-76.89427507131919,0.323442,10
1000,gist,knn,10,51,-12.236491560433548,-76.89427507131919,0.171191,10
1000,rtree,knn,10,52,-11.774796910789586,-77.00025470806015,0.504525,10
1000,gist,knn,10,52,-11.774796910789586,-77.00025470806015,0.142986,10
1000,secuencial,knn,10,52,-11.774796910789586,-77.00025470806015,5.291574,10
1000,gist,knn,10,53,-12.046124721526658,-77.31449342849712,0.167074,10
1000,secuencial,knn,10,53,-12.046124721526658,-77.31449342849712,5.687469,10
1000,rtree,knn,10,53,-12.046124721526658,-77.31449342849712,0.616373,10
1000,secuencial,knn,10,54,-11.842702704287872,-76.98969897455655,5.452313,10
1000,rtree,knn,10,54,-11.842702704287872,-76.98969897455655,0.489253,10
1000,gist,knn,10,54,-11.842702704287872,-76.98969897455655,0.178445,10
1000,rtree,knn,10,55,-12.012885837600235,-77.07204158056325,0.543684,10
1000,gist,knn,10,55,-12.012885837600235,-77.07204158056325,0.173765,10
1000,secuencial,knn,10,55,-12.012885837600235,-77.07204158056325,5.405308,10
1000,gist,knn,10,56,-12.191535679067739,-77.05101821795063,0.192222,10
1000,secuencial,knn,10,56,-12.191535679067739,-77.05101821795063,6.228926,10
1000,rtree,knn,10,56,-12.191535679067739,-77.05101821795063,0.488002,10
1000,secuencial,knn,10,57,-12.294982634454936,-76.81606890593824,5.453601,10
1000,rtree,knn,10,57,-12.294982634454936,-76.81606890593824,0.452513,10
1000,gist,knn,10,57,-12.294982634454936,-76.81606890593824,0.167393,10
1000,rtree,knn,10,58,-12.019881116431574,-77.17465856727942,0.409346,10
1000,gist,knn,10,58,-12.019881116431574,-77.17465856727942,0.168586,10
1000,secuencial,knn,10,58,-12.019881116431574,-77.17465856727942,5.287188,10
1000,gist,knn,10,59,-12.083837843908505,-77.21121361001406,0.187875,10
1000,secuencial,knn,10,59,-12.083837843908505,-77.21121361001406,5.846525,10
1000,rtree,knn,10,59,-12.083837843908505,-77.21121361001406,0.526362,10
1000,secuencial,knn,10,60,-11.83936801656191,-77.09299515471804,5.54325,10
1000,rtree,knn,10,60,-11.83936801656191,-77.09299515471804,0.812914,10
1000,gist,knn,10,60,-11.83936801656191,-77.09299515471804,0.213658,10
1000,rtree,knn,10,61,-12.183106547002918,-77.22059613654136,0.523056,10
1000,gist,knn,10,61,-12.183106547002918,-77.22059613654136,0.198094,10
1000,secuencial,knn,10,61,-12.183106547002918,-77.22059613654136,6.25413,10
1000,gist,knn,10,62,-11.964714077146779,-77.17207277242889,0.181448,10
1000,secuencial,knn,10,62,-11.964714077146779,-77.17207277242889,5.629759,10
1000,rtree,knn,10,62,-11.964714077146779,-77.17207277242889,0.462456,10
1000,secuencial,knn,10,63,-12.25109119183904,-76.82654729000366,5.321135,10
1000,rtree,knn,10,63,-12.25109119183904,-76.82654729000366,0.612541,10
1000,gist,knn,10,63,-12.25109119183904,-76.82654729000366,0.209421,10
1000,rtree,knn,10,64,-12.227348909580273,-76.86818152585958,0.464399,10
1000,gist,knn,10,64,-12.227348909580273,-76.86818152585958,0.195907,10
1000,secuencial,knn,10,64,-12.227348909580273,-76.86818152585958,5.650431,10
1000,gist,knn,10,65,-12.025180601663209,-77.05818404136323,0.160504,10
1000,secuencial,knn,10,65,-12.025180601663209,-77.05818404136323,5.561131,10
1000,rtree,knn,10,65,-12.025180601663209,-77.05818404136323,0.692043,10
1000,secuencial,knn,10,66,-11.771840026943192,-76.82079070367021,5.909624,10
1000,rtree,knn,10,66,-11.771840026943192,-76.82079070367021,0.417825,10
1000,gist,knn,10,66,-11.771840026943192,-76.82079070367021,0.219134,10
1000,rtree,knn,10,67,-11.903298489267021,-76.96770565230796,0.470228,10
1000,gist,knn,10,67,-11.903298489267021,-76.96770565230796,0.164463,10
1000,secuencial,knn,10,67,-11.903298489267021,-76.96770565230796,5.47353,10
1000,gist,knn,10,68,-11.84458347945915,-76.96257743655522,0.15053,10
1000,secuencial,knn,10,68,-11.84458347945915,-76.96257743655522,5.205095,10
1000,rtree,knn,10,68,-11.84458347945915,-76.96257743655522,0.400211,10
1000,secuencial,knn,10,69,-11.979264260411975,-77.16776722656559,5.92211,10
1000,rtree,knn,10,69,-11.979264260411975,-77.16776722656559,0.476739,10
1000,gist,knn,10,69,-11.979264260411975,-77.16776722656559,0.180606,10
1000,rtree,knn,10,70,-12.307328894322914,-77.12235407145627,0.442491,10
1000,gist,knn,10,70,-12.307328894322914,-77.12235407145627,0.14651,10
1000,secuencial,knn,10,70,-12.307328894322914,-77.12235407145627,5.424134,10
1000,gist,knn,10,71,-12.246347066569076,-77.03273649701573,0.172301,10
1000,secuencial,knn,10,71,-12.246347066569076,-77.03273649701573,5.48796,10
1000,rtree,knn,10,71,-12.246347066569076,-77.03273649701573,0.507231,10
1000,secuencial,knn,10,72,-11.827264186283267,-77.18280286711541,6.100487,10
1000,rtree,knn,10,72,-11.827264186283267,-77.18280286711541,0.362798,10
1000,gist,knn,10,72,-11.827264186283267,-77.18280286711541,0.20998,10
1000,rtree,knn,10,73,-11.81239852391384,-76.95104457771211,0.474542,10
1000,gist,knn,10,73,-11.81239852391384,-76.95104457771211,0.168911,10
1000,secuencial,knn,10,73,-11.81239852391384,-76.95104457771211,5.479801,10
1000,gist,knn,10,74,-11.936355144311689,-76.87964926824449,0.166562,10
1000,secuencial,knn,10,74,-11.936355144311689,-76.87964926824449,5.765248,10
1000,rtree,knn,10,74,-11.936355144311689,-76.87964926824449,0.554031,10
1000,secuencial,knn,10,75,-11.902374144565027,-76.80139431019622,5.349486,10
1000,rtree,knn,10,75,-11.902374144565027,-76.80139431019622,0.417829,10
1000,gist,knn,10,75,-11.902374144565027,-76.80139431019622,0.194887,10
1000,rtree,knn,10,76,-11.820249617459575,-77.04581136517697,0.385974,10
1000,gist,knn,10,76,-11.820249617459575,-77.04581136517697,0.161158,10
1000,secuencial,knn,10,76,-11.820249617459575,-77.04581136517697,5.595566,10
1000,gist,knn,10,77,-12.177305805147972,-76.92299687024163,0.183967,10
1000,secuencial,knn,10,77,-12.177305805147972,-76.92299687024163,6.391515,10
1000,rtree,knn,10,77,-12.177305805147972,-76.92299687024163,0.394217,10
1000,secuencial,knn,10,78,-12.268299384287044,-77.1243168684586,5.52703,10
1000,rtree,knn,10,78,-12.268299384287044,-77.1243168684586,0.402901,10
1000,gist,knn,10,78,-12.268299384287044,-77.1243168684586,0.155095,10
1000,rtree,knn,10,79,-12.153376433595325,-76.79853117033628,0.441185,10
1000,gist,knn,10,79,-12.153376433595325,-76.79853117033628,0.166055,10
1000,secuencial,knn,10,79,-12.153376433595325,-76.79853117033628,5.385899,10
1000,gist,knn,10,80,-11.992353562357,-76.8022966511219,0.204971,10
1000,secuencial,knn,10,80,-11.992353562357,-76.8022966511219,5.830239,10
1000,rtree,knn,10,80,-11.992353562357,-76.8022966511219,0.41255,10
1000,secuencial,knn,10,81,-11.982462973416517,-77.16970328360398,5.34284,10
1000,rtree,knn,10,81,-11.982462973416517,-77.16970328360398,0.471427,10
1000,gist,knn,10,81,-11.982462973416517,-77.16970328360398,0.19216,10
1000,rtree,knn,10,82,-12.146900692748956,-76.92785642670108,0.474745,10
1000,gist,knn,10,82,-12.146900692748956,-76.92785642670108,0.187193,10
1000,secuencial,knn,10,82,-12.146900692748956,-76.92785642670108,6.334324,10
1000,gist,knn,10,83,-11.848153943762625,-77.19609505846526,0.206792,10
1000,secuencial,knn,10,83,-11.848153943762625,-77.19609505846526,5.551535,10
1000,rtree,knn,10,83,-11.848153943762625,-77.19609505846526,0.428662,10
1000,secuencial,knn,10,84,-11.96096942701325,-77.31935181248366,5.068757,10
1000,rtree,knn,10,84,-11.96096942701325,-77.31935181248366,0.475501,10
1000,gist,knn,10,84,-11.96096942701325,-77.31935181248366,0.169881,10
1000,rtree,knn,10,85,-12.300547114664454,-77.09555684869085,0.424264,10
1000,gist,knn,10,85,-12.300547114664454,-77.09555684869085,0.150724,10
1000,secuencial,knn,10,85,-12.300547114664454,-77.09555684869085,5.347419,10
1000,gist,knn,10,86,-12.29178678439614,-77.13426031557285,0.141015,10
1000,secuencial,knn,10,86,-12.29178678439614,-77.13426031557285,5.315446,10
1000,rtree,knn,10,86,-12.29178678439614,-77.13426031557285,0.324891,10
1000,secuencial,knn,10,87,-12.129607369243198,-77.02309996366162,6.178133,10
1000,rtree,knn,10,87,-12.129607369243198,-77.02309996366162,0.695429,10
1000,gist,knn,10,87,-12.129607369243198,-77.02309996366162,0.268611,10
1000,rtree,knn,10,88,-12.188571188323111,-77.14502175316414,0.591842,10
1000,gist,knn,10,88,-12.188571188323111,-77.14502175316414,0.230652,10
1000,secuencial,knn,10,88,-12.188571188323111,-77.14502175316414,6.04836,10
1000,gist,knn,10,89,-11.859744169120574,-77.07604733374517,0.167867,10
1000,secuencial,knn,10,89,-11.859744169120574,-77.07604733374517,5.276931,10
1000,rtree,knn,10,89,-11.859744169120574,-77.07604733374517,0.663318,10
1000,secuencial,knn,10,90,-12.024714902015914,-76.96605303183892,5.343829,10
1000,rtree,knn,10,90,-12.024714902015914,-76.96605303183892,0.469502,10
1000,gist,knn,10,90,-12.024714902015914,-76.96605303183892,0.165269,10
1000,rtree,knn,10,91,-11.905508232632442,-77.10656813471577,0.523903,10
1000,gist,knn,10,91,-11.905508232632442,-77.10656813471577,0.142671,10
1000,secuencial,knn,10,91,-11.905508232632442,-77.10656813471577,5.127772,10
1000,gist,knn,10,92,-11.901870253561093,-77.11307209242074,0.141442,10
1000,secuencial,knn,10,92,-11.901870253561093,-77.11307209242074,5.111921,10
1000,rtree,knn,10,92,-11.901870253561093,-77.11307209242074,0.560747,10
1000,secuencial,knn,10,93,-12.343516018001337,-76.80015450715057,6.075127,10
1000,rtree,knn,10,93,-12.343516018001337,-76.80015450715057,0.542702,10
1000,gist,knn,10,93,-12.343516018001337,-76.80015450715057,0.218354,10
1000,rtree,knn,10,94,-11.991393905632954,-77.18057562505354,0.548576,10
1000,gist,knn,10,94,-11.991393905632954,-77.18057562505354,0.174576,10
1000,secuencial,knn,10,94,-11.991393905632954,-77.18057562505354,5.383995,10
1000,gist,knn,10,95,-11.952867359702045,-77.27931373026212,0.157779,10
1000,secuencial,knn,10,95,-11.952867359702045,-77.27931373026212,5.313529,10
1000,rtree,knn,10,95,-11.952867359702045,-77.27931373026212,0.545888,10
1000,secuencial,knn,10,96,-11.840522947118483,-76.87926162049457,5.297192,10
1000,rtree,knn,10,96,-11.840522947118483,-76.87926162049457,0.494333,10
1000,gist,knn,10,96,-11.840522947118483,-76.87926162049457,0.190706,10
1000,rtree,knn,10,97,-12.239869721253509,-76.83566256670153,0.543885,10
1000,gist,knn,10,97,-12.239869721253509,-76.83566256670153,0.185043,10
1000,secuencial,knn,10,97,-12.239869721253509,-76.83566256670153,5.406384,10
1000,gist,knn,10,98,-12.207047072243997,-77.0225674397733,0.17157,10
1000,secuencial,knn,10,98,-12.207047072243997,-77.0225674397733,5.943698,10
1000,rtree,knn,10,98,-12.207047072243997,-77.0225674397733,0.528407,10
1000,secuencial,knn,10,99,-12.286744056266315,-76.83456862138426,5.632361,10
1000,rtree,knn,10,99,-12.286744056266315,-76.83456862138426,0.478428,10
1000,gist,knn,10,99,-12.286744056266315,-76.83456862138426,0.184021,10
1000,secuencial,knn,50,0,-12.238351077321237,-77.12323781150685,5.848825,50
1000,rtree,knn,50,0,-12.238351077321237,-77.12323781150685,0.861944,50
1000,gist,knn,50,0,-12.238351077321237,-77.12323781150685,0.262858,50
1000,rtree,knn,50,1,-11.850490175417459,-76.77207450018096,0.914934,50
1000,gist,knn,50,1,-11.850490175417459,-76.77207450018096,0.246981,50
1000,secuencial,knn,50,1,-11.850490175417459,-76.77207450018096,5.481204,50
1000,gist,knn,50,2,-11.819025370683875,-77.03287090378457,0.242605,50
1000,secuencial,knn,50,2,-11.819025370683875,-77.03287090378457,5.990292,50
1000,rtree,knn,50,2,-11.819025370683875,-77.03287090378457,1.096334,50
1000,secuencial,knn,50,3,-11.846049959898656,-76.97530868170429,5.249374,50
1000,rtree,knn,50,3,-11.846049959898656,-76.97530868170429,0.779425,50
1000,gist,knn,50,3,-11.846049959898656,-76.97530868170429,0.259231,50
1000,rtree,knn,50,4,-12.018672930582348,-77.33087166529758,0.743093,50
1000,gist,knn,50,4,-12.018672930582348,-77.33087166529758,0.2169,50
1000,secuencial,knn,50,4,-12.018672930582348,-77.33087166529758,5.710517,50
1000,gist,knn,50,5,-11.82782872109504,-76.90074572228893,0.265041,50
1000,secuencial,knn,50,5,-11.82782872109504,-76.90074572228893,5.700529,50
1000,rtree,knn,50,5,-11.82782872109504,-76.90074572228893,0.903835,50
1000,secuencial,knn,50,6,-11.870590475659505,-77.20118540169999,5.656559,50
1000,rtree,knn,50,6,-11.870590475659505,-77.20118540169999,1.174149,50
1000,gist,knn,50,6,-11.870590475659505,-77.20118540169999,0.27483,50
1000,rtree,knn,50,7,-12.240052897189763,-76.78099844417964,1.03335,50
1000,gist,knn,50,7,-12.240052897189763,-76.78099844417964,0.274086,50
1000,secuencial,knn,50,7,-12.240052897189763,-76.78099844417964,6.01074,50
1000,gist,knn,50,8,-11.883345634396791,-76.89474095860234,0.230067,50
1000,secuencial,knn,50,8,-11.883345634396791,-76.89474095860234,5.182435,50
1000,rtree,knn,50,8,-11.883345634396791,-76.89474095860234,0.93984,50
1000,secuencial,knn,50,9,-12.327192841753288,-77.20271474524674,5.420798,50
1000,rtree,knn,50,9,-12.327192841753288,-77.20271474524674,1.018018,50
1000,gist,knn,50,9,-12.327192841753288,-77.20271474524674,0.273813,50
1000,rtree,knn,50,10,-11.804751645889434,-77.3229261254416,0.985939,50
1000,gist,knn,50,10,-11.804751645889434,-77.3229261254416,0.226531,50
1000,secuencial,knn,50,10,-11.804751645889434,-77.3229261254416,5.72775,50
1000,gist,knn,50,11,-12.006471907703649,-77.15118868947712,0.260693,50
1000,secuencial,knn,50,11,-12.006471907703649,-77.15118868947712,5.776106,50
1000,rtree,knn,50,11,-12.006471907703649,-77.15118868947712,1.112024,50
1000,secuencial,knn,50,12,-12.204956128184476,-77.22040827076262,6.255762,50
1000,rtree,knn,50,12,-12.204956128184476,-77.22040827076262,0.887303,50
1000,gist,knn,50,12,-12.204956128184476,-77.22040827076262,0.259412,50
1000,rtree,knn,50,13,-11.983544025786431,-76.89342975724284,1.279889,50
1000,gist,knn,50,13,-11.983544025786431,-76.89342975724284,0.237106,50
1000,secuencial,knn,50,13,-11.983544025786431,-76.89342975724284,5.343969,50
1000,gist,knn,50,14,-12.168137775782613,-76.76365399284457,0.211859,50
1000,secuencial,knn,50,14,-12.168137775782613,-76.76365399284457,5.435855,50
1000,rtree,knn,50,14,-12.168137775782613,-76.76365399284457,1.14591,50
1000,secuencial,knn,50,15,-12.031430792892165,-76.76351483741132,5.054421,50
1000,rtree,knn,50,15,-12.031430792892165,-76.76351483741132,1.226545,50
1000,gist,knn,50,15,-12.031430792892165,-76.76351483741132,0.2442,50
1000,rtree,knn,50,16,-12.143722726360439,-76.96218807338764,0.823769,50
1000,gist,knn,50,16,-12.143722726360439,-76.96218807338764,0.260214,50
1000,secuencial,knn,50,16,-12.143722726360439,-76.96218807338764,5.859714,50
1000,gist,knn,50,17,-12.307144667383458,-77.17897393043172,0.280105,50
1000,secuencial,knn,50,17,-12.307144667383458,-77.17897393043172,5.808375,50
1000,rtree,knn,50,17,-12.307144667383458,-77.17897393043172,1.164638,50
1000,secuencial,knn,50,18,-12.275183073832562,-76.87578878349431,5.372671,50
1000,rtree,knn,50,18,-12.275183073832562,-76.87578878349431,0.868081,50
1000,gist,knn,50,18,-12.275183073832562,-76.87578878349431,0.26423,50
1000,rtree,knn,50,19,-12.331031714204453,-76.76029307743156,0.925111,50
1000,gist,knn,50,19,-12.331031714204453,-76.76029307743156,0.246833,50
1000,secuencial,knn,50,19,-12.331031714204453,-76.76029307743156,5.448872,50
1000,gist,knn,50,20,-11.875397725776603,-76.8291541495487,0.214023,50
1000,secuencial,knn,50,20,-11.875397725776603,-76.8291541495487,5.327599,50
1000,rtree,knn,50,20,-11.875397725776603,-76.8291541495487,1.015597,50
1000,secuencial,knn,50,21,-12.094163185165952,-77.0237524170421,5.520284,50
1000,rtree,knn,50,21,-12.094163185165952,-77.0237524170421,1.167694,50
1000,gist,knn,50,21,-12.094163185165952,-77.0237524170421,0.294412,50
1000,rtree,knn,50,22,-11.783184404571037,-77.16851570817118,1.466769,50
1000,gist,knn,50,22,-11.783184404571037,-77.16851570817118,0.253448,50
1000,secuencial,knn,50,22,-11.783184404571037,-77.16851570817118,5.554017,50
1000,gist,knn,50,23,-12.330502443992312,-76.8537503501327,0.230728,50
1000,secuencial,knn,50,23,-12.330502443992312,-76.8537503501327,5.258991,50
1000,rtree,knn,50,23,-12.330502443992312,-76.8537503501327,0.831881,50
1000,secuencial,knn,50,24,-11.900554430259245,-77.20850213545228,6.017279,50
1000,rtree,knn,50,24,-11.900554430259245,-77.20850213545228,1.153395,50
1000,gist,knn,50,24,-11.900554430259245,-77.20850213545228,0.294847,50
1000,rtree,knn,50,25,-12.15301049359187,-77.34370037212102,0.931181,50
1000,gist,knn,50,25,-12.15301049359187,-77.34370037212102,0.221051,50
1000,secuencial,knn,50,25,-12.15301049359187,-77.34370037212102,5.503935,50
1000,gist,knn,50,26,-12.293144129217822,-77.07461271258023,0.274234,50
1000,secuencial,knn,50,26,-12.293144129217822,-77.07461271258023,6.135352,50
1000,rtree,knn,50,26,-12.293144129217822,-77.07461271258023,1.017305,50
1000,secuencial,knn,50,27,-11.917813405015332,-76.94828426493639,5.376083,50
1000,rtree,knn,50,27,-11.917813405015332,-76.94828426493639,1.063248,50
1000,gist,knn,50,27,-11.917813405015332,-76.94828426493639,0.245151,50
1000,rtree,knn,50,28,-11.818228970587194,-76.80459168279988,0.902807,50
1000,gist,knn,50,28,-11.818228970587194,-76.80459168279988,0.205634,50
1000,secuencial,knn,50,28,-11.818228970587194,-76.80459168279988,5.347286,50
1000,gist,knn,50,29,-12.042185620553866,-77.11980561484417,0.237667,50
1000,secuencial,knn,50,29,-12.042185620553866,-77.11980561484417,5.295821,50
1000,rtree,knn,50,29,-12.042185620553866,-77.11980561484417,0.992159,50
1000,secuencial,knn,50,30,-11.902732805706265,-77.03636139279664,5.352466,50
1000,rtree,knn,50,30,-11.902732805706265,-77.03636139279664,1.199147,50
1000,gist,knn,50,30,-11.902732805706265,-77.03636139279664,0.254979,50
1000,rtree,knn,50,31,-12.186853482191264,-76.84128098061892,1.172926,50
1000,gist,knn,50,31,-12.186853482191264,-76.84128098061892,0.251582,50
1000,secuencial,knn,50,31,-12.186853482191264,-76.84128098061892,6.469727,50
1000,gist,knn,50,32,-12.189446986329225,-77.16652946042049,0.248982,50
1000,secuencial,knn,50,32,-12.189446986329225,-77.16652946042049,5.498155,50
1000,rtree,knn,50,32,-12.189446986329225,-77.16652946042049,0.935904,50
1000,secuencial,knn,50,33,-11.945495129433406,-77.24486016155174,5.255489,50
1000,rtree,knn,50,33,-11.945495129433406,-77.24486016155174,1.004927,50
1000,gist,knn,50,33,-11.945495129433406,-77.24486016155174,0.241856,50
1000,rtree,knn,50,34,-12.111007007944645,-77.09678326136346,1.212237,50
1000,gist,knn,50,34,-12.111007007944645,-77.09678326136346,0.239518,50
1000,secuencial,knn,50,34,-12.111007007944645,-77.09678326136346,5.355055,50
1000,gist,knn,50,35,-12.246784988834966,-77.04539195581248,0.218329,50
1000,secuencial,knn,50,35,-12.246784988834966,-77.04539195581248,5.56324,50
1000,rtree,knn,50,35,-12.246784988834966,-77.04539195581248,0.839061,50
1000,secuencial,knn,50,36,-11.7733098213026,-77.17743749839795,6.386492,50
1000,rtree,knn,50,36,-11.7733098213026,-77.17743749839795,1.288774,50
1000,gist,knn,50,36,-11.7733098213026,-77.17743749839795,0.302107,50
1000,rtree,knn,50,37,-11.82173238373891,-77.29849310502613,1.036217,50
1000,gist,knn,50,37,-11.82173238373891,-77.29849310502613,0.227224,50
1000,secuencial,knn,50,37,-11.82173238373891,-77.29849310502613,5.410738,50
1000,gist,knn,50,38,-12.114192250590465,-77.08818305290185,0.230176,50
1000,secuencial,knn,50,38,-12.114192250590465,-77.08818305290185,5.825355,50
1000,rtree,knn,50,38,-12.114192250590465,-77.08818305290185,1.229761,50
1000,secuencial,knn,50,39,-11.803259205184059,-77.14440962222349,5.184957,50
1000,rtree,knn,50,39,-11.803259205184059,-77.14440962222349,0.988564,50
1000,gist,knn,50,39,-11.803259205184059,-77.14440962222349,0.246028,50
1000,rtree,knn,50,40,-11.800873761006581,-77.30335267873973,0.86156,50
1000,gist,knn,50,40,-11.800873761006581,-77.30335267873973,0.22535,50
1000,secuencial,knn,50,40,-11.800873761006581,-77.30335267873973,5.659614,50
1000,gist,knn,50,41,-12.32727857289679,-76.77814936880871,0.286206,50
1000,secuencial,knn,50,41,-12.32727857289679,-76.77814936880871,5.918799,50
1000,rtree,knn,50,41,-12.32727857289679,-76.77814936880871,0.895839,50
1000,secuencial,knn,50,42,-11.969126917924573,-76.90016836300424,5.36473,50
1000,rtree,knn,50,42,-11.969126917924573,-76.90016836300424,1.100853,50
1000,gist,knn,50,42,-11.969126917924573,-76.90016836300424,0.24988,50
1000,rtree,knn,50,43,-12.182985570001266,-76.86518920491838,1.043861,50
1000,gist,knn,50,43,-12.182985570001266,-76.86518920491838,0.237524,50
1000,secuencial,knn,50,43,-12.182985570001266,-76.86518920491838,5.643884,50
1000,gist,knn,50,44,-12.243231108605903,-76.78957127246358,0.228334,50
1000,secuencial,knn,50,44,-12.243231108605903,-76.78957127246358,5.209654,50
1000,rtree,knn,50,44,-12.243231108605903,-76.78957127246358,0.924682,50
1000,secuencial,knn,50,45,-12.045162976892575,-77.1478909274555,5.407345,50
1000,rtree,knn,50,45,-12.045162976892575,-77.1478909274555,1.12871,50
1000,gist,knn,50,45,-12.045162976892575,-77.1478909274555,0.331815,50
1000,rtree,knn,50,46,-12.153660746768656,-77.12241798868614,1.511257,50
1000,gist,knn,50,46,-12.153660746768656,-77.12241798868614,0.298401,50
1000,secuencial,knn,50,46,-12.153660746768656,-77.12241798868614,5.856401,50
1000,gist,knn,50,47,-12.261113789014654,-77.20446391162345,0.230747,50
1000,secuencial,knn,50,47,-12.261113789014654,-77.20446391162345,5.431778,50
1000,rtree,knn,50,47,-12.261113789014654,-77.20446391162345,1.130172,50
1000,secuencial,knn,50,48,-11.911772000063623,-76.79765223136404,6.472541,50
1000,rtree,knn,50,48,-11.911772000063623,-76.79765223136404,1.442339,50
1000,gist,knn,50,48,-11.911772000063623,-76.79765223136404,0.3603,50
1000,rtree,knn,50,49,-12.08433823364092,-77.08248518061632,1.235057,50
1000,gist,knn,50,49,-12.08433823364092,-77.08248518061632,0.268768,50
1000,secuencial,knn,50,49,-12.08433823364092,-77.08248518061632,6.060839,50
1000,gist,knn,50,50,-12.018703684582047,-77.0827390512618,0.289936,50
1000,secuencial,knn,50,50,-12.018703684582047,-77.0827390512618,7.0236,50
1000,rtree,knn,50,50,-12.018703684582047,-77.0827390512618,1.113593,50
1000,secuencial,knn,50,51,-12.236491560433548,-76.89427507131919,5.834204,50
1000,rtree,knn,50,51,-12.236491560433548,-76.89427507131919,0.847323,50
1000,gist,knn,50,51,-12.236491560433548,-76.89427507131919,0.263785,50
1000,rtree,knn,50,52,-11.774796910789586,-77.00025470806015,0.984477,50
1000,gist,knn,50,52,-11.774796910789586,-77.00025470806015,0.234356,50
1000,secuencial,knn,50,52,-11.774796910789586,-77.00025470806015,5.977962,50
1000,gist,knn,50,53,-12.046124721526658,-77.31449342849712,0.215338,50
1000,secuencial,knn,50,53,-12.046124721526658,-77.31449342849712,5.416844,50
1000,rtree,knn,50,53,-12.046124721526658,-77.31449342849712,0.884085,50
1000,secuencial,knn,50,54,-11.842702704287872,-76.98969897455655,5.719027,50
1000,rtree,knn,50,54,-11.842702704287872,-76.98969897455655,1.055399,50
1000,gist,knn,50,54,-11.842702704287872,-76.98969897455655,0.406458,50
1000,rtree,knn,50,55,-12.012885837600235,-77.07204158056325,1.507714,50
1000,gist,knn,50,55,-12.012885837600235,-77.07204158056325,0.276576,50
1000,secuencial,knn,50,55,-12.012885837600235,-77.07204158056325,6.113885,50
1000,gist,knn,50,56,-12.191535679067739,-77.05101821795063,0.246754,50
1000,secuencial,knn,50,56,-12.191535679067739,-77.05101821795063,5.480411,50
1000,rtree,knn,50,56,-12.191535679067739,-77.05101821795063,1.037351,50
1000,secuencial,knn,50,57,-12.294982634454936,-76.81606890593824,5.512928,50
1000,rtree,knn,50,57,-12.294982634454936,-76.81606890593824,0.808744,50
1000,gist,knn,50,57,-12.294982634454936,-76.81606890593824,0.220768,50
1000,rtree,knn,50,58,-12.019881116431574,-77.17465856727942,0.891247,50
1000,gist,knn,50,58,-12.019881116431574,-77.17465856727942,0.191147,50
1000,secuencial,knn,50,58,-12.019881116431574,-77.17465856727942,5.147537,50
1000,gist,knn,50,59,-12.083837843908505,-77.21121361001406,0.199185,50
1000,secuencial,knn,50,59,-12.083837843908505,-77.21121361001406,5.742896,50
1000,rtree,knn,50,59,-12.083837843908505,-77.21121361001406,1.26089,50
1000,secuencial,knn,50,60,-11.83936801656191,-77.09299515471804,5.969398,50
1000,rtree,knn,50,60,-11.83936801656191,-77.09299515471804,1.173258,50
1000,gist,knn,50,60,-11.83936801656191,-77.09299515471804,0.275976,50
1000,rtree,knn,50,61,-12.183106547002918,-77.22059613654136,0.893413,50
1000,gist,knn,50,61,-12.183106547002918,-77.22059613654136,0.223864,50
1000,secuencial,knn,50,61,-12.183106547002918,-77.22059613654136,5.480058,50
1000,gist,knn,50,62,-11.964714077146779,-77.17207277242889,0.259956,50
1000,secuencial,knn,50,62,-11.964714077146779,-77.17207277242889,5.510729,50
1000,rtree,knn,50,62,-11.964714077146779,-77.17207277242889,0.954745,50
1000,secuencial,knn,50,63,-12.25109119183904,-76.82654729000366,5.249994,50
1000,rtree,knn,50,63,-12.25109119183904,-76.82654729000366,0.839365,50
1000,gist,knn,50,63,-12.25109119183904,-76.82654729000366,0.239691,50
1000,rtree,knn,50,64,-12.227348909580273,-76.86818152585958,0.889987,50
1000,gist,knn,50,64,-12.227348909580273,-76.86818152585958,0.231957,50
1000,secuencial,knn,50,64,-12.227348909580273,-76.86818152585958,5.680738,50
1000,gist,knn,50,65,-12.025180601663209,-77.05818404136323,0.238068,50
1000,secuencial,knn,50,65,-12.025180601663209,-77.05818404136323,5.476143,50
1000,rtree,knn,50,65,-12.025180601663209,-77.05818404136323,1.074321,50
1000,secuencial,knn,50,66,-11.771840026943192,-76.82079070367021,5.145893,50
1000,rtree,knn,50,66,-11.771840026943192,-76.82079070367021,0.80016,50
1000,gist,knn,50,66,-11.771840026943192,-76.82079070367021,0.262897,50
1000,rtree,knn,50,67,-11.903298489267021,-76.96770565230796,1.296732,50
1000,gist,knn,50,67,-11.903298489267021,-76.96770565230796,0.231928,50
1000,secuencial,knn,50,67,-11.903298489267021,-76.96770565230796,5.359882,50
1000,gist,knn,50,68,-11.84458347945915,-76.96257743655522,0.211872,50
1000,secuencial,knn,50,68,-11.84458347945915,-76.96257743655522,5.305371,50
1000,rtree,knn,50,68,-11.84458347945915,-76.96257743655522,0.804167,50
1000,secuencial,knn,50,69,-11.979264260411975,-77.16776722656559,5.594151,50
1000,rtree,knn,50,69,-11.979264260411975,-77.16776722656559,1.245652,50
1000,gist,knn,50,69,-11.979264260411975,-77.16776722656559,0.349813,50
1000,rtree,knn,50,70,-12.307328894322914,-77.12235407145627,1.180353,50
1000,gist,knn,50,70,-12.307328894322914,-77.12235407145627,0.254653,50
1000,secuencial,knn,50,70,-12.307328894322914,-77.12235407145627,5.696704,50
1000,gist,knn,50,71,-12.246347066569076,-77.03273649701573,0.210577,50
1000,secuencial,knn,50,71,-12.246347066569076,-77.03273649701573,5.424784,50
1000,rtree,knn,50,71,-12.246347066569076,-77.03273649701573,0.798273,50
1000,secuencial,knn,50,72,-11.827264186283267,-77.18280286711541,5.388897,50
1000,rtree,knn,50,72,-11.827264186283267,-77.18280286711541,1.185888,50
1000,gist,knn,50,72,-11.827264186283267,-77.18280286711541,0.263971,50
1000,rtree,knn,50,73,-11.81239852391384,-76.95104457771211,0.834909,50
1000,gist,knn,50,73,-11.81239852391384,-76.95104457771211,0.231948,50
1000,secuencial,knn,50,73,-11.81239852391384,-76.95104457771211,5.21904,50
1000,gist,knn,50,74,-11.936355144311689,-76.87964926824449,0.206791,50
1000,secuencial,knn,50,74,-11.936355144311689,-76.87964926824449,5.704286,50
1000,rtree,knn,50,74,-11.936355144311689,-76.87964926824449,1.323998,50
1000,secuencial,knn,50,75,-11.902374144565027,-76.80139431019622,5.594251,50
1000,rtree,knn,50,75,-11.902374144565027,-76.80139431019622,1.340971,50
1000,gist,knn,50,75,-11.902374144565027,-76.80139431019622,0.270115,50
1000,rtree,knn,50,76,-11.820249617459575,-77.04581136517697,1.108913,50
1000,gist,knn,50,76,-11.820249617459575,-77.04581136517697,0.215855,50
1000,secuencial,knn,50,76,-11.820249617459575,-77.04581136517697,5.642556,50
1000,gist,knn,50,77,-12.177305805147972,-76.92299687024163,0.236236,50
1000,secuencial,knn,50,77,-12.177305805147972,-76.92299687024163,5.519477,50
1000,rtree,knn,50,77,-12.177305805147972,-76.92299687024163,0.811223,50
1000,secuencial,knn,50,78,-12.268299384287044,-77.1243168684586,5.026862,50
1000,rtree,knn,50,78,-12.268299384287044,-77.1243168684586,0.966779,50
1000,gist,knn,50,78,-12.268299384287044,-77.1243168684586,0.259567,50
1000,rtree,knn,50,79,-12.153376433595325,-76.79853117033628,1.073281,50
1000,gist,knn,50,79,-12.153376433595325,-76.79853117033628,0.266888,50
1000,secuencial,knn,50,79,-12.153376433595325,-76.79853117033628,5.943359,50
1000,gist,knn,50,80,-11.992353562357,-76.8022966511219,0.246126,50
1000,secuencial,knn,50,80,-11.992353562357,-76.8022966511219,5.439814,50
1000,rtree,knn,50,80,-11.992353562357,-76.8022966511219,1.311025,50
1000,secuencial,knn,50,81,-11.982462973416517,-77.16970328360398,5.591825,50
1000,rtree,knn,50,81,-11.982462973416517,-77.16970328360398,1.014536,50
1000,gist,knn,50,81,-11.982462973416517,-77.16970328360398,0.251529,50
1000,rtree,knn,50,82,-12.146900692748956,-76.92785642670108,0.948437,50
1000,gist,knn,50,82,-12.146900692748956,-76.92785642670108,0.235724,50
1000,secuencial,knn,50,82,-12.146900692748956,-76.92785642670108,5.193166,50
1000,gist,knn,50,83,-11.848153943762625,-77.19609505846526,0.209449,50
1000,secuencial,knn,50,83,-11.848153943762625,-77.19609505846526,4.963106,50
1000,rtree,knn,50,83,-11.848153943762625,-77.19609505846526,1.058623,50
1000,secuencial,knn,50,84,-11.96096942701325,-77.31935181248366,5.464853,50
1000,rtree,knn,50,84,-11.96096942701325,-77.31935181248366,1.016047,50
1000,gist,knn,50,84,-11.96096942701325,-77.31935181248366,0.26353,50
1000,rtree,knn,50,85,-12.300547114664454,-77.09555684869085,0.954608,50
1000,gist,knn,50,85,-12.300547114664454,-77.09555684869085,0.283684,50
1000,secuencial,knn,50,85,-12.300547114664454,-77.09555684869085,5.582954,50
1000,gist,knn,50,86,-12.29178678439614,-77.13426031557285,0.250628,50
1000,secuencial,knn,50,86,-12.29178678439614,-77.13426031557285,5.72297,50
1000,rtree,knn,50,86,-12.29178678439614,-77.13426031557285,1.202448,50
1000,secuencial,knn,50,87,-12.129607369243198,-77.02309996366162,5.398247,50
1000,rtree,knn,50,87,-12.129607369243198,-77.02309996366162,0.995823,50
1000,gist,knn,50,87,-12.129607369243198,-77.02309996366162,0.22125,50
1000,rtree,knn,50,88,-12.188571188323111,-77.14502175316414,1.116146,50
1000,gist,knn,50,88,-12.188571188323111,-77.14502175316414,0.214263,50
1000,secuencial,knn,50,88,-12.188571188323111,-77.14502175316414,4.99242,50
1000,gist,knn,50,89,-11.859744169120574,-77.07604733374517,0.239392,50
1000,secuencial,knn,50,89,-11.859744169120574,-77.07604733374517,5.867603,50
1000,rtree,knn,50,89,-11.859744169120574,-77.07604733374517,1.23748,50
1000,secuencial,knn,50,90,-12.024714902015914,-76.96605303183892,5.505972,50
1000,rtree,knn,50,90,-12.024714902015914,-76.96605303183892,0.862472,50
1000,gist,knn,50,90,-12.024714902015914,-76.96605303183892,0.235746,50
1000,rtree,knn,50,91,-11.905508232632442,-77.10656813471577,1.278252,50
1000,gist,knn,50,91,-11.905508232632442,-77.10656813471577,0.2273,50
1000,secuencial,knn,50,91,-11.905508232632442,-77.10656813471577,5.504153,50
1000,gist,knn,50,92,-11.901870253561093,-77.11307209242074,0.251806,50
1000,secuencial,knn,50,92,-11.901870253561093,-77.11307209242074,5.589319,50
1000,rtree,knn,50,92,-11.901870253561093,-77.11307209242074,1.236423,50
1000,secuencial,knn,50,93,-12.343516018001337,-76.80015450715057,5.069264,50
1000,rtree,knn,50,93,-12.343516018001337,-76.80015450715057,0.997208,50
1000,gist,knn,50,93,-12.343516018001337,-76.80015450715057,0.27731,50
1000,rtree,knn,50,94,-11.991393905632954,-77.18057562505354,1.031317,50
1000,gist,knn,50,94,-11.991393905632954,-77.18057562505354,0.263542,50
1000,secuencial,knn,50,94,-11.991393905632954,-77.18057562505354,5.870542,50
1000,gist,knn,50,95,-11.952867359702045,-77.27931373026212,0.230812,50
1000,secuencial,knn,50,95,-11.952867359702045,-77.27931373026212,5.333676,50
1000,rtree,knn,50,95,-11.952867359702045,-77.27931373026212,0.860062,50
1000,secuencial,knn,50,96,-11.840522947118483,-76.87926162049457,5.724079,50
1000,rtree,knn,50,96,-11.840522947118483,-76.87926162049457,0.874516,50
1000,gist,knn,50,96,-11.840522947118483,-76.87926162049457,0.235751,50
1000,rtree,knn,50,97,-12.239869721253509,-76.83566256670153,0.970259,50
1000,gist,knn,50,97,-12.239869721253509,-76.83566256670153,0.224132,50
1000,secuencial,knn,50,97,-12.239869721253509,-76.83566256670153,5.183102,50
1000,gist,knn,50,98,-12.207047072243997,-77.0225674397733,0.221108,50
1000,secuencial,knn,50,98,-12.207047072243997,-77.0225674397733,5.251846,50
1000,rtree,knn,50,98,-12.207047072243997,-77.0225674397733,0.870938,50
1000,secuencial,knn,50,99,-12.286744056266315,-76.83456862138426,5.998654,50
1000,rtree,knn,50,99,-12.286744056266315,-76.83456862138426,0.886079,50
1000,gist,knn,50,99,-12.286744056266315,-76.83456862138426,0.290376,50
1000,secuencial,knn,100,0,-12.238351077321237,-77.12323781150685,6.001351,100
1000,rtree,knn,100,0,-12.238351077321237,-77.12323781150685,1.588698,100
1000,gist,knn,100,0,-12.238351077321237,-77.12323781150685,0.3383,100
1000,rtree,knn,100,1,-11.850490175417459,-76.77207450018096,1.499499,100
1000,gist,knn,100,1,-11.850490175417459,-76.77207450018096,0.302615,100
1000,secuencial,knn,100,1,-11.850490175417459,-76.77207450018096,5.145811,100
1000,gist,knn,100,2,-11.819025370683875,-77.03287090378457,0.299376,100
1000,secuencial,knn,100,2,-11.819025370683875,-77.03287090378457,5.779491,100
1000,rtree,knn,100,2,-11.819025370683875,-77.03287090378457,1.923636,100
1000,secuencial,knn,100,3,-11.846049959898656,-76.97530868170429,5.613496,100
1000,rtree,knn,100,3,-11.846049959898656,-76.97530868170429,1.637161,100
1000,gist,knn,100,3,-11.846049959898656,-76.97530868170429,0.305165,100
1000,rtree,knn,100,4,-12.018672930582348,-77.33087166529758,1.413525,100
1000,gist,knn,100,4,-12.018672930582348,-77.33087166529758,0.295155,100
1000,secuencial,knn,100,4,-12.018672930582348,-77.33087166529758,5.862352,100
1000,gist,knn,100,5,-11.82782872109504,-76.90074572228893,0.291683,100
1000,secuencial,knn,100,5,-11.82782872109504,-76.90074572228893,5.529897,100
1000,rtree,knn,100,5,-11.82782872109504,-76.90074572228893,1.302206,100
1000,secuencial,knn,100,6,-11.870590475659505,-77.20118540169999,5.27013,100
1000,rtree,knn,100,6,-11.870590475659505,-77.20118540169999,1.98007,100
1000,gist,knn,100,6,-11.870590475659505,-77.20118540169999,0.427104,100
1000,rtree,knn,100,7,-12.240052897189763,-76.78099844417964,1.671302,100
1000,gist,knn,100,7,-12.240052897189763,-76.78099844417964,0.345259,100
1000,secuencial,knn,100,7,-12.240052897189763,-76.78099844417964,5.554095,100
1000,gist,knn,100,8,-11.883345634396791,-76.89474095860234,0.295216,100
1000,secuencial,knn,100,8,-11.883345634396791,-76.89474095860234,5.393802,100
1000,rtree,knn,100,8,-11.883345634396791,-76.89474095860234,1.682695,100
1000,secuencial,knn,100,9,-12.327192841753288,-77.20271474524674,6.007195,100
1000,rtree,knn,100,9,-12.327192841753288,-77.20271474524674,1.429737,100
1000,gist,knn,100,9,-12.327192841753288,-77.20271474524674,0.324263,100
1000,rtree,knn,100,10,-11.804751645889434,-77.3229261254416,1.230432,100
1000,gist,knn,100,10,-11.804751645889434,-77.3229261254416,0.282128,100
1000,secuencial,knn,100,10,-11.804751645889434,-77.3229261254416,5.226353,100
1000,gist,knn,100,11,-12.006471907703649,-77.15118868947712,0.329702,100
1000,secuencial,knn,100,11,-12.006471907703649,-77.15118868947712,5.978394,100
1000,rtree,knn,100,11,-12.006471907703649,-77.15118868947712,1.65818,100
1000,secuencial,knn,100,12,-12.204956128184476,-77.22040827076262,5.333545,100
1000,rtree,knn,100,12,-12.204956128184476,-77.22040827076262,1.39074,100
1000,gist,knn,100,12,-12.204956128184476,-77.22040827076262,0.283036,100
1000,rtree,knn,100,13,-11.983544025786431,-76.89342975724284,1.644427,100
1000,gist,knn,100,13,-11.983544025786431,-76.89342975724284,0.293092,100
1000,secuencial,knn,100,13,-11.983544025786431,-76.89342975724284,5.949383,100
1000,gist,knn,100,14,-12.168137775782613,-76.76365399284457,0.326932,100
1000,secuencial,knn,100,14,-12.168137775782613,-76.76365399284457,5.574829,100
1000,rtree,knn,100,14,-12.168137775782613,-76.76365399284457,1.427835,100
1000,secuencial,knn,100,15,-12.031430792892165,-76.76351483741132,5.459179,100
1000,rtree,knn,100,15,-12.031430792892165,-76.76351483741132,2.078302,100
1000,gist,knn,100,15,-12.031430792892165,-76.76351483741132,0.37693,100
1000,rtree,knn,100,16,-12.143722726360439,-76.96218807338764,1.576654,100
1000,gist,knn,100,16,-12.143722726360439,-76.96218807338764,0.317101,100
1000,secuencial,knn,100,16,-12.143722726360439,-76.96218807338764,5.438021,100
1000,gist,knn,100,17,-12.307144667383458,-77.17897393043172,0.274982,100
1000,secuencial,knn,100,17,-12.307144667383458,-77.17897393043172,5.249226,100
1000,rtree,knn,100,17,-12.307144667383458,-77.17897393043172,1.418613,100
1000,secuencial,knn,100,18,-12.275183073832562,-76.87578878349431,5.528027,100
1000,rtree,knn,100,18,-12.275183073832562,-76.87578878349431,1.395304,100
1000,gist,knn,100,18,-12.275183073832562,-76.87578878349431,0.311373,100
1000,rtree,knn,100,19,-12.331031714204453,-76.76029307743156,1.149659,100
1000,gist,knn,100,19,-12.331031714204453,-76.76029307743156,0.28571,100
1000,secuencial,knn,100,19,-12.331031714204453,-76.76029307743156,5.234822,100
1000,gist,knn,100,20,-11.875397725776603,-76.8291541495487,0.308838,100
1000,secuencial,knn,100,20,-11.875397725776603,-76.8291541495487,6.104636,100
1000,rtree,knn,100,20,-11.875397725776603,-76.8291541495487,1.744681,100
1000,secuencial,knn,100,21,-12.094163185165952,-77.0237524170421,5.503527,100
1000,rtree,knn,100,21,-12.094163185165952,-77.0237524170421,1.475127,100
1000,gist,knn,100,21,-12.094163185165952,-77.0237524170421,0.339816,100
1000,rtree,knn,100,22,-11.783184404571037,-77.16851570817118,1.616008,100
1000,gist,knn,100,22,-11.783184404571037,-77.16851570817118,0.299681,100
1000,secuencial,knn,100,22,-11.783184404571037,-77.16851570817118,5.865628,100
1000,gist,knn,100,23,-12.330502443992312,-76.8537503501327,0.28394,100
1000,secuencial,knn,100,23,-12.330502443992312,-76.8537503501327,5.28284,100
1000,rtree,knn,100,23,-12.330502443992312,-76.8537503501327,1.200757,100
1000,secuencial,knn,100,24,-11.900554430259245,-77.20850213545228,5.060802,100
1000,rtree,knn,100,24,-11.900554430259245,-77.20850213545228,1.84241,100
1000,gist,knn,100,24,-11.900554430259245,-77.20850213545228,0.353745,100
1000,rtree,knn,100,25,-12.15301049359187,-77.34370037212102,1.471626,100
1000,gist,knn,100,25,-12.15301049359187,-77.34370037212102,0.305737,100
1000,secuencial,knn,100,25,-12.15301049359187,-77.34370037212102,5.478983,100
1000,gist,knn,100,26,-12.293144129217822,-77.07461271258023,0.319159,100
1000,secuencial,knn,100,26,-12.293144129217822,-77.07461271258023,5.488809,100
1000,rtree,knn,100,26,-12.293144129217822,-77.07461271258023,1.501088,100
1000,secuencial,knn,100,27,-11.917813405015332,-76.94828426493639,5.569757,100
1000,rtree,knn,100,27,-11.917813405015332,-76.94828426493639,1.506353,100
1000,gist,knn,100,27,-11.917813405015332,-76.94828426493639,0.291033,100
1000,rtree,knn,100,28,-11.818228970587194,-76.80459168279988,1.273808,100
1000,gist,knn,100,28,-11.818228970587194,-76.80459168279988,0.300948,100
1000,secuencial,knn,100,28,-11.818228970587194,-76.80459168279988,5.220725,100
1000,gist,knn,100,29,-12.042185620553866,-77.11980561484417,0.272474,100
1000,secuencial,knn,100,29,-12.042185620553866,-77.11980561484417,5.777748,100
1000,rtree,knn,100,29,-12.042185620553866,-77.11980561484417,1.700044,100
1000,secuencial,knn,100,30,-11.902732805706265,-77.03636139279664,5.534415,100
1000,rtree,knn,100,30,-11.902732805706265,-77.03636139279664,1.531772,100
1000,gist,knn,100,30,-11.902732805706265,-77.03636139279664,0.3112,100
1000,rtree,knn,100,31,-12.186853482191264,-76.84128098061892,1.368036,100
1000,gist,knn,100,31,-12.186853482191264,-76.84128098061892,0.309116,100
1000,secuencial,knn,100,31,-12.186853482191264,-76.84128098061892,5.729398,100
1000,gist,knn,100,32,-12.189446986329225,-77.16652946042049,0.312345,100
1000,secuencial,knn,100,32,-12.189446986329225,-77.16652946042049,5.600077,100
1000,rtree,knn,100,32,-12.189446986329225,-77.16652946042049,1.547748,100
1000,secuencial,knn,100,33,-11.945495129433406,-77.24486016155174,5.369801,100
1000,rtree,knn,100,33,-11.945495129433406,-77.24486016155174,1.745735,100
1000,gist,knn,100,33,-11.945495129433406,-77.24486016155174,0.344992,100
1000,rtree,knn,100,34,-12.111007007944645,-77.09678326136346,1.690737,100
1000,gist,knn,100,34,-12.111007007944645,-77.09678326136346,0.301345,100
1000,secuencial,knn,100,34,-12.111007007944645,-77.09678326136346,5.457119,100
1000,gist,knn,100,35,-12.246784988834966,-77.04539195581248,0.28183,100
1000,secuencial,knn,100,35,-12.246784988834966,-77.04539195581248,5.059507,100
1000,rtree,knn,100,35,-12.246784988834966,-77.04539195581248,1.437378,100
1000,secuencial,knn,100,36,-11.7733098213026,-77.17743749839795,5.501446,100
1000,rtree,knn,100,36,-11.7733098213026,-77.17743749839795,1.641806,100
1000,gist,knn,100,36,-11.7733098213026,-77.17743749839795,0.302034,100
1000,rtree,knn,100,37,-11.82173238373891,-77.29849310502613,1.525907,100
1000,gist,knn,100,37,-11.82173238373891,-77.29849310502613,0.267392,100
1000,secuencial,knn,100,37,-11.82173238373891,-77.29849310502613,5.473881,100
1000,gist,knn,100,38,-12.114192250590465,-77.08818305290185,0.317447,100
1000,secuencial,knn,100,38,-12.114192250590465,-77.08818305290185,6.137818,100
1000,rtree,knn,100,38,-12.114192250590465,-77.08818305290185,1.751103,100
1000,secuencial,knn,100,39,-11.803259205184059,-77.14440962222349,5.550459,100
1000,rtree,knn,100,39,-11.803259205184059,-77.14440962222349,1.57431,100
1000,gist,knn,100,39,-11.803259205184059,-77.14440962222349,0.302702,100
1000,rtree,knn,100,40,-11.800873761006581,-77.30335267873973,1.17982,100
1000,gist,knn,100,40,-11.800873761006581,-77.30335267873973,0.251686,100
1000,secuencial,knn,100,40,-11.800873761006581,-77.30335267873973,5.525143,100
1000,gist,knn,100,41,-12.32727857289679,-76.77814936880871,0.290066,100
1000,secuencial,knn,100,41,-12.32727857289679,-76.77814936880871,5.209985,100
1000,rtree,knn,100,41,-12.32727857289679,-76.77814936880871,1.143536,100
1000,secuencial,knn,100,42,-11.969126917924573,-76.90016836300424,5.033004,100
1000,rtree,knn,100,42,-11.969126917924573,-76.90016836300424,1.664576,100
1000,gist,knn,100,42,-11.969126917924573,-76.90016836300424,0.372419,100
1000,rtree,knn,100,43,-12.182985570001266,-76.86518920491838,1.528071,100
1000,gist,knn,100,43,-12.182985570001266,-76.86518920491838,0.336756,100
1000,secuencial,knn,100,43,-12.182985570001266,-76.86518920491838,5.742074,100
1000,gist,knn,100,44,-12.243231108605903,-76.78957127246358,0.299876,100
1000,secuencial,knn,100,44,-12.243231108605903,-76.78957127246358,5.370108,100
1000,rtree,knn,100,44,-12.243231108605903,-76.78957127246358,1.487579,100
1000,secuencial,knn,100,45,-12.045162976892575,-77.1478909274555,5.535359,100
1000,rtree,knn,100,45,-12.045162976892575,-77.1478909274555,1.39624,100
1000,gist,knn,100,45,-12.045162976892575,-77.1478909274555,0.305459,100
1000,rtree,knn,100,46,-12.153660746768656,-77.12241798868614,1.388425,100
1000,gist,knn,100,46,-12.153660746768656,-77.12241798868614,0.2686,100
1000,secuencial,knn,100,46,-12.153660746768656,-77.12241798868614,5.095565,100
1000,gist,knn,100,47,-12.261113789014654,-77.20446391162345,0.266633,100
1000,secuencial,knn,100,47,-12.261113789014654,-77.20446391162345,5.201424,100
1000,rtree,knn,100,47,-12.261113789014654,-77.20446391162345,1.38424,100
1000,secuencial,knn,100,48,-11.911772000063623,-76.79765223136404,5.297046,100
1000,rtree,knn,100,48,-11.911772000063623,-76.79765223136404,1.604448,100
1000,gist,knn,100,48,-11.911772000063623,-76.79765223136404,0.333579,100
1000,rtree,knn,100,49,-12.08433823364092,-77.08248518061632,1.582174,100
1000,gist,knn,100,49,-12.08433823364092,-77.08248518061632,0.299434,100
1000,secuencial,knn,100,49,-12.08433823364092,-77.08248518061632,5.721737,100
1000,gist,knn,100,50,-12.018703684582047,-77.0827390512618,0.30793,100
1000,secuencial,knn,100,50,-12.018703684582047,-77.0827390512618,5.476156,100
1000,rtree,knn,100,50,-12.018703684582047,-77.0827390512618,1.502051,100
1000,secuencial,knn,100,51,-12.236491560433548,-76.89427507131919,5.295587,100
1000,rtree,knn,100,51,-12.236491560433548,-76.89427507131919,1.322166,100
1000,gist,knn,100,51,-12.236491560433548,-76.89427507131919,0.383465,100
1000,rtree,knn,100,52,-11.774796910789586,-77.00025470806015,1.861981,100
1000,gist,knn,100,52,-11.774796910789586,-77.00025470806015,0.349779,100
1000,secuencial,knn,100,52,-11.774796910789586,-77.00025470806015,5.920966,100
1000,gist,knn,100,53,-12.046124721526658,-77.31449342849712,0.284896,100
1000,secuencial,knn,100,53,-12.046124721526658,-77.31449342849712,5.303268,100
1000,rtree,knn,100,53,-12.046124721526658,-77.31449342849712,1.173004,100
1000,secuencial,knn,100,54,-11.842702704287872,-76.98969897455655,5.312809,100
1000,rtree,knn,100,54,-11.842702704287872,-76.98969897455655,1.697967,100
1000,gist,knn,100,54,-11.842702704287872,-76.98969897455655,0.320674,100
1000,rtree,knn,100,55,-12.012885837600235,-77.07204158056325,1.539595,100
1000,gist,knn,100,55,-12.012885837600235,-77.07204158056325,0.316837,100
1000,secuencial,knn,100,55,-12.012885837600235,-77.07204158056325,5.781001,100
1000,gist,knn,100,56,-12.191535679067739,-77.05101821795063,0.309013,100
1000,secuencial,knn,100,56,-12.191535679067739,-77.05101821795063,6.103424,100
1000,rtree,knn,100,56,-12.191535679067739,-77.05101821795063,1.676031,100
1000,secuencial,knn,100,57,-12.294982634454936,-76.81606890593824,5.706814,100
1000,rtree,knn,100,57,-12.294982634454936,-76.81606890593824,1.286199,100
1000,gist,knn,100,57,-12.294982634454936,-76.81606890593824,0.326408,100
1000,rtree,knn,100,58,-12.019881116431574,-77.17465856727942,1.546271,100
1000,gist,knn,100,58,-12.019881116431574,-77.17465856727942,0.274508,100
1000,secuencial,knn,100,58,-12.019881116431574,-77.17465856727942,5.255722,100
1000,gist,knn,100,59,-12.083837843908505,-77.21121361001406,0.279916,100
1000,secuencial,knn,100,59,-12.083837843908505,-77.21121361001406,5.096738,100
1000,rtree,knn,100,59,-12.083837843908505,-77.21121361001406,1.296251,100
1000,secuencial,knn,100,60,-11.83936801656191,-77.09299515471804,5.028273,100
1000,rtree,knn,100,60,-11.83936801656191,-77.09299515471804,1.516062,100
1000,gist,knn,100,60,-11.83936801656191,-77.09299515471804,0.346128,100
1000,rtree,knn,100,61,-12.183106547002918,-77.22059613654136,1.630652,100
1000,gist,knn,100,61,-12.183106547002918,-77.22059613654136,0.32485,100
1000,secuencial,knn,100,61,-12.183106547002918,-77.22059613654136,5.917997,100
1000,gist,knn,100,62,-11.964714077146779,-77.17207277242889,0.291065,100
1000,secuencial,knn,100,62,-11.964714077146779,-77.17207277242889,5.283092,100
1000,rtree,knn,100,62,-11.964714077146779,-77.17207277242889,1.443139,100
1000,secuencial,knn,100,63,-12.25109119183904,-76.82654729000366,5.253514,100
1000,rtree,knn,100,63,-12.25109119183904,-76.82654729000366,1.450002,100
1000,gist,knn,100,63,-12.25109119183904,-76.82654729000366,0.364069,100
1000,rtree,knn,100,64,-12.227348909580273,-76.86818152585958,1.328548,100
1000,gist,knn,100,64,-12.227348909580273,-76.86818152585958,0.281671,100
1000,secuencial,knn,100,64,-12.227348909580273,-76.86818152585958,4.931713,100
1000,gist,knn,100,65,-12.025180601663209,-77.05818404136323,0.276106,100
1000,secuencial,knn,100,65,-12.025180601663209,-77.05818404136323,6.665984,100
1000,rtree,knn,100,65,-12.025180601663209,-77.05818404136323,2.477806,100
1000,secuencial,knn,100,66,-11.771840026943192,-76.82079070367021,5.83608,100
1000,rtree,knn,100,66,-11.771840026943192,-76.82079070367021,1.195896,100
1000,gist,knn,100,66,-11.771840026943192,-76.82079070367021,0.695179,100
1000,rtree,knn,100,67,-11.903298489267021,-76.96770565230796,1.684595,100
1000,gist,knn,100,67,-11.903298489267021,-76.96770565230796,0.634576,100
1000,secuencial,knn,100,67,-11.903298489267021,-76.96770565230796,5.674251,100
1000,gist,knn,100,68,-11.84458347945915,-76.96257743655522,0.61157,100
1000,secuencial,knn,100,68,-11.84458347945915,-76.96257743655522,5.116328,100
1000,rtree,knn,100,68,-11.84458347945915,-76.96257743655522,2.176834,100
1000,secuencial,knn,100,69,-11.979264260411975,-77.16776722656559,4.978221,100
1000,rtree,knn,100,69,-11.979264260411975,-77.16776722656559,1.582629,100
1000,gist,knn,100,69,-11.979264260411975,-77.16776722656559,0.654488,100
1000,rtree,knn,100,70,-12.307328894322914,-77.12235407145627,1.614932,100
1000,gist,knn,100,70,-12.307328894322914,-77.12235407145627,0.638917,100
1000,secuencial,knn,100,70,-12.307328894322914,-77.12235407145627,5.301081,100
1000,gist,knn,100,71,-12.246347066569076,-77.03273649701573,0.633378,100
1000,secuencial,knn,100,71,-12.246347066569076,-77.03273649701573,5.439658,100
1000,rtree,knn,100,71,-12.246347066569076,-77.03273649701573,1.326449,100
1000,secuencial,knn,100,72,-11.827264186283267,-77.18280286711541,5.453459,100
1000,rtree,knn,100,72,-11.827264186283267,-77.18280286711541,1.477423,100
1000,gist,knn,100,72,-11.827264186283267,-77.18280286711541,0.592307,100
1000,rtree,knn,100,73,-11.81239852391384,-76.95104457771211,1.418056,100
1000,gist,knn,100,73,-11.81239852391384,-76.95104457771211,0.58442,100
1000,secuencial,knn,100,73,-11.81239852391384,-76.95104457771211,4.897938,100
1000,gist,knn,100,74,-11.936355144311689,-76.87964926824449,0.391154,100
1000,secuencial,knn,100,74,-11.936355144311689,-76.87964926824449,6.146198,100
1000,rtree,knn,100,74,-11.936355144311689,-76.87964926824449,1.771216,100
1000,secuencial,knn,100,75,-11.902374144565027,-76.80139431019622,5.153984,100
1000,rtree,knn,100,75,-11.902374144565027,-76.80139431019622,1.551357,100
1000,gist,knn,100,75,-11.902374144565027,-76.80139431019622,0.570498,100
1000,rtree,knn,100,76,-11.820249617459575,-77.04581136517697,1.66674,100
1000,gist,knn,100,76,-11.820249617459575,-77.04581136517697,0.6198,100
1000,secuencial,knn,100,76,-11.820249617459575,-77.04581136517697,5.500592,100
1000,gist,knn,100,77,-12.177305805147972,-76.92299687024163,0.643488,100
1000,secuencial,knn,100,77,-12.177305805147972,-76.92299687024163,5.039969,100
1000,rtree,knn,100,77,-12.177305805147972,-76.92299687024163,1.309213,100
1000,secuencial,knn,100,78,-12.268299384287044,-77.1243168684586,5.73408,100
1000,rtree,knn,100,78,-12.268299384287044,-77.1243168684586,1.682747,100
1000,gist,knn,100,78,-12.268299384287044,-77.1243168684586,0.693884,100
1000,rtree,knn,100,79,-12.153376433595325,-76.79853117033628,1.776271,100
1000,gist,knn,100,79,-12.153376433595325,-76.79853117033628,0.647279,100
1000,secuencial,knn,100,79,-12.153376433595325,-76.79853117033628,5.482936,100
1000,gist,knn,100,80,-11.992353562357,-76.8022966511219,0.606384,100
1000,secuencial,knn,100,80,-11.992353562357,-76.8022966511219,5.391004,100
1000,rtree,knn,100,80,-11.992353562357,-76.8022966511219,1.881196,100
1000,secuencial,knn,100,81,-11.982462973416517,-77.16970328360398,5.20178,100
1000,rtree,knn,100,81,-11.982462973416517,-77.16970328360398,1.431461,100
1000,gist,knn,100,81,-11.982462973416517,-77.16970328360398,0.364683,100
1000,rtree,knn,100,82,-12.146900692748956,-76.92785642670108,1.233624,100
1000,gist,knn,100,82,-12.146900692748956,-76.92785642670108,0.557817,100
1000,secuencial,knn,100,82,-12.146900692748956,-76.92785642670108,5.404788,100
1000,gist,knn,100,83,-11.848153943762625,-77.19609505846526,0.584963,100
1000,secuencial,knn,100,83,-11.848153943762625,-77.19609505846526,5.890993,100
1000,rtree,knn,100,83,-11.848153943762625,-77.19609505846526,1.775081,100
1000,secuencial,knn,100,84,-11.96096942701325,-77.31935181248366,5.12674,100
1000,rtree,knn,100,84,-11.96096942701325,-77.31935181248366,1.087055,100
1000,gist,knn,100,84,-11.96096942701325,-77.31935181248366,0.565978,100
1000,rtree,knn,100,85,-12.300547114664454,-77.09555684869085,1.375981,100
1000,gist,knn,100,85,-12.300547114664454,-77.09555684869085,0.531727,100
1000,secuencial,knn,100,85,-12.300547114664454,-77.09555684869085,6.010506,100
1000,gist,knn,100,86,-12.29178678439614,-77.13426031557285,0.677798,100
1000,secuencial,knn,100,86,-12.29178678439614,-77.13426031557285,5.083859,100
1000,rtree,knn,100,86,-12.29178678439614,-77.13426031557285,1.268698,100
1000,secuencial,knn,100,87,-12.129607369243198,-77.02309996366162,6.09859,100
1000,rtree,knn,100,87,-12.129607369243198,-77.02309996366162,1.696177,100
1000,gist,knn,100,87,-12.129607369243198,-77.02309996366162,0.83622,100
1000,rtree,knn,100,88,-12.188571188323111,-77.14502175316414,1.699611,100
1000,gist,knn,100,88,-12.188571188323111,-77.14502175316414,0.672326,100
1000,secuencial,knn,100,88,-12.188571188323111,-77.14502175316414,6.286814,100
1000,gist,knn,100,89,-11.859744169120574,-77.07604733374517,0.759747,100
1000,secuencial,knn,100,89,-11.859744169120574,-77.07604733374517,6.711504,100
1000,rtree,knn,100,89,-11.859744169120574,-77.07604733374517,2.224992,100
1000,secuencial,knn,100,90,-12.024714902015914,-76.96605303183892,6.455383,100
1000,rtree,knn,100,90,-12.024714902015914,-76.96605303183892,1.959046,100
1000,gist,knn,100,90,-12.024714902015914,-76.96605303183892,0.713956,100
1000,rtree,knn,100,91,-11.905508232632442,-77.10656813471577,2.515736,100
1000,gist,knn,100,91,-11.905508232632442,-77.10656813471577,0.829315,100
1000,secuencial,knn,100,91,-11.905508232632442,-77.10656813471577,7.306268,100
1000,gist,knn,100,92,-11.901870253561093,-77.11307209242074,0.691587,100
1000,secuencial,knn,100,92,-11.901870253561093,-77.11307209242074,7.423288,100
1000,rtree,knn,100,92,-11.901870253561093,-77.11307209242074,2.475985,100
1000,secuencial,knn,100,93,-12.343516018001337,-76.80015450715057,7.332086,100
1000,rtree,knn,100,93,-12.343516018001337,-76.80015450715057,1.443033,100
1000,gist,knn,100,93,-12.343516018001337,-76.80015450715057,0.764833,100
1000,rtree,knn,100,94,-11.991393905632954,-77.18057562505354,2.303825,100
1000,gist,knn,100,94,-11.991393905632954,-77.18057562505354,0.830806,100
1000,secuencial,knn,100,94,-11.991393905632954,-77.18057562505354,8.042111,100
1000,gist,knn,100,95,-11.952867359702045,-77.27931373026212,0.748294,100
1000,secuencial,knn,100,95,-11.952867359702045,-77.27931373026212,6.956119,100
1000,rtree,knn,100,95,-11.952867359702045,-77.27931373026212,1.863572,100
1000,secuencial,knn,100,96,-11.840522947118483,-76.87926162049457,6.973464,100
1000,rtree,knn,100,96,-11.840522947118483,-76.87926162049457,1.671165,100
1000,gist,knn,100,96,-11.840522947118483,-76.87926162049457,0.66422,100
1000,rtree,knn,100,97,-12.239869721253509,-76.83566256670153,1.884107,100
1000,gist,knn,100,97,-12.239869721253509,-76.83566256670153,0.716244,100
1000,secuencial,knn,100,97,-12.239869721253509,-76.83566256670153,8.843281,100
1000,gist,knn,100,98,-12.207047072243997,-77.0225674397733,0.86785,100
1000,secuencial,knn,100,98,-12.207047072243997,-77.0225674397733,6.919931,100
1000,rtree,knn,100,98,-12.207047072243997,-77.0225674397733,1.675423,100
1000,secuencial,knn,100,99,-12.286744056266315,-76.83456862138426,6.816836,100
1000,rtree,knn,100,99,-12.286744056266315,-76.83456862138426,1.467491,100
1000,gist,knn,100,99,-12.286744056266315,-76.83456862138426,0.731758,100
10000,secuencial,radio,1000,0,-12.238351077321237,-77.12323781150685,50.933171,5
10000,rtree,radio,1000,0,-12.238351077321237,-77.12323781150685,0.145524,5
10000,gist,radio,1000,0,-12.238351077321237,-77.12323781150685,0.673162,5
10000,rtree,radio,1000,1,-11.850490175417459,-76.77207450018096,0.184619,4
10000,gist,radio,1000,1,-11.850490175417459,-76.77207450018096,0.532,4
10000,secuencial,radio,1000,1,-11.850490175417459,-76.77207450018096,51.501083,4
10000,gist,radio,1000,2,-11.819025370683875,-77.03287090378457,0.673096,4
10000,secuencial,radio,1000,2,-11.819025370683875,-77.03287090378457,50.195974,4
10000,rtree,radio,1000,2,-11.819025370683875,-77.03287090378457,0.17648,4
10000,secuencial,radio,1000,3,-11.846049959898656,-76.97530868170429,51.082058,5
10000,rtree,radio,1000,3,-11.846049959898656,-76.97530868170429,0.19805,5
10000,gist,radio,1000,3,-11.846049959898656,-76.97530868170429,0.766984,5
10000,rtree,radio,1000,4,-12.018672930582348,-77.33087166529758,0.152568,3
10000,gist,radio,1000,4,-12.018672930582348,-77.33087166529758,0.610845,3
10000,secuencial,radio,1000,4,-12.018672930582348,-77.33087166529758,54.839426,3
10000,gist,radio,1000,5,-11.82782872109504,-76.90074572228893,0.708903,3
10000,secuencial,radio,1000,5,-11.82782872109504,-76.90074572228893,53.383689,3
10000,rtree,radio,1000,5,-11.82782872109504,-76.90074572228893,0.156897,3
10000,secuencial,radio,1000,6,-11.870590475659505,-77.20118540169999,51.79631,2
10000,rtree,radio,1000,6,-11.870590475659505,-77.20118540169999,0.12942,2
10000,gist,radio,1000,6,-11.870590475659505,-77.20118540169999,0.725694,2
10000,rtree,radio,1000,7,-12.240052897189763,-76.78099844417964,0.151516,2
10000,gist,radio,1000,7,-12.240052897189763,-76.78099844417964,0.605077,2
10000,secuencial,radio,1000,7,-12.240052897189763,-76.78099844417964,52.663027,2
10000,gist,radio,1000,8,-11.883345634396791,-76.89474095860234,0.469908,6
10000,secuencial,radio,1000,8,-11.883345634396791,-76.89474095860234,51.243682,6
10000,rtree,radio,1000,8,-11.883345634396791,-76.89474095860234,0.164549,6
10000,secuencial,radio,1000,9,-12.327192841753288,-77.20271474524674,51.657854,3
10000,rtree,radio,1000,9,-12.327192841753288,-77.20271474524674,0.153523,3
10000,gist,radio,1000,9,-12.327192841753288,-77.20271474524674,0.486512,3
10000,rtree,radio,1000,10,-11.804751645889434,-77.3229261254416,0.133037,3
10000,gist,radio,1000,10,-11.804751645889434,-77.3229261254416,0.273051,3
10000,secuencial,radio,1000,10,-11.804751645889434,-77.3229261254416,50.005425,3
10000,gist,radio,1000,11,-12.006471907703649,-77.15118868947712,0.441224,2
10000,secuencial,radio,1000,11,-12.006471907703649,-77.15118868947712,53.506303,2
10000,rtree,radio,1000,11,-12.006471907703649,-77.15118868947712,0.19496,2
10000,secuencial,radio,1000,12,-12.204956128184476,-77.22040827076262,49.400626,3
10000,rtree,radio,1000,12,-12.204956128184476,-77.22040827076262,0.143644,3
10000,gist,radio,1000,12,-12.204956128184476,-77.22040827076262,0.765222,3
10000,rtree,radio,1000,13,-11.983544025786431,-76.89342975724284,0.187869,4
10000,gist,radio,1000,13,-11.983544025786431,-76.89342975724284,0.652989,4
10000,secuencial,radio,1000,13,-11.983544025786431,-76.89342975724284,51.367525,4
10000,gist,radio,1000,14,-12.168137775782613,-76.76365399284457,0.710094,4
10000,secuencial,radio,1000,14,-12.168137775782613,-76.76365399284457,49.859236,4
10000,rtree,radio,1000,14,-12.168137775782613,-76.76365399284457,0.160735,4
10000,secuencial,radio,1000,15,-12.031430792892165,-76.76351483741132,52.067727,4
10000,rtree,radio,1000,15,-12.031430792892165,-76.76351483741132,0.149605,4
10000,gist,radio,1000,15,-12.031430792892165,-76.76351483741132,0.718166,4
10000,rtree,radio,1000,16,-12.143722726360439,-76.96218807338764,0.120888,0
10000,gist,radio,1000,16,-12.143722726360439,-76.96218807338764,0.59305,0
10000,secuencial,radio,1000,16,-12.143722726360439,-76.96218807338764,50.911292,0
10000,gist,radio,1000,17,-12.307144667383458,-77.17897393043172,0.649491,0
10000,secuencial,radio,1000,17,-12.307144667383458,-77.17897393043172,49.260809,0
10000,rtree,radio,1000,17,-12.307144667383458,-77.17897393043172,0.165226,0
10000,secuencial,radio,1000,18,-12.275183073832562,-76.87578878349431,55.275828,1
10000,rtree,radio,1000,18,-12.275183073832562,-76.87578878349431,0.079868,1
10000,gist,radio,1000,18,-12.275183073832562,-76.87578878349431,0.515201,1
10000,rtree,radio,1000,19,-12.331031714204453,-76.76029307743156,0.140634,5
10000,gist,radio,1000,19,-12.331031714204453,-76.76029307743156,0.467794,5
10000,secuencial,radio,1000,19,-12.331031714204453,-76.76029307743156,57.696631,5
10000,gist,radio,1000,20,-11.875397725776603,-76.8291541495487,0.75646,2
10000,secuencial,radio,1000,20,-11.875397725776603,-76.8291541495487,53.264922,2
10000,rtree,radio,1000,20,-11.875397725776603,-76.8291541495487,0.203114,2
10000,secuencial,radio,1000,21,-12.094163185165952,-77.0237524170421,53.620762,6
10000,rtree,radio,1000,21,-12.094163185165952,-77.0237524170421,0.197608,6
10000,gist,radio,1000,21,-12.094163185165952,-77.0237524170421,0.758911,6
10000,rtree,radio,1000,22,-11.783184404571037,-77.16851570817118,0.139538,0
10000,gist,radio,1000,22,-11.783184404571037,-77.16851570817118,0.568458,0
10000,secuencial,radio,1000,22,-11.783184404571037,-77.16851570817118,60.960236,0
10000,gist,radio,1000,23,-12.330502443992312,-76.8537503501327,0.767105,0
10000,secuencial,radio,1000,23,-12.330502443992312,-76.8537503501327,53.777127,0
10000,rtree,radio,1000,23,-12.330502443992312,-76.8537503501327,0.097621,0
10000,secuencial,radio,1000,24,-11.900554430259245,-77.20850213545228,53.521994,5
10000,rtree,radio,1000,24,-11.900554430259245,-77.20850213545228,0.187724,5
10000,gist,radio,1000,24,-11.900554430259245,-77.20850213545228,0.806196,5
10000,rtree,radio,1000,25,-12.15301049359187,-77.34370037212102,0.176115,3
10000,gist,radio,1000,25,-12.15301049359187,-77.34370037212102,0.654776,3
10000,secuencial,radio,1000,25,-12.15301049359187,-77.34370037212102,54.262724,3
10000,gist,radio,1000,26,-12.293144129217822,-77.07461271258023,0.73963,1
10000,secuencial,radio,1000,26,-12.293144129217822,-77.07461271258023,51.257394,1
10000,rtree,radio,1000,26,-12.293144129217822,-77.07461271258023,0.170621,1
10000,secuencial,radio,1000,27,-11.917813405015332,-76.94828426493639,50.465471,4
10000,rtree,radio,1000,27,-11.917813405015332,-76.94828426493639,0.127161,4
10000,gist,radio,1000,27,-11.917813405015332,-76.94828426493639,0.68275,4
10000,rtree,radio,1000,28,-11.818228970587194,-76.80459168279988,0.181201,1
10000,gist,radio,1000,28,-11.818228970587194,-76.80459168279988,0.584793,1
10000,secuencial,radio,1000,28,-11.818228970587194,-76.80459168279988,50.210184,1
10000,gist,radio,1000,29,-12.042185620553866,-77.11980561484417,0.696696,5
10000,secuencial,radio,1000,29,-12.042185620553866,-77.11980561484417,52.005883,5
10000,rtree,radio,1000,29,-12.042185620553866,-77.11980561484417,0.174818,5
10000,secuencial,radio,1000,30,-11.902732805706265,-77.03636139279664,51.908215,2
10000,rtree,radio,1000,30,-11.902732805706265,-77.03636139279664,0.144135,2
10000,gist,radio,1000,30,-11.902732805706265,-77.03636139279664,0.83492,2
10000,rtree,radio,1000,31,-12.186853482191264,-76.84128098061892,0.193242,1
10000,gist,radio,1000,31,-12.186853482191264,-76.84128098061892,0.701652,1
10000,secuencial,radio,1000,31,-12.186853482191264,-76.84128098061892,50.81968,1
10000,gist,radio,1000,32,-12.189446986329225,-77.16652946042049,0.69859,5
10000,secuencial,radio,1000,32,-12.189446986329225,-77.16652946042049,50.460774,5
10000,rtree,radio,1000,32,-12.189446986329225,-77.16652946042049,0.16176,5
10000,secuencial,radio,1000,33,-11.945495129433406,-77.24486016155174,51.072652,2
10000,rtree,radio,1000,33,-11.945495129433406,-77.24486016155174,0.106856,2
10000,gist,radio,1000,33,-11.945495129433406,-77.24486016155174,0.699721,2
10000,rtree,radio,1000,34,-12.111007007944645,-77.09678326136346,0.129259,1
10000,gist,radio,1000,34,-12.111007007944645,-77.09678326136346,0.438152,1
10000,secuencial,radio,1000,34,-12.111007007944645,-77.09678326136346,50.210267,1
10000,gist,radio,1000,35,-12.246784988834966,-77.04539195581248,0.52053,5
10000,secuencial,radio,1000,35,-12.246784988834966,-77.04539195581248,52.94201,5
10000,rtree,radio,1000,35,-12.246784988834966,-77.04539195581248,0.172012,5
10000,secuencial,radio,1000,36,-11.7733098213026,-77.17743749839795,51.382176,3
10000,rtree,radio,1000,36,-11.7733098213026,-77.17743749839795,0.13961,3
10000,gist,radio,1000,36,-11.7733098213026,-77.17743749839795,0.585054,3
10000,rtree,radio,1000,37,-11.82173238373891,-77.29849310502613,0.094777,4
10000,gist,radio,1000,37,-11.82173238373891,-77.29849310502613,0.520522,4
10000,secuencial,radio,1000,37,-11.82173238373891,-77.29849310502613,50.550723,4
10000,gist,radio,1000,38,-12.114192250590465,-77.08818305290185,0.664419,1
10000,secuencial,radio,1000,38,-12.114192250590465,-77.08818305290185,50.427964,1
10000,rtree,radio,1000,38,-12.114192250590465,-77.08818305290185,0.13962,1
10000,secuencial,radio,1000,39,-11.803259205184059,-77.14440962222349,50.401618,4
10000,rtree,radio,1000,39,-11.803259205184059,-77.14440962222349,0.19399,4
10000,gist,radio,1000,39,-11.803259205184059,-77.14440962222349,0.723621,4
10000,rtree,radio,1000,40,-11.800873761006581,-77.30335267873973,0.142236,3
10000,gist,radio,1000,40,-11.800873761006581,-77.30335267873973,0.657987,3
10000,secuencial,radio,1000,40,-11.800873761006581,-77.30335267873973,49.455515,3
10000,gist,radio,1000,41,-12.32727857289679,-76.77814936880871,0.719057,1
10000,secuencial,radio,1000,41,-12.32727857289679,-76.77814936880871,53.053485,1
10000,rtree,radio,1000,41,-12.32727857289679,-76.77814936880871,0.152882,1
10000,secuencial,radio,1000,42,-11.969126917924573,-76.90016836300424,49.682275,2
10000,rtree,radio,1000,42,-11.969126917924573,-76.90016836300424,0.120812,2
10000,gist,radio,1000,42,-11.969126917924573,-76.90016836300424,0.759281,2
10000,rtree,radio,1000,43,-12.182985570001266,-76.86518920491838,0.143768,4
10000,gist,radio,1000,43,-12.182985570001266,-76.86518920491838,0.614176,4
10000,secuencial,radio,1000,43,-12.182985570001266,-76.86518920491838,51.552199,4
10000,gist,radio,1000,44,-12.243231108605903,-76.78957127246358,0.655802,2
10000,secuencial,radio,1000,44,-12.243231108605903,-76.78957127246358,50.904236,2
10000,rtree,radio,1000,44,-12.243231108605903,-76.78957127246358,0.139402,2
10000,secuencial,radio,1000,45,-12.045162976892575,-77.1478909274555,57.063996,5
10000,rtree,radio,1000,45,-12.045162976892575,-77.1478909274555,0.165713,5
10000,gist,radio,1000,45,-12.045162976892575,-77.1478909274555,0.6096,5
10000,rtree,radio,1000,46,-12.153660746768656,-77.12241798868614,0.103817,3
10000,gist,radio,1000,46,-12.153660746768656,-77.12241798868614,0.492847,3
10000,secuencial,radio,1000,46,-12.153660746768656,-77.12241798868614,53.421987,3
10000,gist,radio,1000,47,-12.261113789014654,-77.20446391162345,0.766131,4
10000,secuencial,radio,1000,47,-12.261113789014654,-77.20446391162345,52.790088,4
10000,rtree,radio,1000,47,-12.261113789014654,-77.20446391162345,0.175423,4
10000,secuencial,radio,1000,48,-11.911772000063623,-76.79765223136404,50.147289,0
10000,rtree,radio,1000,48,-11.911772000063623,-76.79765223136404,0.10446,0
10000,gist,radio,1000,48,-11.911772000063623,-76.79765223136404,0.68921,0
10000,rtree,radio,1000,49,-12.08433823364092,-77.08248518061632,0.129519,0
10000,gist,radio,1000,49,-12.08433823364092,-77.08248518061632,0.559701,0
10000,secuencial,radio,1000,49,-12.08433823364092,-77.08248518061632,51.546719,0
10000,gist,radio,1000,50,-12.018703684582047,-77.0827390512618,0.732958,3
10000,secuencial,radio,1000,50,-12.018703684582047,-77.0827390512618,50.823027,3
10000,rtree,radio,1000,50,-12.018703684582047,-77.0827390512618,0.164315,3
10000,secuencial,radio,1000,51,-12.236491560433548,-76.89427507131919,49.4036,3
10000,rtree,radio,1000,51,-12.236491560433548,-76.89427507131919,0.117243,3
10000,gist,radio,1000,51,-12.236491560433548,-76.89427507131919,0.722656,3
10000,rtree,radio,1000,52,-11.774796910789586,-77.00025470806015,0.160008,1
10000,gist,radio,1000,52,-11.774796910789586,-77.00025470806015,0.551179,1
10000,secuencial,radio,1000,52,-11.774796910789586,-77.00025470806015,51.110298,1
10000,gist,radio,1000,53,-12.046124721526658,-77.31449342849712,0.650994,5
10000,secuencial,radio,1000,53,-12.046124721526658,-77.31449342849712,52.859724,5
10000,rtree,radio,1000,53,-12.046124721526658,-77.31449342849712,0.212077,5
10000,secuencial,radio,1000,54,-11.842702704287872,-76.98969897455655,51.696668,3
10000,rtree,radio,1000,54,-11.842702704287872,-76.98969897455655,0.160856,3
10000,gist,radio,1000,54,-11.842702704287872,-76.98969897455655,0.655106,3
10000,rtree,radio,1000,55,-12.012885837600235,-77.07204158056325,0.193295,4
10000,gist,radio,1000,55,-12.012885837600235,-77.07204158056325,0.638289,4
10000,secuencial,radio,1000,55,-12.012885837600235,-77.07204158056325,52.129592,4
10000,gist,radio,1000,56,-12.191535679067739,-77.05101821795063,0.708379,0
10000,secuencial,radio,1000,56,-12.191535679067739,-77.05101821795063,51.806465,0
10000,rtree,radio,1000,56,-12.191535679067739,-77.05101821795063,0.142624,0
10000,secuencial,radio,1000,57,-12.294982634454936,-76.81606890593824,55.223302,5
10000,rtree,radio,1000,57,-12.294982634454936,-76.81606890593824,0.142656,5
10000,gist,radio,1000,57,-12.294982634454936,-76.81606890593824,0.7967,5
10000,rtree,radio,1000,58,-12.019881116431574,-77.17465856727942,0.190038,2
10000,gist,radio,1000,58,-12.019881116431574,-77.17465856727942,0.60622,2
10000,secuencial,radio,1000,58,-12.019881116431574,-77.17465856727942,51.586342,2
10000,gist,radio,1000,59,-12.083837843908505,-77.21121361001406,0.711648,4
10000,secuencial,radio,1000,59,-12.083837843908505,-77.21121361001406,50.326596,4
10000,rtree,radio,1000,59,-12.083837843908505,-77.21121361001406,0.186453,4
10000,secuencial,radio,1000,60,-11.83936801656191,-77.09299515471804,54.049332,3
10000,rtree,radio,1000,60,-11.83936801656191,-77.09299515471804,0.151231,3
10000,gist,radio,1000,60,-11.83936801656191,-77.09299515471804,0.776557,3
10000,rtree,radio,1000,61,-12.183106547002918,-77.22059613654136,0.13541,1
10000,gist,radio,1000,61,-12.183106547002918,-77.22059613654136,0.595836,1
10000,secuencial,radio,1000,61,-12.183106547002918,-77.22059613654136,51.349742,1
10000,gist,radio,1000,62,-11.964714077146779,-77.17207277242889,0.680779,4
10000,secuencial,radio,1000,62,-11.964714077146779,-77.17207277242889,51.526411,4
10000,rtree,radio,1000,62,-11.964714077146779,-77.17207277242889,0.163358,4
10000,secuencial,radio,1000,63,-12.25109119183904,-76.82654729000366,50.945299,3
10000,rtree,radio,1000,63,-12.25109119183904,-76.82654729000366,0.106959,3
10000,gist,radio,1000,63,-12.25109119183904,-76.82654729000366,0.672332,3
10000,rtree,radio,1000,64,-12.227348909580273,-76.86818152585958,0.133905,5
10000,gist,radio,1000,64,-12.227348909580273,-76.86818152585958,0.589687,5
10000,secuencial,radio,1000,64,-12.227348909580273,-76.86818152585958,49.738195,5
10000,gist,radio,1000,65,-12.025180601663209,-77.05818404136323,0.631238,3
10000,secuencial,radio,1000,65,-12.025180601663209,-77.05818404136323,51.370004,3
10000,rtree,radio,1000,65,-12.025180601663209,-77.05818404136323,0.210397,3
10000,secuencial,radio,1000,66,-11.771840026943192,-76.82079070367021,51.369143,3
10000,rtree,radio,1000,66,-11.771840026943192,-76.82079070367021,0.163021,3
10000,gist,radio,1000,66,-11.771840026943192,-76.82079070367021,0.661767,3
10000,rtree,radio,1000,67,-11.903298489267021,-76.96770565230796,0.139019,5
10000,gist,radio,1000,67,-11.903298489267021,-76.96770565230796,0.530138,5
10000,secuencial,radio,1000,67,-11.903298489267021,-76.96770565230796,51.199504,5
10000,gist,radio,1000,68,-11.84458347945915,-76.96257743655522,0.601232,3
10000,secuencial,radio,1000,68,-11.84458347945915,-76.96257743655522,51.794217,3
10000,rtree,radio,1000,68,-11.84458347945915,-76.96257743655522,0.171796,3
10000,secuencial,radio,1000,69,-11.979264260411975,-77.16776722656559,53.063049,2
10000,rtree,radio,1000,69,-11.979264260411975,-77.16776722656559,0.13144,2
10000,gist,radio,1000,69,-11.979264260411975,-77.16776722656559,0.69053,2
10000,rtree,radio,1000,70,-12.307328894322914,-77.12235407145627,0.128753,1
10000,gist,radio,1000,70,-12.307328894322914,-77.12235407145627,0.620637,1
10000,secuencial,radio,1000,70,-12.307328894322914,-77.12235407145627,50.767508,1
10000,gist,radio,1000,71,-12.246347066569076,-77.03273649701573,0.640944,3
10000,secuencial,radio,1000,71,-12.246347066569076,-77.03273649701573,51.61207,3
10000,rtree,radio,1000,71,-12.246347066569076,-77.03273649701573,0.150988,3
10000,secuencial,radio,1000,72,-11.827264186283267,-77.18280286711541,51.796453,1
10000,rtree,radio,1000,72,-11.827264186283267,-77.18280286711541,0.176451,1
10000,gist,radio,1000,72,-11.827264186283267,-77.18280286711541,0.825198,1
10000,rtree,radio,1000,73,-11.81239852391384,-76.95104457771211,0.199688,3
10000,gist,radio,1000,73,-11.81239852391384,-76.95104457771211,0.702773,3
10000,secuencial,radio,1000,73,-11.81239852391384,-76.95104457771211,54.1777,3
10000,gist,radio,1000,74,-11.936355144311689,-76.87964926824449,0.713499,1
10000,secuencial,radio,1000,74,-11.936355144311689,-76.87964926824449,51.655711,1
10000,rtree,radio,1000,74,-11.936355144311689,-76.87964926824449,0.126043,1
10000,secuencial,radio,1000,75,-11.902374144565027,-76.80139431019622,50.5771,2
10000,rtree,radio,1000,75,-11.902374144565027,-76.80139431019622,0.142882,2
10000,gist,radio,1000,75,-11.902374144565027,-76.80139431019622,0.587287,2
10000,rtree,radio,1000,76,-11.820249617459575,-77.04581136517697,0.112852,0
10000,gist,radio,1000,76,-11.820249617459575,-77.04581136517697,0.556642,0
10000,secuencial,radio,1000,76,-11.820249617459575,-77.04581136517697,51.418501,0
10000,gist,radio,1000,77,-12.177305805147972,-76.92299687024163,0.776369,3
10000,secuencial,radio,1000,77,-12.177305805147972,-76.92299687024163,54.746538,3
10000,rtree,radio,1000,77,-12.177305805147972,-76.92299687024163,0.13533,3
10000,secuencial,radio,1000,78,-12.268299384287044,-77.1243168684586,53.193224,1
10000,rtree,radio,1000,78,-12.268299384287044,-77.1243168684586,0.103634,1
10000,gist,radio,1000,78,-12.268299384287044,-77.1243168684586,0.774769,1
10000,rtree,radio,1000,79,-12.153376433595325,-76.79853117033628,0.141011,4
10000,gist,radio,1000,79,-12.153376433595325,-76.79853117033628,0.625442,4
10000,secuencial,radio,1000,79,-12.153376433595325,-76.79853117033628,53.375948,4
10000,gist,radio,1000,80,-11.992353562357,-76.8022966511219,0.727582,3
10000,secuencial,radio,1000,80,-11.992353562357,-76.8022966511219,52.187263,3
10000,rtree,radio,1000,80,-11.992353562357,-76.8022966511219,0.146613,3
10000,secuencial,radio,1000,81,-11.982462973416517,-77.16970328360398,53.76604,2
10000,rtree,radio,1000,81,-11.982462973416517,-77.16970328360398,0.149484,2
10000,gist,radio,1000,81,-11.982462973416517,-77.16970328360398,0.803978,2
10000,rtree,radio,1000,82,-12.146900692748956,-76.92785642670108,0.161199,2
10000,gist,radio,1000,82,-12.146900692748956,-76.92785642670108,0.672793,2
10000,secuencial,radio,1000,82,-12.146900692748956,-76.92785642670108,50.781314,2
10000,gist,radio,1000,83,-11.848153943762625,-77.19609505846526,0.757707,5
10000,secuencial,radio,1000,83,-11.848153943762625,-77.19609505846526,51.221489,5
10000,rtree,radio,1000,83,-11.848153943762625,-77.19609505846526,0.199285,5
10000,secuencial,radio,1000,84,-11.96096942701325,-77.31935181248366,52.057687,3
10000,rtree,radio,1000,84,-11.96096942701325,-77.31935181248366,0.137502,3
10000,gist,radio,1000,84,-11.96096942701325,-77.31935181248366,0.562376,3
10000,rtree,radio,1000,85,-12.300547114664454,-77.09555684869085,0.110244,3
10000,gist,radio,1000,85,-12.300547114664454,-77.09555684869085,0.38582,3
10000,secuencial,radio,1000,85,-12.300547114664454,-77.09555684869085,51.713454,3
10000,gist,radio,1000,86,-12.29178678439614,-77.13426031557285,0.587763,4
10000,secuencial,radio,1000,86,-12.29178678439614,-77.13426031557285,50.904879,4
10000,rtree,radio,1000,86,-12.29178678439614,-77.13426031557285,0.129675,4
10000,secuencial,radio,1000,87,-12.129607369243198,-77.02309996366162,51.488826,1
10000,rtree,radio,1000,87,-12.129607369243198,-77.02309996366162,0.096598,1
10000,gist,radio,1000,87,-12.129607369243198,-77.02309996366162,0.721778,1
10000,rtree,radio,1000,88,-12.188571188323111,-77.14502175316414,0.155386,3
10000,gist,radio,1000,88,-12.188571188323111,-77.14502175316414,0.588528,3
10000,secuencial,radio,1000,88,-12.188571188323111,-77.14502175316414,55.593938,3
10000,gist,radio,1000,89,-11.859744169120574,-77.07604733374517,0.746378,1
10000,secuencial,radio,1000,89,-11.859744169120574,-77.07604733374517,52.596326,1
10000,rtree,radio,1000,89,-11.859744169120574,-77.07604733374517,0.140935,1
10000,secuencial,radio,1000,90,-12.024714902015914,-76.96605303183892,51.399518,6
10000,rtree,radio,1000,90,-12.024714902015914,-76.96605303183892,0.178662,6
10000,gist,radio,1000,90,-12.024714902015914,-76.96605303183892,0.782688,6
10000,rtree,radio,1000,91,-11.905508232632442,-77.10656813471577,0.170628,4
10000,gist,radio,1000,91,-11.905508232632442,-77.10656813471577,0.612822,4
10000,secuencial,radio,1000,91,-11.905508232632442,-77.10656813471577,51.229522,4
10000,gist,radio,1000,92,-11.901870253561093,-77.11307209242074,0.703055,5
10000,secuencial,radio,1000,92,-11.901870253561093,-77.11307209242074,49.782322,5
10000,rtree,radio,1000,92,-11.901870253561093,-77.11307209242074,0.147707,5
10000,secuencial,radio,1000,93,-12.343516018001337,-76.80015450715057,52.755866,2
10000,rtree,radio,1000,93,-12.343516018001337,-76.80015450715057,0.138436,2
10000,gist,radio,1000,93,-12.343516018001337,-76.80015450715057,0.76278,2
10000,rtree,radio,1000,94,-11.991393905632954,-77.18057562505354,0.19508,3
10000,gist,radio,1000,94,-11.991393905632954,-77.18057562505354,0.448621,3
10000,secuencial,radio,1000,94,-11.991393905632954,-77.18057562505354,51.359234,3
10000,gist,radio,1000,95,-11.952867359702045,-77.27931373026212,0.581868,2
10000,secuencial,radio,1000,95,-11.952867359702045,-77.27931373026212,51.124035,2
10000,rtree,radio,1000,95,-11.952867359702045,-77.27931373026212,0.114412,2
10000,secuencial,radio,1000,96,-11.840522947118483,-76.87926162049457,51.395098,3
10000,rtree,radio,1000,96,-11.840522947118483,-76.87926162049457,0.132296,3
10000,gist,radio,1000,96,-11.840522947118483,-76.87926162049457,0.584087,3
10000,rtree,radio,1000,97,-12.239869721253509,-76.83566256670153,0.103676,1
10000,gist,radio,1000,97,-12.239869721253509,-76.83566256670153,0.410746,1
10000,secuencial,radio,1000,97,-12.239869721253509,-76.83566256670153,51.376063,1
10000,gist,radio,1000,98,-12.207047072243997,-77.0225674397733,0.602212,1
10000,secuencial,radio,1000,98,-12.207047072243997,-77.0225674397733,54.242378,1
10000,rtree,radio,1000,98,-12.207047072243997,-77.0225674397733,0.138259,1
10000,secuencial,radio,1000,99,-12.286744056266315,-76.83456862138426,52.646194,6
10000,rtree,radio,1000,99,-12.286744056266315,-76.83456862138426,0.125296,6
10000,gist,radio,1000,99,-12.286744056266315,-76.83456862138426,0.780802,6
10000,secuencial,radio,5000,0,-12.238351077321237,-77.12323781150685,54.67483,80
10000,rtree,radio,5000,0,-12.238351077321237,-77.12323781150685,0.851131,80
10000,gist,radio,5000,0,-12.238351077321237,-77.12323781150685,1.083206,80
10000,rtree,radio,5000,1,-11.850490175417459,-76.77207450018096,0.812836,69
10000,gist,radio,5000,1,-11.850490175417459,-76.77207450018096,0.900674,69
10000,secuencial,radio,5000,1,-11.850490175417459,-76.77207450018096,51.331334,69
10000,gist,radio,5000,2,-11.819025370683875,-77.03287090378457,0.957689,68
10000,secuencial,radio,5000,2,-11.819025370683875,-77.03287090378457,50.014955,68
10000,rtree,radio,5000,2,-11.819025370683875,-77.03287090378457,0.68947,68
10000,secuencial,radio,5000,3,-11.846049959898656,-76.97530868170429,50.390446,57
10000,rtree,radio,5000,3,-11.846049959898656,-76.97530868170429,0.607697,57
10000,gist,radio,5000,3,-11.846049959898656,-76.97530868170429,0.949795,57
10000,rtree,radio,5000,4,-12.018672930582348,-77.33087166529758,0.722894,73
10000,gist,radio,5000,4,-12.018672930582348,-77.33087166529758,0.871213,73
10000,secuencial,radio,5000,4,-12.018672930582348,-77.33087166529758,49.716631,73
10000,gist,radio,5000,5,-11.82782872109504,-76.90074572228893,0.891756,48
10000,secuencial,radio,5000,5,-11.82782872109504,-76.90074572228893,50.962808,48
10000,rtree,radio,5000,5,-11.82782872109504,-76.90074572228893,0.625205,48
10000,secuencial,radio,5000,6,-11.870590475659505,-77.20118540169999,49.701559,60
10000,rtree,radio,5000,6,-11.870590475659505,-77.20118540169999,0.606475,60
10000,gist,radio,5000,6,-11.870590475659505,-77.20118540169999,0.936407,60
10000,rtree,radio,5000,7,-12.240052897189763,-76.78099844417964,0.57416,47
10000,gist,radio,5000,7,-12.240052897189763,-76.78099844417964,0.794965,47
10000,secuencial,radio,5000,7,-12.240052897189763,-76.78099844417964,50.253428,47
10000,gist,radio,5000,8,-11.883345634396791,-76.89474095860234,0.98323,78
10000,secuencial,radio,5000,8,-11.883345634396791,-76.89474095860234,50.346517,78
10000,rtree,radio,5000,8,-11.883345634396791,-76.89474095860234,0.950024,78
10000,secuencial,radio,5000,9,-12.327192841753288,-77.20271474524674,51.21591,62
10000,rtree,radio,5000,9,-12.327192841753288,-77.20271474524674,0.714705,62
10000,gist,radio,5000,9,-12.327192841753288,-77.20271474524674,1.012205,62
10000,rtree,radio,5000,10,-11.804751645889434,-77.3229261254416,0.767092,69
10000,gist,radio,5000,10,-11.804751645889434,-77.3229261254416,0.876174,69
10000,secuencial,radio,5000,10,-11.804751645889434,-77.3229261254416,51.292462,69
10000,gist,radio,5000,11,-12.006471907703649,-77.15118868947712,0.955257,68
10000,secuencial,radio,5000,11,-12.006471907703649,-77.15118868947712,50.533444,68
10000,rtree,radio,5000,11,-12.006471907703649,-77.15118868947712,0.71561,68
10000,secuencial,radio,5000,12,-12.204956128184476,-77.22040827076262,50.914647,60
10000,rtree,radio,5000,12,-12.204956128184476,-77.22040827076262,0.709308,60
10000,gist,radio,5000,12,-12.204956128184476,-77.22040827076262,0.870664,60
10000,rtree,radio,5000,13,-11.983544025786431,-76.89342975724284,0.818989,78
10000,gist,radio,5000,13,-11.983544025786431,-76.89342975724284,0.924346,78
10000,secuencial,radio,5000,13,-11.983544025786431,-76.89342975724284,52.043409,78
10000,gist,radio,5000,14,-12.168137775782613,-76.76365399284457,1.15965,60
10000,secuencial,radio,5000,14,-12.168137775782613,-76.76365399284457,52.248639,60
10000,rtree,radio,5000,14,-12.168137775782613,-76.76365399284457,0.689221,60
10000,secuencial,radio,5000,15,-12.031430792892165,-76.76351483741132,52.037153,62
10000,rtree,radio,5000,15,-12.031430792892165,-76.76351483741132,0.739776,62
10000,gist,radio,5000,15,-12.031430792892165,-76.76351483741132,0.931765,62
10000,rtree,radio,5000,16,-12.143722726360439,-76.96218807338764,0.661926,58
10000,gist,radio,5000,16,-12.143722726360439,-76.96218807338764,0.817099,58
10000,secuencial,radio,5000,16,-12.143722726360439,-76.96218807338764,58.371723,58
10000,gist,radio,5000,17,-12.307144667383458,-77.17897393043172,1.66784,64
10000,secuencial,radio,5000,17,-12.307144667383458,-77.17897393043172,54.953745,64
10000,rtree,radio,5000,17,-12.307144667383458,-77.17897393043172,0.66958,64
10000,secuencial,radio,5000,18,-12.275183073832562,-76.87578878349431,50.570866,70
10000,rtree,radio,5000,18,-12.275183073832562,-76.87578878349431,0.702598,70
10000,gist,radio,5000,18,-12.275183073832562,-76.87578878349431,0.982706,70
10000,rtree,radio,5000,19,-12.331031714204453,-76.76029307743156,0.76754,77
10000,gist,radio,5000,19,-12.331031714204453,-76.76029307743156,0.880762,77
10000,secuencial,radio,5000,19,-12.331031714204453,-76.76029307743156,50.314411,77
10000,gist,radio,5000,20,-11.875397725776603,-76.8291541495487,0.919612,70
10000,secuencial,radio,5000,20,-11.875397725776603,-76.8291541495487,51.558785,70
10000,rtree,radio,5000,20,-11.875397725776603,-76.8291541495487,0.771498,70
10000,secuencial,radio,5000,21,-12.094163185165952,-77.0237524170421,51.389599,70
10000,rtree,radio,5000,21,-12.094163185165952,-77.0237524170421,0.966615,70
10000,gist,radio,5000,21,-12.094163185165952,-77.0237524170421,1.144931,70
10000,rtree,radio,5000,22,-11.783184404571037,-77.16851570817118,0.828728,68
10000,gist,radio,5000,22,-11.783184404571037,-77.16851570817118,0.963691,68
10000,secuencial,radio,5000,22,-11.783184404571037,-77.16851570817118,51.445809,68
10000,gist,radio,5000,23,-12.330502443992312,-76.8537503501327,0.995865,64
10000,secuencial,radio,5000,23,-12.330502443992312,-76.8537503501327,51.515823,64
10000,rtree,radio,5000,23,-12.330502443992312,-76.8537503501327,0.615897,64
10000,secuencial,radio,5000,24,-11.900554430259245,-77.20850213545228,51.019881,64
10000,rtree,radio,5000,24,-11.900554430259245,-77.20850213545228,0.662474,64
10000,gist,radio,5000,24,-11.900554430259245,-77.20850213545228,0.899339,64
10000,rtree,radio,5000,25,-12.15301049359187,-77.34370037212102,0.63627,59
10000,gist,radio,5000,25,-12.15301049359187,-77.34370037212102,0.848878,59
10000,secuencial,radio,5000,25,-12.15301049359187,-77.34370037212102,54.080166,59
10000,gist,radio,5000,26,-12.293144129217822,-77.07461271258023,1.026397,63
10000,secuencial,radio,5000,26,-12.293144129217822,-77.07461271258023,52.242343,63
10000,rtree,radio,5000,26,-12.293144129217822,-77.07461271258023,0.741869,63
10000,secuencial,radio,5000,27,-11.917813405015332,-76.94828426493639,50.101554,72
10000,rtree,radio,5000,27,-11.917813405015332,-76.94828426493639,0.782172,72
10000,gist,radio,5000,27,-11.917813405015332,-76.94828426493639,0.949182,72
10000,rtree,radio,5000,28,-11.818228970587194,-76.80459168279988,0.732455,64
10000,gist,radio,5000,28,-11.818228970587194,-76.80459168279988,0.850254,64
10000,secuencial,radio,5000,28,-11.818228970587194,-76.80459168279988,50.404079,64
10000,gist,radio,5000,29,-12.042185620553866,-77.11980561484417,0.970733,67
10000,secuencial,radio,5000,29,-12.042185620553866,-77.11980561484417,49.603885,67
10000,rtree,radio,5000,29,-12.042185620553866,-77.11980561484417,0.712934,67
10000,secuencial,radio,5000,30,-11.902732805706265,-77.03636139279664,50.738099,69
10000,rtree,radio,5000,30,-11.902732805706265,-77.03636139279664,0.658595,69
10000,gist,radio,5000,30,-11.902732805706265,-77.03636139279664,0.946594,69
10000,rtree,radio,5000,31,-12.186853482191264,-76.84128098061892,0.706269,66
10000,gist,radio,5000,31,-12.186853482191264,-76.84128098061892,0.794491,66
10000,secuencial,radio,5000,31,-12.186853482191264,-76.84128098061892,51.672308,66
10000,gist,radio,5000,32,-12.189446986329225,-77.16652946042049,1.05644,83
10000,secuencial,radio,5000,32,-12.189446986329225,-77.16652946042049,52.367005,83
10000,rtree,radio,5000,32,-12.189446986329225,-77.16652946042049,0.899773,83
10000,secuencial,radio,5000,33,-11.945495129433406,-77.24486016155174,51.919913,51
10000,rtree,radio,5000,33,-11.945495129433406,-77.24486016155174,0.654353,51
10000,gist,radio,5000,33,-11.945495129433406,-77.24486016155174,0.998788,51
10000,rtree,radio,5000,34,-12.111007007944645,-77.09678326136346,0.666653,53
10000,gist,radio,5000,34,-12.111007007944645,-77.09678326136346,0.747695,53
10000,secuencial,radio,5000,34,-12.111007007944645,-77.09678326136346,53.169268,53
10000,gist,radio,5000,35,-12.246784988834966,-77.04539195581248,0.96294,67
10000,secuencial,radio,5000,35,-12.246784988834966,-77.04539195581248,51.809942,67
10000,rtree,radio,5000,35,-12.246784988834966,-77.04539195581248,0.793357,67
10000,secuencial,radio,5000,36,-11.7733098213026,-77.17743749839795,49.909897,65
10000,rtree,radio,5000,36,-11.7733098213026,-77.17743749839795,1.113445,65
10000,gist,radio,5000,36,-11.7733098213026,-77.17743749839795,1.048049,65
10000,rtree,radio,5000,37,-11.82173238373891,-77.29849310502613,0.77882,58
10000,gist,radio,5000,37,-11.82173238373891,-77.29849310502613,0.944622,58
10000,secuencial,radio,5000,37,-11.82173238373891,-77.29849310502613,50.982322,58
10000,gist,radio,5000,38,-12.114192250590465,-77.08818305290185,0.820579,55
10000,secuencial,radio,5000,38,-12.114192250590465,-77.08818305290185,51.502142,55
10000,rtree,radio,5000,38,-12.114192250590465,-77.08818305290185,0.6562,55
10000,secuencial,radio,5000,39,-11.803259205184059,-77.14440962222349,51.625679,75
10000,rtree,radio,5000,39,-11.803259205184059,-77.14440962222349,0.832705,75
10000,gist,radio,5000,39,-11.803259205184059,-77.14440962222349,1.018941,75
10000,rtree,radio,5000,40,-11.800873761006581,-77.30335267873973,0.70387,58
10000,gist,radio,5000,40,-11.800873761006581,-77.30335267873973,0.779378,58
10000,secuencial,radio,5000,40,-11.800873761006581,-77.30335267873973,51.970637,58
10000,gist,radio,5000,41,-12.32727857289679,-76.77814936880871,1.040165,81
10000,secuencial,radio,5000,41,-12.32727857289679,-76.77814936880871,51.02041,81
10000,rtree,radio,5000,41,-12.32727857289679,-76.77814936880871,0.902434,81
10000,secuencial,radio,5000,42,-11.969126917924573,-76.90016836300424,51.489927,74
10000,rtree,radio,5000,42,-11.969126917924573,-76.90016836300424,0.844253,74
10000,gist,radio,5000,42,-11.969126917924573,-76.90016836300424,0.955948,74
10000,rtree,radio,5000,43,-12.182985570001266,-76.86518920491838,0.714009,63
10000,gist,radio,5000,43,-12.182985570001266,-76.86518920491838,0.849251,63
10000,secuencial,radio,5000,43,-12.182985570001266,-76.86518920491838,51.761465,63
10000,gist,radio,5000,44,-12.243231108605903,-76.78957127246358,0.93845,47
10000,secuencial,radio,5000,44,-12.243231108605903,-76.78957127246358,50.168446,47
10000,rtree,radio,5000,44,-12.243231108605903,-76.78957127246358,0.589603,47
10000,secuencial,radio,5000,45,-12.045162976892575,-77.1478909274555,51.836735,59
10000,rtree,radio,5000,45,-12.045162976892575,-77.1478909274555,0.631045,59
10000,gist,radio,5000,45,-12.045162976892575,-77.1478909274555,0.947333,59
10000,rtree,radio,5000,46,-12.153660746768656,-77.12241798868614,0.70369,72
10000,gist,radio,5000,46,-12.153660746768656,-77.12241798868614,0.677595,72
10000,secuencial,radio,5000,46,-12.153660746768656,-77.12241798868614,50.677501,72
10000,gist,radio,5000,47,-12.261113789014654,-77.20446391162345,0.973993,72
10000,secuencial,radio,5000,47,-12.261113789014654,-77.20446391162345,51.015613,72
10000,rtree,radio,5000,47,-12.261113789014654,-77.20446391162345,0.822942,72
10000,secuencial,radio,5000,48,-11.911772000063623,-76.79765223136404,54.34579,47
10000,rtree,radio,5000,48,-11.911772000063623,-76.79765223136404,0.759533,47
10000,gist,radio,5000,48,-11.911772000063623,-76.79765223136404,0.92254,47
10000,rtree,radio,5000,49,-12.08433823364092,-77.08248518061632,0.770374,47
10000,gist,radio,5000,49,-12.08433823364092,-77.08248518061632,0.93654,47
10000,secuencial,radio,5000,49,-12.08433823364092,-77.08248518061632,54.153496,47
10000,gist,radio,5000,50,-12.018703684582047,-77.0827390512618,0.94541,65
10000,secuencial,radio,5000,50,-12.018703684582047,-77.0827390512618,51.747127,65
10000,rtree,radio,5000,50,-12.018703684582047,-77.0827390512618,0.835428,65
10000,secuencial,radio,5000,51,-12.236491560433548,-76.89427507131919,51.315735,70
10000,rtree,radio,5000,51,-12.236491560433548,-76.89427507131919,0.803745,70
10000,gist,radio,5000,51,-12.236491560433548,-76.89427507131919,1.067255,70
10000,rtree,radio,5000,52,-11.774796910789586,-77.00025470806015,0.771355,62
10000,gist,radio,5000,52,-11.774796910789586,-77.00025470806015,0.851802,62
10000,secuencial,radio,5000,52,-11.774796910789586,-77.00025470806015,52.103813,62
10000,gist,radio,5000,53,-12.046124721526658,-77.31449342849712,1.090399,83
10000,secuencial,radio,5000,53,-12.046124721526658,-77.31449342849712,51.652181,83
10000,rtree,radio,5000,53,-12.046124721526658,-77.31449342849712,0.844641,83
10000,secuencial,radio,5000,54,-11.842702704287872,-76.98969897455655,50.893414,65
10000,rtree,radio,5000,54,-11.842702704287872,-76.98969897455655,0.702229,65
10000,gist,radio,5000,54,-11.842702704287872,-76.98969897455655,0.925323,65
10000,rtree,radio,5000,55,-12.012885837600235,-77.07204158056325,0.731367,72
10000,gist,radio,5000,55,-12.012885837600235,-77.07204158056325,0.847583,72
10000,secuencial,radio,5000,55,-12.012885837600235,-77.07204158056325,48.524778,72
10000,gist,radio,5000,56,-12.191535679067739,-77.05101821795063,0.937814,65
10000,secuencial,radio,5000,56,-12.191535679067739,-77.05101821795063,51.507989,65
10000,rtree,radio,5000,56,-12.191535679067739,-77.05101821795063,0.722064,65
10000,secuencial,radio,5000,57,-12.294982634454936,-76.81606890593824,51.064625,65
10000,rtree,radio,5000,57,-12.294982634454936,-76.81606890593824,0.740205,65
10000,gist,radio,5000,57,-12.294982634454936,-76.81606890593824,1.049238,65
10000,rtree,radio,5000,58,-12.019881116431574,-77.17465856727942,0.860771,73
10000,gist,radio,5000,58,-12.019881116431574,-77.17465856727942,0.946448,73
10000,secuencial,radio,5000,58,-12.019881116431574,-77.17465856727942,50.36618,73
10000,gist,radio,5000,59,-12.083837843908505,-77.21121361001406,0.973475,72
10000,secuencial,radio,5000,59,-12.083837843908505,-77.21121361001406,51.454085,72
10000,rtree,radio,5000,59,-12.083837843908505,-77.21121361001406,0.768417,72
10000,secuencial,radio,5000,60,-11.83936801656191,-77.09299515471804,50.665573,65
10000,rtree,radio,5000,60,-11.83936801656191,-77.09299515471804,0.741771,65
10000,gist,radio,5000,60,-11.83936801656191,-77.09299515471804,0.946636,65
10000,rtree,radio,5000,61,-12.183106547002918,-77.22059613654136,0.725455,57
10000,gist,radio,5000,61,-12.183106547002918,-77.22059613654136,0.849159,57
10000,secuencial,radio,5000,61,-12.183106547002918,-77.22059613654136,53.168776,57
10000,gist,radio,5000,62,-11.964714077146779,-77.17207277242889,1.042395,69
10000,secuencial,radio,5000,62,-11.964714077146779,-77.17207277242889,51.296939,69
10000,rtree,radio,5000,62,-11.964714077146779,-77.17207277242889,0.918182,69
10000,secuencial,radio,5000,63,-12.25109119183904,-76.82654729000366,50.861895,68
10000,rtree,radio,5000,63,-12.25109119183904,-76.82654729000366,0.701042,68
10000,gist,radio,5000,63,-12.25109119183904,-76.82654729000366,0.90092,68
10000,rtree,radio,5000,64,-12.227348909580273,-76.86818152585958,0.677571,68
10000,gist,radio,5000,64,-12.227348909580273,-76.86818152585958,0.842318,68
10000,secuencial,radio,5000,64,-12.227348909580273,-76.86818152585958,51.450537,68
10000,gist,radio,5000,65,-12.025180601663209,-77.05818404136323,0.764743,64
10000,secuencial,radio,5000,65,-12.025180601663209,-77.05818404136323,50.151425,64
10000,rtree,radio,5000,65,-12.025180601663209,-77.05818404136323,0.770317,64
10000,secuencial,radio,5000,66,-11.771840026943192,-76.82079070367021,49.760251,70
10000,rtree,radio,5000,66,-11.771840026943192,-76.82079070367021,0.707568,70
10000,gist,radio,5000,66,-11.771840026943192,-76.82079070367021,0.725066,70
10000,rtree,radio,5000,67,-11.903298489267021,-76.96770565230796,0.674191,62
10000,gist,radio,5000,67,-11.903298489267021,-76.96770565230796,0.580707,62
10000,secuencial,radio,5000,67,-11.903298489267021,-76.96770565230796,49.088979,62
10000,gist,radio,5000,68,-11.84458347945915,-76.96257743655522,0.68704,58
10000,secuencial,radio,5000,68,-11.84458347945915,-76.96257743655522,51.005277,58
10000,rtree,radio,5000,68,-11.84458347945915,-76.96257743655522,0.640602,58
10000,secuencial,radio,5000,69,-11.979264260411975,-77.16776722656559,49.388689,68
10000,rtree,radio,5000,69,-11.979264260411975,-77.16776722656559,0.701903,68
10000,gist,radio,5000,69,-11.979264260411975,-77.16776722656559,0.701137,68
10000,rtree,radio,5000,70,-12.307328894322914,-77.12235407145627,0.626666,63
10000,gist,radio,5000,70,-12.307328894322914,-77.12235407145627,0.585218,63
10000,secuencial,radio,5000,70,-12.307328894322914,-77.12235407145627,48.67485,63
10000,gist,radio,5000,71,-12.246347066569076,-77.03273649701573,0.606556,64
10000,secuencial,radio,5000,71,-12.246347066569076,-77.03273649701573,51.247534,64
10000,rtree,radio,5000,71,-12.246347066569076,-77.03273649701573,0.767364,64
10000,secuencial,radio,5000,72,-11.827264186283267,-77.18280286711541,50.378632,81
10000,rtree,radio,5000,72,-11.827264186283267,-77.18280286711541,0.801575,81
10000,gist,radio,5000,72,-11.827264186283267,-77.18280286711541,0.825169,81
10000,rtree,radio,5000,73,-11.81239852391384,-76.95104457771211,0.719502,66
10000,gist,radio,5000,73,-11.81239852391384,-76.95104457771211,0.551751,66
10000,secuencial,radio,5000,73,-11.81239852391384,-76.95104457771211,49.826474,66
10000,gist,radio,5000,74,-11.936355144311689,-76.87964926824449,0.806479,69
10000,secuencial,radio,5000,74,-11.936355144311689,-76.87964926824449,51.081303,69
10000,rtree,radio,5000,74,-11.936355144311689,-76.87964926824449,0.801963,69
10000,secuencial,radio,5000,75,-11.902374144565027,-76.80139431019622,51.206872,52
10000,rtree,radio,5000,75,-11.902374144565027,-76.80139431019622,0.636414,52
10000,gist,radio,5000,75,-11.902374144565027,-76.80139431019622,0.656237,52
10000,rtree,radio,5000,76,-11.820249617459575,-77.04581136517697,0.710509,69
10000,gist,radio,5000,76,-11.820249617459575,-77.04581136517697,0.54284,69
10000,secuencial,radio,5000,76,-11.820249617459575,-77.04581136517697,49.982913,69
10000,gist,radio,5000,77,-12.177305805147972,-76.92299687024163,0.651293,57
10000,secuencial,radio,5000,77,-12.177305805147972,-76.92299687024163,48.966219,57
10000,rtree,radio,5000,77,-12.177305805147972,-76.92299687024163,0.584527,57
10000,secuencial,radio,5000,78,-12.268299384287044,-77.1243168684586,48.439218,69
10000,rtree,radio,5000,78,-12.268299384287044,-77.1243168684586,0.697473,69
10000,gist,radio,5000,78,-12.268299384287044,-77.1243168684586,0.664404,69
10000,rtree,radio,5000,79,-12.153376433595325,-76.79853117033628,0.666773,66
10000,gist,radio,5000,79,-12.153376433595325,-76.79853117033628,0.575106,66
10000,secuencial,radio,5000,79,-12.153376433595325,-76.79853117033628,49.579612,66
10000,gist,radio,5000,80,-11.992353562357,-76.8022966511219,0.647475,58
10000,secuencial,radio,5000,80,-11.992353562357,-76.8022966511219,54.643285,58
10000,rtree,radio,5000,80,-11.992353562357,-76.8022966511219,0.825019,58
10000,secuencial,radio,5000,81,-11.982462973416517,-77.16970328360398,49.710466,69
10000,rtree,radio,5000,81,-11.982462973416517,-77.16970328360398,0.735461,69
10000,gist,radio,5000,81,-11.982462973416517,-77.16970328360398,0.748553,69
10000,rtree,radio,5000,82,-12.146900692748956,-76.92785642670108,0.639205,60
10000,gist,radio,5000,82,-12.146900692748956,-76.92785642670108,0.532813,60
10000,secuencial,radio,5000,82,-12.146900692748956,-76.92785642670108,50.798381,60
10000,gist,radio,5000,83,-11.848153943762625,-77.19609505846526,0.615847,69
10000,secuencial,radio,5000,83,-11.848153943762625,-77.19609505846526,49.494332,69
10000,rtree,radio,5000,83,-11.848153943762625,-77.19609505846526,0.819652,69
10000,secuencial,radio,5000,84,-11.96096942701325,-77.31935181248366,50.869317,71
10000,rtree,radio,5000,84,-11.96096942701325,-77.31935181248366,0.708316,71
10000,gist,radio,5000,84,-11.96096942701325,-77.31935181248366,0.722267,71
10000,rtree,radio,5000,85,-12.300547114664454,-77.09555684869085,0.695364,68
10000,gist,radio,5000,85,-12.300547114664454,-77.09555684869085,0.533017,68
10000,secuencial,radio,5000,85,-12.300547114664454,-77.09555684869085,50.037525,68
10000,gist,radio,5000,86,-12.29178678439614,-77.13426031557285,0.647541,60
10000,secuencial,radio,5000,86,-12.29178678439614,-77.13426031557285,48.962829,60
10000,rtree,radio,5000,86,-12.29178678439614,-77.13426031557285,0.586906,60
10000,secuencial,radio,5000,87,-12.129607369243198,-77.02309996366162,48.930679,64
10000,rtree,radio,5000,87,-12.129607369243198,-77.02309996366162,0.714934,64
10000,gist,radio,5000,87,-12.129607369243198,-77.02309996366162,0.642627,64
10000,rtree,radio,5000,88,-12.188571188323111,-77.14502175316414,0.797647,84
10000,gist,radio,5000,88,-12.188571188323111,-77.14502175316414,0.647803,84
10000,secuencial,radio,5000,88,-12.188571188323111,-77.14502175316414,49.444431,84
10000,gist,radio,5000,89,-11.859744169120574,-77.07604733374517,0.548958,60
10000,secuencial,radio,5000,89,-11.859744169120574,-77.07604733374517,47.157403,60
10000,rtree,radio,5000,89,-11.859744169120574,-77.07604733374517,0.683457,60
10000,secuencial,radio,5000,90,-12.024714902015914,-76.96605303183892,47.759887,81
10000,rtree,radio,5000,90,-12.024714902015914,-76.96605303183892,0.775079,81
10000,gist,radio,5000,90,-12.024714902015914,-76.96605303183892,0.67696,81
10000,rtree,radio,5000,91,-11.905508232632442,-77.10656813471577,0.636093,62
10000,gist,radio,5000,91,-11.905508232632442,-77.10656813471577,0.487588,62
10000,secuencial,radio,5000,91,-11.905508232632442,-77.10656813471577,49.507658,62
10000,gist,radio,5000,92,-11.901870253561093,-77.11307209242074,0.642958,67
10000,secuencial,radio,5000,92,-11.901870253561093,-77.11307209242074,49.706253,67
10000,rtree,radio,5000,92,-11.901870253561093,-77.11307209242074,0.639286,67
10000,secuencial,radio,5000,93,-12.343516018001337,-76.80015450715057,48.84084,74
10000,rtree,radio,5000,93,-12.343516018001337,-76.80015450715057,0.705476,74
10000,gist,radio,5000,93,-12.343516018001337,-76.80015450715057,0.693713,74
10000,rtree,radio,5000,94,-11.991393905632954,-77.18057562505354,0.683351,68
10000,gist,radio,5000,94,-11.991393905632954,-77.18057562505354,0.562566,68
10000,secuencial,radio,5000,94,-11.991393905632954,-77.18057562505354,49.133953,68
10000,gist,radio,5000,95,-11.952867359702045,-77.27931373026212,0.593496,64
10000,secuencial,radio,5000,95,-11.952867359702045,-77.27931373026212,49.84753,64
10000,rtree,radio,5000,95,-11.952867359702045,-77.27931373026212,0.709515,64
10000,secuencial,radio,5000,96,-11.840522947118483,-76.87926162049457,48.682169,59
10000,rtree,radio,5000,96,-11.840522947118483,-76.87926162049457,0.642332,59
10000,gist,radio,5000,96,-11.840522947118483,-76.87926162049457,0.617258,59
10000,rtree,radio,5000,97,-12.239869721253509,-76.83566256670153,0.614666,71
10000,gist,radio,5000,97,-12.239869721253509,-76.83566256670153,0.524303,71
10000,secuencial,radio,5000,97,-12.239869721253509,-76.83566256670153,49.540395,71
10000,gist,radio,5000,98,-12.207047072243997,-77.0225674397733,0.651009,61
10000,secuencial,radio,5000,98,-12.207047072243997,-77.0225674397733,49.353687,61
10000,rtree,radio,5000,98,-12.207047072243997,-77.0225674397733,0.627108,61
10000,secuencial,radio,5000,99,-12.286744056266315,-76.83456862138426,48.570358,66
10000,rtree,radio,5000,99,-12.286744056266315,-76.83456862138426,0.672587,66
10000,gist,radio,5000,99,-12.286744056266315,-76.83456862138426,0.679495,66
10000,secuencial,radio,10000,0,-12.238351077321237,-77.12323781150685,54.547142,289
10000,rtree,radio,10000,0,-12.238351077321237,-77.12323781150685,2.451355,289
10000,gist,radio,10000,0,-12.238351077321237,-77.12323781150685,1.392087,289
10000,rtree,radio,10000,1,-11.850490175417459,-76.77207450018096,2.149422,260
10000,gist,radio,10000,1,-11.850490175417459,-76.77207450018096,1.190065,260
10000,secuencial,radio,10000,1,-11.850490175417459,-76.77207450018096,50.420956,260
10000,gist,radio,10000,2,-11.819025370683875,-77.03287090378457,1.22757,244
10000,secuencial,radio,10000,2,-11.819025370683875,-77.03287090378457,53.724904,244
10000,rtree,radio,10000,2,-11.819025370683875,-77.03287090378457,2.526984,244
10000,secuencial,radio,10000,3,-11.846049959898656,-76.97530868170429,52.125104,262
10000,rtree,radio,10000,3,-11.846049959898656,-76.97530868170429,2.604516,262
10000,gist,radio,10000,3,-11.846049959898656,-76.97530868170429,1.615946,262
10000,rtree,radio,10000,4,-12.018672930582348,-77.33087166529758,2.604292,282
10000,gist,radio,10000,4,-12.018672930582348,-77.33087166529758,1.412218,282
10000,secuencial,radio,10000,4,-12.018672930582348,-77.33087166529758,54.102308,282
10000,gist,radio,10000,5,-11.82782872109504,-76.90074572228893,1.395068,248
10000,secuencial,radio,10000,5,-11.82782872109504,-76.90074572228893,55.006752,248
10000,rtree,radio,10000,5,-11.82782872109504,-76.90074572228893,2.337517,248
10000,secuencial,radio,10000,6,-11.870590475659505,-77.20118540169999,53.4534,270
10000,rtree,radio,10000,6,-11.870590475659505,-77.20118540169999,2.763412,270
10000,gist,radio,10000,6,-11.870590475659505,-77.20118540169999,1.65497,270
10000,rtree,radio,10000,7,-12.240052897189763,-76.78099844417964,2.385813,237
10000,gist,radio,10000,7,-12.240052897189763,-76.78099844417964,1.258108,237
10000,secuencial,radio,10000,7,-12.240052897189763,-76.78099844417964,51.813738,237
10000,gist,radio,10000,8,-11.883345634396791,-76.89474095860234,1.301224,273
10000,secuencial,radio,10000,8,-11.883345634396791,-76.89474095860234,51.300427,273
10000,rtree,radio,10000,8,-11.883345634396791,-76.89474095860234,2.36412,273
10000,secuencial,radio,10000,9,-12.327192841753288,-77.20271474524674,51.24544,247
10000,rtree,radio,10000,9,-12.327192841753288,-77.20271474524674,2.680453,247
10000,gist,radio,10000,9,-12.327192841753288,-77.20271474524674,1.699494,247
10000,rtree,radio,10000,10,-11.804751645889434,-77.3229261254416,2.579801,281
10000,gist,radio,10000,10,-11.804751645889434,-77.3229261254416,1.33838,281
10000,secuencial,radio,10000,10,-11.804751645889434,-77.3229261254416,55.413224,281
10000,gist,radio,10000,11,-12.006471907703649,-77.15118868947712,2.153574,271
10000,secuencial,radio,10000,11,-12.006471907703649,-77.15118868947712,59.517407,271
10000,rtree,radio,10000,11,-12.006471907703649,-77.15118868947712,2.604802,271
10000,secuencial,radio,10000,12,-12.204956128184476,-77.22040827076262,56.032215,269
10000,rtree,radio,10000,12,-12.204956128184476,-77.22040827076262,2.616848,269
10000,gist,radio,10000,12,-12.204956128184476,-77.22040827076262,1.739244,269
10000,rtree,radio,10000,13,-11.983544025786431,-76.89342975724284,2.42202,276
10000,gist,radio,10000,13,-11.983544025786431,-76.89342975724284,1.53889,276
10000,secuencial,radio,10000,13,-11.983544025786431,-76.89342975724284,52.170154,276
10000,gist,radio,10000,14,-12.168137775782613,-76.76365399284457,1.567686,214
10000,secuencial,radio,10000,14,-12.168137775782613,-76.76365399284457,48.792185,214
10000,rtree,radio,10000,14,-12.168137775782613,-76.76365399284457,2.010758,214
10000,secuencial,radio,10000,15,-12.031430792892165,-76.76351483741132,50.314351,242
10000,rtree,radio,10000,15,-12.031430792892165,-76.76351483741132,2.008104,242
10000,gist,radio,10000,15,-12.031430792892165,-76.76351483741132,1.570593,242
10000,rtree,radio,10000,16,-12.143722726360439,-76.96218807338764,2.304075,244
10000,gist,radio,10000,16,-12.143722726360439,-76.96218807338764,1.486045,244
10000,secuencial,radio,10000,16,-12.143722726360439,-76.96218807338764,49.218972,244
10000,gist,radio,10000,17,-12.307144667383458,-77.17897393043172,1.70894,265
10000,secuencial,radio,10000,17,-12.307144667383458,-77.17897393043172,51.716566,265
10000,rtree,radio,10000,17,-12.307144667383458,-77.17897393043172,2.276033,265
10000,secuencial,radio,10000,18,-12.275183073832562,-76.87578878349431,51.440743,291
10000,rtree,radio,10000,18,-12.275183073832562,-76.87578878349431,2.448344,291
10000,gist,radio,10000,18,-12.275183073832562,-76.87578878349431,1.730544,291
10000,rtree,radio,10000,19,-12.331031714204453,-76.76029307743156,2.341103,259
10000,gist,radio,10000,19,-12.331031714204453,-76.76029307743156,1.713287,259
10000,secuencial,radio,10000,19,-12.331031714204453,-76.76029307743156,50.62361,259
10000,gist,radio,10000,20,-11.875397725776603,-76.8291541495487,1.852122,258
10000,secuencial,radio,10000,20,-11.875397725776603,-76.8291541495487,50.908837,258
10000,rtree,radio,10000,20,-11.875397725776603,-76.8291541495487,2.462232,258
10000,secuencial,radio,10000,21,-12.094163185165952,-77.0237524170421,52.536017,250
10000,rtree,radio,10000,21,-12.094163185165952,-77.0237524170421,2.345895,250
10000,gist,radio,10000,21,-12.094163185165952,-77.0237524170421,1.679166,250
10000,rtree,radio,10000,22,-11.783184404571037,-77.16851570817118,2.348653,250
10000,gist,radio,10000,22,-11.783184404571037,-77.16851570817118,1.621674,250
10000,secuencial,radio,10000,22,-11.783184404571037,-77.16851570817118,52.997181,250
10000,gist,radio,10000,23,-12.330502443992312,-76.8537503501327,1.786635,301
10000,secuencial,radio,10000,23,-12.330502443992312,-76.8537503501327,51.403402,301
10000,rtree,radio,10000,23,-12.330502443992312,-76.8537503501327,2.600987,301
10000,secuencial,radio,10000,24,-11.900554430259245,-77.20850213545228,56.245199,258
10000,rtree,radio,10000,24,-11.900554430259245,-77.20850213545228,2.621934,258
10000,gist,radio,10000,24,-11.900554430259245,-77.20850213545228,1.854436,258
10000,rtree,radio,10000,25,-12.15301049359187,-77.34370037212102,2.547968,249
10000,gist,radio,10000,25,-12.15301049359187,-77.34370037212102,1.63309,249
10000,secuencial,radio,10000,25,-12.15301049359187,-77.34370037212102,58.393901,249
10000,gist,radio,10000,26,-12.293144129217822,-77.07461271258023,2.096468,279
10000,secuencial,radio,10000,26,-12.293144129217822,-77.07461271258023,53.190352,279
10000,rtree,radio,10000,26,-12.293144129217822,-77.07461271258023,2.42617,279
10000,secuencial,radio,10000,27,-11.917813405015332,-76.94828426493639,53.703096,277
10000,rtree,radio,10000,27,-11.917813405015332,-76.94828426493639,2.528994,277
10000,gist,radio,10000,27,-11.917813405015332,-76.94828426493639,1.80413,277
10000,rtree,radio,10000,28,-11.818228970587194,-76.80459168279988,2.941024,257
10000,gist,radio,10000,28,-11.818228970587194,-76.80459168279988,1.842579,257
10000,secuencial,radio,10000,28,-11.818228970587194,-76.80459168279988,50.640279,257
10000,gist,radio,10000,29,-12.042185620553866,-77.11980561484417,1.518819,241
10000,secuencial,radio,10000,29,-12.042185620553866,-77.11980561484417,51.729064,241
10000,rtree,radio,10000,29,-12.042185620553866,-77.11980561484417,2.313547,241
10000,secuencial,radio,10000,30,-11.902732805706265,-77.03636139279664,50.89722,255
10000,rtree,radio,10000,30,-11.902732805706265,-77.03636139279664,2.542723,255
10000,gist,radio,10000,30,-11.902732805706265,-77.03636139279664,1.793039,255
10000,rtree,radio,10000,31,-12.186853482191264,-76.84128098061892,2.441366,241
10000,gist,radio,10000,31,-12.186853482191264,-76.84128098061892,1.613255,241
10000,secuencial,radio,10000,31,-12.186853482191264,-76.84128098061892,52.378658,241
10000,gist,radio,10000,32,-12.189446986329225,-77.16652946042049,1.623802,299
10000,secuencial,radio,10000,32,-12.189446986329225,-77.16652946042049,50.940283,299
10000,rtree,radio,10000,32,-12.189446986329225,-77.16652946042049,2.614004,299
10000,secuencial,radio,10000,33,-11.945495129433406,-77.24486016155174,52.89413,273
10000,rtree,radio,10000,33,-11.945495129433406,-77.24486016155174,2.371504,273
10000,gist,radio,10000,33,-11.945495129433406,-77.24486016155174,1.897427,273
10000,rtree,radio,10000,34,-12.111007007944645,-77.09678326136346,2.791922,253
10000,gist,radio,10000,34,-12.111007007944645,-77.09678326136346,1.563019,253
10000,secuencial,radio,10000,34,-12.111007007944645,-77.09678326136346,52.345061,253
10000,gist,radio,10000,35,-12.246784988834966,-77.04539195581248,1.642588,272
10000,secuencial,radio,10000,35,-12.246784988834966,-77.04539195581248,52.022147,272
10000,rtree,radio,10000,35,-12.246784988834966,-77.04539195581248,2.305352,272
10000,secuencial,radio,10000,36,-11.7733098213026,-77.17743749839795,50.769751,241
10000,rtree,radio,10000,36,-11.7733098213026,-77.17743749839795,2.448687,241
10000,gist,radio,10000,36,-11.7733098213026,-77.17743749839795,1.878194,241
10000,rtree,radio,10000,37,-11.82173238373891,-77.29849310502613,2.462717,259
10000,gist,radio,10000,37,-11.82173238373891,-77.29849310502613,1.580095,259
10000,secuencial,radio,10000,37,-11.82173238373891,-77.29849310502613,49.600013,259
10000,gist,radio,10000,38,-12.114192250590465,-77.08818305290185,1.456547,242
10000,secuencial,radio,10000,38,-12.114192250590465,-77.08818305290185,52.092058,242
10000,rtree,radio,10000,38,-12.114192250590465,-77.08818305290185,2.228735,242
10000,secuencial,radio,10000,39,-11.803259205184059,-77.14440962222349,50.909197,250
10000,rtree,radio,10000,39,-11.803259205184059,-77.14440962222349,2.294567,250
10000,gist,radio,10000,39,-11.803259205184059,-77.14440962222349,1.89532,250
10000,rtree,radio,10000,40,-11.800873761006581,-77.30335267873973,2.736307,260
10000,gist,radio,10000,40,-11.800873761006581,-77.30335267873973,1.629776,260
10000,secuencial,radio,10000,40,-11.800873761006581,-77.30335267873973,50.203097,260
10000,gist,radio,10000,41,-12.32727857289679,-76.77814936880871,1.50814,262
10000,secuencial,radio,10000,41,-12.32727857289679,-76.77814936880871,52.048218,262
10000,rtree,radio,10000,41,-12.32727857289679,-76.77814936880871,2.318991,262
10000,secuencial,radio,10000,42,-11.969126917924573,-76.90016836300424,56.237521,293
10000,rtree,radio,10000,42,-11.969126917924573,-76.90016836300424,3.072854,293
10000,gist,radio,10000,42,-11.969126917924573,-76.90016836300424,1.856822,293
10000,rtree,radio,10000,43,-12.182985570001266,-76.86518920491838,2.199244,242
10000,gist,radio,10000,43,-12.182985570001266,-76.86518920491838,1.334647,242
10000,secuencial,radio,10000,43,-12.182985570001266,-76.86518920491838,52.021435,242
10000,gist,radio,10000,44,-12.243231108605903,-76.78957127246358,2.200727,238
10000,secuencial,radio,10000,44,-12.243231108605903,-76.78957127246358,54.702342,238
10000,rtree,radio,10000,44,-12.243231108605903,-76.78957127246358,2.61054,238
10000,secuencial,radio,10000,45,-12.045162976892575,-77.1478909274555,55.313232,261
10000,rtree,radio,10000,45,-12.045162976892575,-77.1478909274555,2.341132,261
10000,gist,radio,10000,45,-12.045162976892575,-77.1478909274555,1.67833,261
10000,rtree,radio,10000,46,-12.153660746768656,-77.12241798868614,2.383693,275
10000,gist,radio,10000,46,-12.153660746768656,-77.12241798868614,1.679682,275
10000,secuencial,radio,10000,46,-12.153660746768656,-77.12241798868614,50.012962,275
10000,gist,radio,10000,47,-12.261113789014654,-77.20446391162345,1.894986,268
10000,secuencial,radio,10000,47,-12.261113789014654,-77.20446391162345,50.032486,268
10000,rtree,radio,10000,47,-12.261113789014654,-77.20446391162345,2.200525,268
10000,secuencial,radio,10000,48,-11.911772000063623,-76.79765223136404,48.44916,256
10000,rtree,radio,10000,48,-11.911772000063623,-76.79765223136404,2.523556,256
10000,gist,radio,10000,48,-11.911772000063623,-76.79765223136404,1.64275,256
10000,rtree,radio,10000,49,-12.08433823364092,-77.08248518061632,2.30948,253
10000,gist,radio,10000,49,-12.08433823364092,-77.08248518061632,1.479812,253
10000,secuencial,radio,10000,49,-12.08433823364092,-77.08248518061632,51.265641,253
10000,gist,radio,10000,50,-12.018703684582047,-77.0827390512618,1.557122,266
10000,secuencial,radio,10000,50,-12.018703684582047,-77.0827390512618,51.607694,266
10000,rtree,radio,10000,50,-12.018703684582047,-77.0827390512618,2.35493,266
10000,secuencial,radio,10000,51,-12.236491560433548,-76.89427507131919,49.333404,264
10000,rtree,radio,10000,51,-12.236491560433548,-76.89427507131919,2.43137,264
10000,gist,radio,10000,51,-12.236491560433548,-76.89427507131919,1.673481,264
10000,rtree,radio,10000,52,-11.774796910789586,-77.00025470806015,2.409474,260
10000,gist,radio,10000,52,-11.774796910789586,-77.00025470806015,1.601746,260
10000,secuencial,radio,10000,52,-11.774796910789586,-77.00025470806015,50.931953,260
10000,gist,radio,10000,53,-12.046124721526658,-77.31449342849712,1.678307,290
10000,secuencial,radio,10000,53,-12.046124721526658,-77.31449342849712,51.350221,290
10000,rtree,radio,10000,53,-12.046124721526658,-77.31449342849712,2.55779,290
10000,secuencial,radio,10000,54,-11.842702704287872,-76.98969897455655,48.619632,248
10000,rtree,radio,10000,54,-11.842702704287872,-76.98969897455655,2.271344,248
10000,gist,radio,10000,54,-11.842702704287872,-76.98969897455655,1.670927,248
10000,rtree,radio,10000,55,-12.012885837600235,-77.07204158056325,2.411,272
10000,gist,radio,10000,55,-12.012885837600235,-77.07204158056325,1.447055,272
10000,secuencial,radio,10000,55,-12.012885837600235,-77.07204158056325,50.9765,272
10000,gist,radio,10000,56,-12.191535679067739,-77.05101821795063,1.816265,268
10000,secuencial,radio,10000,56,-12.191535679067739,-77.05101821795063,53.016417,268
10000,rtree,radio,10000,56,-12.191535679067739,-77.05101821795063,2.227565,268
10000,secuencial,radio,10000,57,-12.294982634454936,-76.81606890593824,51.176439,263
10000,rtree,radio,10000,57,-12.294982634454936,-76.81606890593824,2.513186,263
10000,gist,radio,10000,57,-12.294982634454936,-76.81606890593824,1.824203,263
10000,rtree,radio,10000,58,-12.019881116431574,-77.17465856727942,2.443933,266
10000,gist,radio,10000,58,-12.019881116431574,-77.17465856727942,1.511452,266
10000,secuencial,radio,10000,58,-12.019881116431574,-77.17465856727942,52.571172,266
10000,gist,radio,10000,59,-12.083837843908505,-77.21121361001406,1.709652,291
10000,secuencial,radio,10000,59,-12.083837843908505,-77.21121361001406,52.010212,291
10000,rtree,radio,10000,59,-12.083837843908505,-77.21121361001406,2.570855,291
10000,secuencial,radio,10000,60,-11.83936801656191,-77.09299515471804,50.725463,264
10000,rtree,radio,10000,60,-11.83936801656191,-77.09299515471804,2.697077,264
10000,gist,radio,10000,60,-11.83936801656191,-77.09299515471804,1.797497,264
10000,rtree,radio,10000,61,-12.183106547002918,-77.22059613654136,2.570565,280
10000,gist,radio,10000,61,-12.183106547002918,-77.22059613654136,1.644307,280
10000,secuencial,radio,10000,61,-12.183106547002918,-77.22059613654136,50.571617,280
10000,gist,radio,10000,62,-11.964714077146779,-77.17207277242889,1.613389,276
10000,secuencial,radio,10000,62,-11.964714077146779,-77.17207277242889,53.018496,276
10000,rtree,radio,10000,62,-11.964714077146779,-77.17207277242889,2.620448,276
10000,secuencial,radio,10000,63,-12.25109119183904,-76.82654729000366,52.605655,248
10000,rtree,radio,10000,63,-12.25109119183904,-76.82654729000366,2.61873,248
10000,gist,radio,10000,63,-12.25109119183904,-76.82654729000366,1.74352,248
10000,rtree,radio,10000,64,-12.227348909580273,-76.86818152585958,2.232979,256
10000,gist,radio,10000,64,-12.227348909580273,-76.86818152585958,1.535122,256
10000,secuencial,radio,10000,64,-12.227348909580273,-76.86818152585958,50.603947,256
10000,gist,radio,10000,65,-12.025180601663209,-77.05818404136323,1.402052,276
10000,secuencial,radio,10000,65,-12.025180601663209,-77.05818404136323,50.362363,276
10000,rtree,radio,10000,65,-12.025180601663209,-77.05818404136323,2.644209,276
10000,secuencial,radio,10000,66,-11.771840026943192,-76.82079070367021,53.165052,234
10000,rtree,radio,10000,66,-11.771840026943192,-76.82079070367021,2.400334,234
10000,gist,radio,10000,66,-11.771840026943192,-76.82079070367021,1.671953,234
10000,rtree,radio,10000,67,-11.903298489267021,-76.96770565230796,2.413876,282
10000,gist,radio,10000,67,-11.903298489267021,-76.96770565230796,1.507767,282
10000,secuencial,radio,10000,67,-11.903298489267021,-76.96770565230796,51.212768,282
10000,gist,radio,10000,68,-11.84458347945915,-76.96257743655522,1.544659,263
10000,secuencial,radio,10000,68,-11.84458347945915,-76.96257743655522,50.406066,263
10000,rtree,radio,10000,68,-11.84458347945915,-76.96257743655522,2.607415,263
10000,secuencial,radio,10000,69,-11.979264260411975,-77.16776722656559,52.841456,275
10000,rtree,radio,10000,69,-11.979264260411975,-77.16776722656559,3.159151,275
10000,gist,radio,10000,69,-11.979264260411975,-77.16776722656559,2.014491,275
10000,rtree,radio,10000,70,-12.307328894322914,-77.12235407145627,2.626684,274
10000,gist,radio,10000,70,-12.307328894322914,-77.12235407145627,1.648422,274
10000,secuencial,radio,10000,70,-12.307328894322914,-77.12235407145627,51.872295,274
10000,gist,radio,10000,71,-12.246347066569076,-77.03273649701573,1.606527,262
10000,secuencial,radio,10000,71,-12.246347066569076,-77.03273649701573,51.415995,262
10000,rtree,radio,10000,71,-12.246347066569076,-77.03273649701573,2.761519,262
10000,secuencial,radio,10000,72,-11.827264186283267,-77.18280286711541,75.312333,253
10000,rtree,radio,10000,72,-11.827264186283267,-77.18280286711541,2.535265,253
10000,gist,radio,10000,72,-11.827264186283267,-77.18280286711541,1.932873,253
10000,rtree,radio,10000,73,-11.81239852391384,-76.95104457771211,2.883153,247
10000,gist,radio,10000,73,-11.81239852391384,-76.95104457771211,1.778337,247
10000,secuencial,radio,10000,73,-11.81239852391384,-76.95104457771211,51.252725,247
10000,gist,radio,10000,74,-11.936355144311689,-76.87964926824449,1.557595,281
10000,secuencial,radio,10000,74,-11.936355144311689,-76.87964926824449,50.866653,281
10000,rtree,radio,10000,74,-11.936355144311689,-76.87964926824449,2.503221,281
10000,secuencial,radio,10000,75,-11.902374144565027,-76.80139431019622,49.377275,265
10000,rtree,radio,10000,75,-11.902374144565027,-76.80139431019622,2.141203,265
10000,gist,radio,10000,75,-11.902374144565027,-76.80139431019622,1.562377,265
10000,rtree,radio,10000,76,-11.820249617459575,-77.04581136517697,2.373927,246
10000,gist,radio,10000,76,-11.820249617459575,-77.04581136517697,1.71082,246
10000,secuencial,radio,10000,76,-11.820249617459575,-77.04581136517697,52.129204,246
10000,gist,radio,10000,77,-12.177305805147972,-76.92299687024163,1.654422,239
10000,secuencial,radio,10000,77,-12.177305805147972,-76.92299687024163,51.540447,239
10000,rtree,radio,10000,77,-12.177305805147972,-76.92299687024163,2.326211,239
10000,secuencial,radio,10000,78,-12.268299384287044,-77.1243168684586,49.457142,285
10000,rtree,radio,10000,78,-12.268299384287044,-77.1243168684586,2.283281,285
10000,gist,radio,10000,78,-12.268299384287044,-77.1243168684586,1.613169,285
10000,rtree,radio,10000,79,-12.153376433595325,-76.79853117033628,1.997382,228
10000,gist,radio,10000,79,-12.153376433595325,-76.79853117033628,1.335349,228
10000,secuencial,radio,10000,79,-12.153376433595325,-76.79853117033628,51.395403,228
10000,gist,radio,10000,80,-11.992353562357,-76.8022966511219,1.750054,244
10000,secuencial,radio,10000,80,-11.992353562357,-76.8022966511219,52.190049,244
10000,rtree,radio,10000,80,-11.992353562357,-76.8022966511219,2.435637,244
10000,secuencial,radio,10000,81,-11.982462973416517,-77.16970328360398,50.394778,276
10000,rtree,radio,10000,81,-11.982462973416517,-77.16970328360398,2.184725,276
10000,gist,radio,10000,81,-11.982462973416517,-77.16970328360398,1.552486,276
10000,rtree,radio,10000,82,-12.146900692748956,-76.92785642670108,2.031764,234
10000,gist,radio,10000,82,-12.146900692748956,-76.92785642670108,1.299905,234
10000,secuencial,radio,10000,82,-12.146900692748956,-76.92785642670108,52.277846,234
10000,gist,radio,10000,83,-11.848153943762625,-77.19609505846526,1.699422,257
10000,secuencial,radio,10000,83,-11.848153943762625,-77.19609505846526,52.976165,257
10000,rtree,radio,10000,83,-11.848153943762625,-77.19609505846526,2.37846,257
10000,secuencial,radio,10000,84,-11.96096942701325,-77.31935181248366,53.53141,266
10000,rtree,radio,10000,84,-11.96096942701325,-77.31935181248366,2.260511,266
10000,gist,radio,10000,84,-11.96096942701325,-77.31935181248366,1.665583,266
10000,rtree,radio,10000,85,-12.300547114664454,-77.09555684869085,2.550052,269
10000,gist,radio,10000,85,-12.300547114664454,-77.09555684869085,1.608609,269
10000,secuencial,radio,10000,85,-12.300547114664454,-77.09555684869085,51.74899,269
10000,gist,radio,10000,86,-12.29178678439614,-77.13426031557285,1.768074,279
10000,secuencial,radio,10000,86,-12.29178678439614,-77.13426031557285,51.944172,279
10000,rtree,radio,10000,86,-12.29178678439614,-77.13426031557285,2.728647,279
10000,secuencial,radio,10000,87,-12.129607369243198,-77.02309996366162,53.263748,244
10000,rtree,radio,10000,87,-12.129607369243198,-77.02309996366162,2.464917,244
10000,gist,radio,10000,87,-12.129607369243198,-77.02309996366162,1.717105,244
10000,rtree,radio,10000,88,-12.188571188323111,-77.14502175316414,2.665184,301
10000,gist,radio,10000,88,-12.188571188323111,-77.14502175316414,1.773999,301
10000,secuencial,radio,10000,88,-12.188571188323111,-77.14502175316414,52.060921,301
10000,gist,radio,10000,89,-11.859744169120574,-77.07604733374517,1.598084,256
10000,secuencial,radio,10000,89,-11.859744169120574,-77.07604733374517,50.908686,256
10000,rtree,radio,10000,89,-11.859744169120574,-77.07604733374517,2.42197,256
10000,secuencial,radio,10000,90,-12.024714902015914,-76.96605303183892,51.327795,275
10000,rtree,radio,10000,90,-12.024714902015914,-76.96605303183892,2.412618,275
10000,gist,radio,10000,90,-12.024714902015914,-76.96605303183892,1.785608,275
10000,rtree,radio,10000,91,-11.905508232632442,-77.10656813471577,2.558941,265
10000,gist,radio,10000,91,-11.905508232632442,-77.10656813471577,1.724738,265
10000,secuencial,radio,10000,91,-11.905508232632442,-77.10656813471577,50.277888,265
10000,gist,radio,10000,92,-11.901870253561093,-77.11307209242074,1.541416,267
10000,secuencial,radio,10000,92,-11.901870253561093,-77.11307209242074,52.430892,267
10000,rtree,radio,10000,92,-11.901870253561093,-77.11307209242074,2.561096,267
10000,secuencial,radio,10000,93,-12.343516018001337,-76.80015450715057,52.559128,268
10000,rtree,radio,10000,93,-12.343516018001337,-76.80015450715057,2.59301,268
10000,gist,radio,10000,93,-12.343516018001337,-76.80015450715057,1.849938,268
10000,rtree,radio,10000,94,-11.991393905632954,-77.18057562505354,2.712895,274
10000,gist,radio,10000,94,-11.991393905632954,-77.18057562505354,1.715934,274
10000,secuencial,radio,10000,94,-11.991393905632954,-77.18057562505354,50.994964,274
10000,gist,radio,10000,95,-11.952867359702045,-77.27931373026212,1.612943,273
10000,secuencial,radio,10000,95,-11.952867359702045,-77.27931373026212,50.889371,273
10000,rtree,radio,10000,95,-11.952867359702045,-77.27931373026212,2.382109,273
10000,secuencial,radio,10000,96,-11.840522947118483,-76.87926162049457,49.309104,246
10000,rtree,radio,10000,96,-11.840522947118483,-76.87926162049457,2.271293,246
10000,gist,radio,10000,96,-11.840522947118483,-76.87926162049457,1.657252,246
10000,rtree,radio,10000,97,-12.239869721253509,-76.83566256670153,2.322651,239
10000,gist,radio,10000,97,-12.239869721253509,-76.83566256670153,1.47416,239
10000,secuencial,radio,10000,97,-12.239869721253509,-76.83566256670153,50.156423,239
10000,gist,radio,10000,98,-12.207047072243997,-77.0225674397733,1.575027,259
10000,secuencial,radio,10000,98,-12.207047072243997,-77.0225674397733,52.090546,259
10000,rtree,radio,10000,98,-12.207047072243997,-77.0225674397733,2.359737,259
10000,secuencial,radio,10000,99,-12.286744056266315,-76.83456862138426,50.267332,270
10000,rtree,radio,10000,99,-12.286744056266315,-76.83456862138426,2.338779,270
10000,gist,radio,10000,99,-12.286744056266315,-76.83456862138426,1.758128,270
10000,secuencial,knn,10,0,-12.238351077321237,-77.12323781150685,55.94434,10
10000,rtree,knn,10,0,-12.238351077321237,-77.12323781150685,0.704264,10
10000,gist,knn,10,0,-12.238351077321237,-77.12323781150685,0.621864,10
10000,rtree,knn,10,1,-11.850490175417459,-76.77207450018096,1.081557,10
10000,gist,knn,10,1,-11.850490175417459,-76.77207450018096,0.520605,10
10000,secuencial,knn,10,1,-11.850490175417459,-76.77207450018096,51.472354,10
10000,gist,knn,10,2,-11.819025370683875,-77.03287090378457,0.582801,10
10000,secuencial,knn,10,2,-11.819025370683875,-77.03287090378457,52.98937,10
10000,rtree,knn,10,2,-11.819025370683875,-77.03287090378457,1.04038,10
10000,secuencial,knn,10,3,-11.846049959898656,-76.97530868170429,53.010723,10
10000,rtree,knn,10,3,-11.846049959898656,-76.97530868170429,1.293434,10
10000,gist,knn,10,3,-11.846049959898656,-76.97530868170429,0.678918,10
10000,rtree,knn,10,4,-12.018672930582348,-77.33087166529758,1.076544,10
10000,gist,knn,10,4,-12.018672930582348,-77.33087166529758,0.505428,10
10000,secuencial,knn,10,4,-12.018672930582348,-77.33087166529758,52.558055,10
10000,gist,knn,10,5,-11.82782872109504,-76.90074572228893,0.601315,10
10000,secuencial,knn,10,5,-11.82782872109504,-76.90074572228893,53.594183,10
10000,rtree,knn,10,5,-11.82782872109504,-76.90074572228893,0.758431,10
10000,secuencial,knn,10,6,-11.870590475659505,-77.20118540169999,52.465786,10
10000,rtree,knn,10,6,-11.870590475659505,-77.20118540169999,0.812476,10
10000,gist,knn,10,6,-11.870590475659505,-77.20118540169999,0.585292,10
10000,rtree,knn,10,7,-12.240052897189763,-76.78099844417964,1.028308,10
10000,gist,knn,10,7,-12.240052897189763,-76.78099844417964,0.572516,10
10000,secuencial,knn,10,7,-12.240052897189763,-76.78099844417964,51.568282,10
10000,gist,knn,10,8,-11.883345634396791,-76.89474095860234,0.620045,10
10000,secuencial,knn,10,8,-11.883345634396791,-76.89474095860234,51.538264,10
10000,rtree,knn,10,8,-11.883345634396791,-76.89474095860234,0.798112,10
10000,secuencial,knn,10,9,-12.327192841753288,-77.20271474524674,50.787592,10
10000,rtree,knn,10,9,-12.327192841753288,-77.20271474524674,1.116252,10
10000,gist,knn,10,9,-12.327192841753288,-77.20271474524674,0.516817,10
10000,rtree,knn,10,10,-11.804751645889434,-77.3229261254416,0.881058,10
10000,gist,knn,10,10,-11.804751645889434,-77.3229261254416,0.336428,10
10000,secuencial,knn,10,10,-11.804751645889434,-77.3229261254416,52.487117,10
10000,gist,knn,10,11,-12.006471907703649,-77.15118868947712,0.545694,10
10000,secuencial,knn,10,11,-12.006471907703649,-77.15118868947712,52.932467,10
10000,rtree,knn,10,11,-12.006471907703649,-77.15118868947712,0.866881,10
10000,secuencial,knn,10,12,-12.204956128184476,-77.22040827076262,54.86872,10
10000,rtree,knn,10,12,-12.204956128184476,-77.22040827076262,0.987272,10
10000,gist,knn,10,12,-12.204956128184476,-77.22040827076262,0.67133,10
10000,rtree,knn,10,13,-11.983544025786431,-76.89342975724284,0.98531,10
10000,gist,knn,10,13,-11.983544025786431,-76.89342975724284,0.532616,10
10000,secuencial,knn,10,13,-11.983544025786431,-76.89342975724284,52.357947,10
10000,gist,knn,10,14,-12.168137775782613,-76.76365399284457,0.536817,10
10000,secuencial,knn,10,14,-12.168137775782613,-76.76365399284457,49.145263,10
10000,rtree,knn,10,14,-12.168137775782613,-76.76365399284457,0.892876,10
10000,secuencial,knn,10,15,-12.031430792892165,-76.76351483741132,53.473954,10
10000,rtree,knn,10,15,-12.031430792892165,-76.76351483741132,1.235081,10
10000,gist,knn,10,15,-12.031430792892165,-76.76351483741132,0.556756,10
10000,rtree,knn,10,16,-12.143722726360439,-76.96218807338764,0.692794,10
10000,gist,knn,10,16,-12.143722726360439,-76.96218807338764,0.444163,10
10000,secuencial,knn,10,16,-12.143722726360439,-76.96218807338764,53.572246,10
10000,gist,knn,10,17,-12.307144667383458,-77.17897393043172,0.583455,10
10000,secuencial,knn,10,17,-12.307144667383458,-77.17897393043172,51.136619,10
10000,rtree,knn,10,17,-12.307144667383458,-77.17897393043172,1.100724,10
10000,secuencial,knn,10,18,-12.275183073832562,-76.87578878349431,51.467174,10
10000,rtree,knn,10,18,-12.275183073832562,-76.87578878349431,0.760672,10
10000,gist,knn,10,18,-12.275183073832562,-76.87578878349431,0.52983,10
10000,rtree,knn,10,19,-12.331031714204453,-76.76029307743156,0.893732,10
10000,gist,knn,10,19,-12.331031714204453,-76.76029307743156,0.531047,10
10000,secuencial,knn,10,19,-12.331031714204453,-76.76029307743156,51.593675,10
10000,gist,knn,10,20,-11.875397725776603,-76.8291541495487,0.448827,10
10000,secuencial,knn,10,20,-11.875397725776603,-76.8291541495487,51.54033,10
10000,rtree,knn,10,20,-11.875397725776603,-76.8291541495487,1.214931,10
10000,secuencial,knn,10,21,-12.094163185165952,-77.0237524170421,50.474312,10
10000,rtree,knn,10,21,-12.094163185165952,-77.0237524170421,0.995536,10
10000,gist,knn,10,21,-12.094163185165952,-77.0237524170421,0.517808,10
10000,rtree,knn,10,22,-11.783184404571037,-77.16851570817118,1.182483,10
10000,gist,knn,10,22,-11.783184404571037,-77.16851570817118,0.390306,10
10000,secuencial,knn,10,22,-11.783184404571037,-77.16851570817118,50.345501,10
10000,gist,knn,10,23,-12.330502443992312,-76.8537503501327,0.66049,10
10000,secuencial,knn,10,23,-12.330502443992312,-76.8537503501327,53.005229,10
10000,rtree,knn,10,23,-12.330502443992312,-76.8537503501327,0.908976,10
10000,secuencial,knn,10,24,-11.900554430259245,-77.20850213545228,53.221488,10
10000,rtree,knn,10,24,-11.900554430259245,-77.20850213545228,0.865597,10
10000,gist,knn,10,24,-11.900554430259245,-77.20850213545228,0.561019,10
10000,rtree,knn,10,25,-12.15301049359187,-77.34370037212102,0.52088,10
10000,gist,knn,10,25,-12.15301049359187,-77.34370037212102,0.515785,10
10000,secuencial,knn,10,25,-12.15301049359187,-77.34370037212102,52.786797,10
10000,gist,knn,10,26,-12.293144129217822,-77.07461271258023,0.633482,10
10000,secuencial,knn,10,26,-12.293144129217822,-77.07461271258023,54.75592,10
10000,rtree,knn,10,26,-12.293144129217822,-77.07461271258023,1.189847,10
10000,secuencial,knn,10,27,-11.917813405015332,-76.94828426493639,51.327559,10
10000,rtree,knn,10,27,-11.917813405015332,-76.94828426493639,0.664995,10
10000,gist,knn,10,27,-11.917813405015332,-76.94828426493639,0.550088,10
10000,rtree,knn,10,28,-11.818228970587194,-76.80459168279988,1.178316,10
10000,gist,knn,10,28,-11.818228970587194,-76.80459168279988,0.552399,10
10000,secuencial,knn,10,28,-11.818228970587194,-76.80459168279988,53.230046,10
10000,gist,knn,10,29,-12.042185620553866,-77.11980561484417,0.489113,10
10000,secuencial,knn,10,29,-12.042185620553866,-77.11980561484417,54.574576,10
10000,rtree,knn,10,29,-12.042185620553866,-77.11980561484417,1.250028,10
10000,secuencial,knn,10,30,-11.902732805706265,-77.03636139279664,56.785505,10
10000,rtree,knn,10,30,-11.902732805706265,-77.03636139279664,0.828319,10
10000,gist,knn,10,30,-11.902732805706265,-77.03636139279664,0.482071,10
10000,rtree,knn,10,31,-12.186853482191264,-76.84128098061892,1.149229,10
10000,gist,knn,10,31,-12.186853482191264,-76.84128098061892,0.466713,10
10000,secuencial,knn,10,31,-12.186853482191264,-76.84128098061892,56.683454,10
10000,gist,knn,10,32,-12.189446986329225,-77.16652946042049,0.685191,10
10000,secuencial,knn,10,32,-12.189446986329225,-77.16652946042049,54.282698,10
10000,rtree,knn,10,32,-12.189446986329225,-77.16652946042049,0.945747,10
10000,secuencial,knn,10,33,-11.945495129433406,-77.24486016155174,53.231816,10
10000,rtree,knn,10,33,-11.945495129433406,-77.24486016155174,0.693396,10
10000,gist,knn,10,33,-11.945495129433406,-77.24486016155174,0.574867,10
10000,rtree,knn,10,34,-12.111007007944645,-77.09678326136346,1.320103,10
10000,gist,knn,10,34,-12.111007007944645,-77.09678326136346,0.462915,10
10000,secuencial,knn,10,34,-12.111007007944645,-77.09678326136346,55.956901,10
10000,gist,knn,10,35,-12.246784988834966,-77.04539195581248,0.610309,10
10000,secuencial,knn,10,35,-12.246784988834966,-77.04539195581248,51.700839,10
10000,rtree,knn,10,35,-12.246784988834966,-77.04539195581248,1.105269,10
10000,secuencial,knn,10,36,-11.7733098213026,-77.17743749839795,52.65056,10
10000,rtree,knn,10,36,-11.7733098213026,-77.17743749839795,1.027427,10
10000,gist,knn,10,36,-11.7733098213026,-77.17743749839795,0.629797,10
10000,rtree,knn,10,37,-11.82173238373891,-77.29849310502613,0.932598,10
10000,gist,knn,10,37,-11.82173238373891,-77.29849310502613,0.468405,10
10000,secuencial,knn,10,37,-11.82173238373891,-77.29849310502613,57.473102,10
10000,gist,knn,10,38,-12.114192250590465,-77.08818305290185,0.665202,10
10000,secuencial,knn,10,38,-12.114192250590465,-77.08818305290185,50.973703,10
10000,rtree,knn,10,38,-12.114192250590465,-77.08818305290185,1.009826,10
10000,secuencial,knn,10,39,-11.803259205184059,-77.14440962222349,49.767744,10
10000,rtree,knn,10,39,-11.803259205184059,-77.14440962222349,1.025894,10
10000,gist,knn,10,39,-11.803259205184059,-77.14440962222349,0.530668,10
10000,rtree,knn,10,40,-11.800873761006581,-77.30335267873973,0.899235,10
10000,gist,knn,10,40,-11.800873761006581,-77.30335267873973,0.474213,10
10000,secuencial,knn,10,40,-11.800873761006581,-77.30335267873973,50.541908,10
10000,gist,knn,10,41,-12.32727857289679,-76.77814936880871,0.487791,10
10000,secuencial,knn,10,41,-12.32727857289679,-76.77814936880871,49.660296,10
10000,rtree,knn,10,41,-12.32727857289679,-76.77814936880871,0.817813,10
10000,secuencial,knn,10,42,-11.969126917924573,-76.90016836300424,50.230868,10
10000,rtree,knn,10,42,-11.969126917924573,-76.90016836300424,0.686252,10
10000,gist,knn,10,42,-11.969126917924573,-76.90016836300424,0.515696,10
10000,rtree,knn,10,43,-12.182985570001266,-76.86518920491838,0.652,10
10000,gist,knn,10,43,-12.182985570001266,-76.86518920491838,0.468204,10
10000,secuencial,knn,10,43,-12.182985570001266,-76.86518920491838,49.653826,10
10000,gist,knn,10,44,-12.243231108605903,-76.78957127246358,0.618239,10
10000,secuencial,knn,10,44,-12.243231108605903,-76.78957127246358,48.921546,10
10000,rtree,knn,10,44,-12.243231108605903,-76.78957127246358,0.861208,10
10000,secuencial,knn,10,45,-12.045162976892575,-77.1478909274555,48.33412,10
10000,rtree,knn,10,45,-12.045162976892575,-77.1478909274555,0.858239,10
10000,gist,knn,10,45,-12.045162976892575,-77.1478909274555,0.44065,10
10000,rtree,knn,10,46,-12.153660746768656,-77.12241798868614,0.592971,10
10000,gist,knn,10,46,-12.153660746768656,-77.12241798868614,0.447882,10
10000,secuencial,knn,10,46,-12.153660746768656,-77.12241798868614,49.970327,10
10000,gist,knn,10,47,-12.261113789014654,-77.20446391162345,0.462129,10
10000,secuencial,knn,10,47,-12.261113789014654,-77.20446391162345,50.377424,10
10000,rtree,knn,10,47,-12.261113789014654,-77.20446391162345,1.120956,10
10000,secuencial,knn,10,48,-11.911772000063623,-76.79765223136404,49.371903,10
10000,rtree,knn,10,48,-11.911772000063623,-76.79765223136404,1.036936,10
10000,gist,knn,10,48,-11.911772000063623,-76.79765223136404,0.49669,10
10000,rtree,knn,10,49,-12.08433823364092,-77.08248518061632,1.003594,10
10000,gist,knn,10,49,-12.08433823364092,-77.08248518061632,0.485069,10
10000,secuencial,knn,10,49,-12.08433823364092,-77.08248518061632,50.400931,10
10000,gist,knn,10,50,-12.018703684582047,-77.0827390512618,0.619671,10
10000,secuencial,knn,10,50,-12.018703684582047,-77.0827390512618,49.826212,10
10000,rtree,knn,10,50,-12.018703684582047,-77.0827390512618,1.254762,10
10000,secuencial,knn,10,51,-12.236491560433548,-76.89427507131919,50.519982,10
10000,rtree,knn,10,51,-12.236491560433548,-76.89427507131919,0.941403,10
10000,gist,knn,10,51,-12.236491560433548,-76.89427507131919,0.611165,10
10000,rtree,knn,10,52,-11.774796910789586,-77.00025470806015,1.384413,10
10000,gist,knn,10,52,-11.774796910789586,-77.00025470806015,0.50917,10
10000,secuencial,knn,10,52,-11.774796910789586,-77.00025470806015,55.704075,10
10000,gist,knn,10,53,-12.046124721526658,-77.31449342849712,0.664673,10
10000,secuencial,knn,10,53,-12.046124721526658,-77.31449342849712,53.642807,10
10000,rtree,knn,10,53,-12.046124721526658,-77.31449342849712,1.198193,10
10000,secuencial,knn,10,54,-11.842702704287872,-76.98969897455655,52.142936,10
10000,rtree,knn,10,54,-11.842702704287872,-76.98969897455655,1.171972,10
10000,gist,knn,10,54,-11.842702704287872,-76.98969897455655,0.587217,10
10000,rtree,knn,10,55,-12.012885837600235,-77.07204158056325,0.929575,10
10000,gist,knn,10,55,-12.012885837600235,-77.07204158056325,0.534307,10
10000,secuencial,knn,10,55,-12.012885837600235,-77.07204158056325,56.065751,10
10000,gist,knn,10,56,-12.191535679067739,-77.05101821795063,0.634534,10
10000,secuencial,knn,10,56,-12.191535679067739,-77.05101821795063,49.875857,10
10000,rtree,knn,10,56,-12.191535679067739,-77.05101821795063,0.824947,10
10000,secuencial,knn,10,57,-12.294982634454936,-76.81606890593824,51.902493,10
10000,rtree,knn,10,57,-12.294982634454936,-76.81606890593824,0.870741,10
10000,gist,knn,10,57,-12.294982634454936,-76.81606890593824,0.693587,10
10000,rtree,knn,10,58,-12.019881116431574,-77.17465856727942,1.112872,10
10000,gist,knn,10,58,-12.019881116431574,-77.17465856727942,0.541644,10
10000,secuencial,knn,10,58,-12.019881116431574,-77.17465856727942,50.861822,10
10000,gist,knn,10,59,-12.083837843908505,-77.21121361001406,0.65658,10
10000,secuencial,knn,10,59,-12.083837843908505,-77.21121361001406,49.535469,10
10000,rtree,knn,10,59,-12.083837843908505,-77.21121361001406,1.138238,10
10000,secuencial,knn,10,60,-11.83936801656191,-77.09299515471804,48.608389,10
10000,rtree,knn,10,60,-11.83936801656191,-77.09299515471804,1.089911,10
10000,gist,knn,10,60,-11.83936801656191,-77.09299515471804,0.585784,10
10000,rtree,knn,10,61,-12.183106547002918,-77.22059613654136,0.968219,10
10000,gist,knn,10,61,-12.183106547002918,-77.22059613654136,0.518954,10
10000,secuencial,knn,10,61,-12.183106547002918,-77.22059613654136,49.665933,10
10000,gist,knn,10,62,-11.964714077146779,-77.17207277242889,0.548241,10
10000,secuencial,knn,10,62,-11.964714077146779,-77.17207277242889,51.774983,10
10000,rtree,knn,10,62,-11.964714077146779,-77.17207277242889,1.026999,10
10000,secuencial,knn,10,63,-12.25109119183904,-76.82654729000366,50.323072,10
10000,rtree,knn,10,63,-12.25109119183904,-76.82654729000366,0.921417,10
10000,gist,knn,10,63,-12.25109119183904,-76.82654729000366,0.600404,10
10000,rtree,knn,10,64,-12.227348909580273,-76.86818152585958,0.817913,10
10000,gist,knn,10,64,-12.227348909580273,-76.86818152585958,0.53191,10
10000,secuencial,knn,10,64,-12.227348909580273,-76.86818152585958,52.299072,10
10000,gist,knn,10,65,-12.025180601663209,-77.05818404136323,0.666774,10
10000,secuencial,knn,10,65,-12.025180601663209,-77.05818404136323,52.129833,10
10000,rtree,knn,10,65,-12.025180601663209,-77.05818404136323,1.379387,10
10000,secuencial,knn,10,66,-11.771840026943192,-76.82079070367021,51.729394,10
10000,rtree,knn,10,66,-11.771840026943192,-76.82079070367021,1.336406,10
10000,gist,knn,10,66,-11.771840026943192,-76.82079070367021,0.640315,10
10000,rtree,knn,10,67,-11.903298489267021,-76.96770565230796,1.300199,10
10000,gist,knn,10,67,-11.903298489267021,-76.96770565230796,0.480161,10
10000,secuencial,knn,10,67,-11.903298489267021,-76.96770565230796,54.11212,10
10000,gist,knn,10,68,-11.84458347945915,-76.96257743655522,0.479233,10
10000,secuencial,knn,10,68,-11.84458347945915,-76.96257743655522,50.292674,10
10000,rtree,knn,10,68,-11.84458347945915,-76.96257743655522,0.972074,10
10000,secuencial,knn,10,69,-11.979264260411975,-77.16776722656559,51.055753,10
10000,rtree,knn,10,69,-11.979264260411975,-77.16776722656559,1.227285,10
10000,gist,knn,10,69,-11.979264260411975,-77.16776722656559,0.571986,10
10000,rtree,knn,10,70,-12.307328894322914,-77.12235407145627,0.617604,10
10000,gist,knn,10,70,-12.307328894322914,-77.12235407145627,0.595007,10
10000,secuencial,knn,10,70,-12.307328894322914,-77.12235407145627,52.14069,10
10000,gist,knn,10,71,-12.246347066569076,-77.03273649701573,0.700586,10
10000,secuencial,knn,10,71,-12.246347066569076,-77.03273649701573,59.017561,10
10000,rtree,knn,10,71,-12.246347066569076,-77.03273649701573,1.231763,10
10000,secuencial,knn,10,72,-11.827264186283267,-77.18280286711541,54.788962,10
10000,rtree,knn,10,72,-11.827264186283267,-77.18280286711541,1.283558,10
10000,gist,knn,10,72,-11.827264186283267,-77.18280286711541,0.65362,10
10000,rtree,knn,10,73,-11.81239852391384,-76.95104457771211,0.872651,10
10000,gist,knn,10,73,-11.81239852391384,-76.95104457771211,0.428439,10
10000,secuencial,knn,10,73,-11.81239852391384,-76.95104457771211,52.697611,10
10000,gist,knn,10,74,-11.936355144311689,-76.87964926824449,0.491227,10
10000,secuencial,knn,10,74,-11.936355144311689,-76.87964926824449,52.18285,10
10000,rtree,knn,10,74,-11.936355144311689,-76.87964926824449,1.029508,10
10000,secuencial,knn,10,75,-11.902374144565027,-76.80139431019622,50.824274,10
10000,rtree,knn,10,75,-11.902374144565027,-76.80139431019622,0.932611,10
10000,gist,knn,10,75,-11.902374144565027,-76.80139431019622,0.648025,10
10000,rtree,knn,10,76,-11.820249617459575,-77.04581136517697,0.855554,10
10000,gist,knn,10,76,-11.820249617459575,-77.04581136517697,0.493109,10
10000,secuencial,knn,10,76,-11.820249617459575,-77.04581136517697,52.735921,10
10000,gist,knn,10,77,-12.177305805147972,-76.92299687024163,0.553072,10
10000,secuencial,knn,10,77,-12.177305805147972,-76.92299687024163,51.82259,10
10000,rtree,knn,10,77,-12.177305805147972,-76.92299687024163,0.464762,10
10000,secuencial,knn,10,78,-12.268299384287044,-77.1243168684586,52.39568,10
10000,rtree,knn,10,78,-12.268299384287044,-77.1243168684586,0.671153,10
10000,gist,knn,10,78,-12.268299384287044,-77.1243168684586,0.632719,10
10000,rtree,knn,10,79,-12.153376433595325,-76.79853117033628,0.783748,10
10000,gist,knn,10,79,-12.153376433595325,-76.79853117033628,0.530213,10
10000,secuencial,knn,10,79,-12.153376433595325,-76.79853117033628,51.765805,10
10000,gist,knn,10,80,-11.992353562357,-76.8022966511219,0.571279,10
10000,secuencial,knn,10,80,-11.992353562357,-76.8022966511219,53.148709,10
10000,rtree,knn,10,80,-11.992353562357,-76.8022966511219,1.240136,10
10000,secuencial,knn,10,81,-11.982462973416517,-77.16970328360398,51.483634,10
10000,rtree,knn,10,81,-11.982462973416517,-77.16970328360398,1.221452,10
10000,gist,knn,10,81,-11.982462973416517,-77.16970328360398,0.514751,10
10000,rtree,knn,10,82,-12.146900692748956,-76.92785642670108,0.854996,10
10000,gist,knn,10,82,-12.146900692748956,-76.92785642670108,0.547014,10
10000,secuencial,knn,10,82,-12.146900692748956,-76.92785642670108,52.735009,10
10000,gist,knn,10,83,-11.848153943762625,-77.19609505846526,0.617294,10
10000,secuencial,knn,10,83,-11.848153943762625,-77.19609505846526,51.338656,10
10000,rtree,knn,10,83,-11.848153943762625,-77.19609505846526,0.948957,10
10000,secuencial,knn,10,84,-11.96096942701325,-77.31935181248366,51.967243,10
10000,rtree,knn,10,84,-11.96096942701325,-77.31935181248366,0.810711,10
10000,gist,knn,10,84,-11.96096942701325,-77.31935181248366,0.553557,10
10000,rtree,knn,10,85,-12.300547114664454,-77.09555684869085,0.922966,10
10000,gist,knn,10,85,-12.300547114664454,-77.09555684869085,0.631612,10
10000,secuencial,knn,10,85,-12.300547114664454,-77.09555684869085,51.99648,10
10000,gist,knn,10,86,-12.29178678439614,-77.13426031557285,0.586233,10
10000,secuencial,knn,10,86,-12.29178678439614,-77.13426031557285,53.713494,10
10000,rtree,knn,10,86,-12.29178678439614,-77.13426031557285,0.782365,10
10000,secuencial,knn,10,87,-12.129607369243198,-77.02309996366162,51.255401,10
10000,rtree,knn,10,87,-12.129607369243198,-77.02309996366162,0.754221,10
10000,gist,knn,10,87,-12.129607369243198,-77.02309996366162,0.660525,10
10000,rtree,knn,10,88,-12.188571188323111,-77.14502175316414,0.896061,10
10000,gist,knn,10,88,-12.188571188323111,-77.14502175316414,0.549577,10
10000,secuencial,knn,10,88,-12.188571188323111,-77.14502175316414,50.746293,10
10000,gist,knn,10,89,-11.859744169120574,-77.07604733374517,0.598098,10
10000,secuencial,knn,10,89,-11.859744169120574,-77.07604733374517,51.613196,10
10000,rtree,knn,10,89,-11.859744169120574,-77.07604733374517,1.20995,10
10000,secuencial,knn,10,90,-12.024714902015914,-76.96605303183892,52.29801,10
10000,rtree,knn,10,90,-12.024714902015914,-76.96605303183892,0.985064,10
10000,gist,knn,10,90,-12.024714902015914,-76.96605303183892,0.556704,10
10000,rtree,knn,10,91,-11.905508232632442,-77.10656813471577,1.011422,10
10000,gist,knn,10,91,-11.905508232632442,-77.10656813471577,0.392986,10
10000,secuencial,knn,10,91,-11.905508232632442,-77.10656813471577,52.712603,10
10000,gist,knn,10,92,-11.901870253561093,-77.11307209242074,0.601725,10
10000,secuencial,knn,10,92,-11.901870253561093,-77.11307209242074,54.754604,10
10000,rtree,knn,10,92,-11.901870253561093,-77.11307209242074,1.001336,10
10000,secuencial,knn,10,93,-12.343516018001337,-76.80015450715057,64.129241,10
10000,rtree,knn,10,93,-12.343516018001337,-76.80015450715057,0.734834,10
10000,gist,knn,10,93,-12.343516018001337,-76.80015450715057,0.67493,10
10000,rtree,knn,10,94,-11.991393905632954,-77.18057562505354,1.156968,10
10000,gist,knn,10,94,-11.991393905632954,-77.18057562505354,0.550246,10
10000,secuencial,knn,10,94,-11.991393905632954,-77.18057562505354,53.634264,10
10000,gist,knn,10,95,-11.952867359702045,-77.27931373026212,0.59205,10
10000,secuencial,knn,10,95,-11.952867359702045,-77.27931373026212,51.670727,10
10000,rtree,knn,10,95,-11.952867359702045,-77.27931373026212,0.845152,10
10000,secuencial,knn,10,96,-11.840522947118483,-76.87926162049457,50.265465,10
10000,rtree,knn,10,96,-11.840522947118483,-76.87926162049457,1.274421,10
10000,gist,knn,10,96,-11.840522947118483,-76.87926162049457,0.654453,10
10000,rtree,knn,10,97,-12.239869721253509,-76.83566256670153,0.908219,10
10000,gist,knn,10,97,-12.239869721253509,-76.83566256670153,0.477023,10
10000,secuencial,knn,10,97,-12.239869721253509,-76.83566256670153,54.45848,10
10000,gist,knn,10,98,-12.207047072243997,-77.0225674397733,0.592776,10
10000,secuencial,knn,10,98,-12.207047072243997,-77.0225674397733,55.569111,10
10000,rtree,knn,10,98,-12.207047072243997,-77.0225674397733,1.093687,10
10000,secuencial,knn,10,99,-12.286744056266315,-76.83456862138426,51.373719,10
10000,rtree,knn,10,99,-12.286744056266315,-76.83456862138426,0.645023,10
10000,gist,knn,10,99,-12.286744056266315,-76.83456862138426,0.644743,10
10000,secuencial,knn,50,0,-12.238351077321237,-77.12323781150685,52.400503,50
10000,rtree,knn,50,0,-12.238351077321237,-77.12323781150685,1.242489,50
10000,gist,knn,50,0,-12.238351077321237,-77.12323781150685,0.668297,50
10000,rtree,knn,50,1,-11.850490175417459,-76.77207450018096,2.059321,50
10000,gist,knn,50,1,-11.850490175417459,-76.77207450018096,0.645116,50
10000,secuencial,knn,50,1,-11.850490175417459,-76.77207450018096,54.180326,50
10000,gist,knn,50,2,-11.819025370683875,-77.03287090378457,0.503664,50
10000,secuencial,knn,50,2,-11.819025370683875,-77.03287090378457,53.940403,50
10000,rtree,knn,50,2,-11.819025370683875,-77.03287090378457,1.870574,50
10000,secuencial,knn,50,3,-11.846049959898656,-76.97530868170429,53.15256,50
10000,rtree,knn,50,3,-11.846049959898656,-76.97530868170429,2.311539,50
10000,gist,knn,50,3,-11.846049959898656,-76.97530868170429,0.640195,50
10000,rtree,knn,50,4,-12.018672930582348,-77.33087166529758,1.934782,50
10000,gist,knn,50,4,-12.018672930582348,-77.33087166529758,0.455171,50
10000,secuencial,knn,50,4,-12.018672930582348,-77.33087166529758,52.067649,50
10000,gist,knn,50,5,-11.82782872109504,-76.90074572228893,0.703368,50
10000,secuencial,knn,50,5,-11.82782872109504,-76.90074572228893,51.607986,50
10000,rtree,knn,50,5,-11.82782872109504,-76.90074572228893,2.094768,50
10000,secuencial,knn,50,6,-11.870590475659505,-77.20118540169999,51.75413,50
10000,rtree,knn,50,6,-11.870590475659505,-77.20118540169999,1.317406,50
10000,gist,knn,50,6,-11.870590475659505,-77.20118540169999,0.685379,50
10000,rtree,knn,50,7,-12.240052897189763,-76.78099844417964,1.938401,50
10000,gist,knn,50,7,-12.240052897189763,-76.78099844417964,0.727712,50
10000,secuencial,knn,50,7,-12.240052897189763,-76.78099844417964,53.281072,50
10000,gist,knn,50,8,-11.883345634396791,-76.89474095860234,0.593612,50
10000,secuencial,knn,50,8,-11.883345634396791,-76.89474095860234,50.826475,50
10000,rtree,knn,50,8,-11.883345634396791,-76.89474095860234,1.479404,50
10000,secuencial,knn,50,9,-12.327192841753288,-77.20271474524674,50.264823,50
10000,rtree,knn,50,9,-12.327192841753288,-77.20271474524674,1.868295,50
10000,gist,knn,50,9,-12.327192841753288,-77.20271474524674,0.741064,50
10000,rtree,knn,50,10,-11.804751645889434,-77.3229261254416,1.763788,50
10000,gist,knn,50,10,-11.804751645889434,-77.3229261254416,0.560837,50
10000,secuencial,knn,50,10,-11.804751645889434,-77.3229261254416,51.840348,50
10000,gist,knn,50,11,-12.006471907703649,-77.15118868947712,0.567047,50
10000,secuencial,knn,50,11,-12.006471907703649,-77.15118868947712,52.391279,50
10000,rtree,knn,50,11,-12.006471907703649,-77.15118868947712,1.885215,50
10000,secuencial,knn,50,12,-12.204956128184476,-77.22040827076262,50.75463,50
10000,rtree,knn,50,12,-12.204956128184476,-77.22040827076262,1.857088,50
10000,gist,knn,50,12,-12.204956128184476,-77.22040827076262,0.71958,50
10000,rtree,knn,50,13,-11.983544025786431,-76.89342975724284,1.761428,50
10000,gist,knn,50,13,-11.983544025786431,-76.89342975724284,0.615191,50
10000,secuencial,knn,50,13,-11.983544025786431,-76.89342975724284,52.760569,50
10000,gist,knn,50,14,-12.168137775782613,-76.76365399284457,0.6529,50
10000,secuencial,knn,50,14,-12.168137775782613,-76.76365399284457,52.015819,50
10000,rtree,knn,50,14,-12.168137775782613,-76.76365399284457,1.62634,50
10000,secuencial,knn,50,15,-12.031430792892165,-76.76351483741132,53.412674,50
10000,rtree,knn,50,15,-12.031430792892165,-76.76351483741132,2.064784,50
10000,gist,knn,50,15,-12.031430792892165,-76.76351483741132,0.636235,50
10000,rtree,knn,50,16,-12.143722726360439,-76.96218807338764,1.751423,50
10000,gist,knn,50,16,-12.143722726360439,-76.96218807338764,0.540925,50
10000,secuencial,knn,50,16,-12.143722726360439,-76.96218807338764,53.744629,50
10000,gist,knn,50,17,-12.307144667383458,-77.17897393043172,0.666222,50
10000,secuencial,knn,50,17,-12.307144667383458,-77.17897393043172,51.884236,50
10000,rtree,knn,50,17,-12.307144667383458,-77.17897393043172,1.738392,50
10000,secuencial,knn,50,18,-12.275183073832562,-76.87578878349431,52.57566,50
10000,rtree,knn,50,18,-12.275183073832562,-76.87578878349431,1.42246,50
10000,gist,knn,50,18,-12.275183073832562,-76.87578878349431,0.685281,50
10000,rtree,knn,50,19,-12.331031714204453,-76.76029307743156,1.275351,50
10000,gist,knn,50,19,-12.331031714204453,-76.76029307743156,0.540911,50
10000,secuencial,knn,50,19,-12.331031714204453,-76.76029307743156,51.048766,50
10000,gist,knn,50,20,-11.875397725776603,-76.8291541495487,0.690403,50
10000,secuencial,knn,50,20,-11.875397725776603,-76.8291541495487,50.966121,50
10000,rtree,knn,50,20,-11.875397725776603,-76.8291541495487,1.803911,50
10000,secuencial,knn,50,21,-12.094163185165952,-77.0237524170421,56.702079,50
10000,rtree,knn,50,21,-12.094163185165952,-77.0237524170421,2.015768,50
10000,gist,knn,50,21,-12.094163185165952,-77.0237524170421,0.625215,50
10000,rtree,knn,50,22,-11.783184404571037,-77.16851570817118,1.807696,50
10000,gist,knn,50,22,-11.783184404571037,-77.16851570817118,0.591937,50
10000,secuencial,knn,50,22,-11.783184404571037,-77.16851570817118,53.866218,50
10000,gist,knn,50,23,-12.330502443992312,-76.8537503501327,0.663744,50
10000,secuencial,knn,50,23,-12.330502443992312,-76.8537503501327,54.3218,50
10000,rtree,knn,50,23,-12.330502443992312,-76.8537503501327,1.719858,50
10000,secuencial,knn,50,24,-11.900554430259245,-77.20850213545228,49.86708,50
10000,rtree,knn,50,24,-11.900554430259245,-77.20850213545228,1.461751,50
10000,gist,knn,50,24,-11.900554430259245,-77.20850213545228,0.749007,50
10000,rtree,knn,50,25,-12.15301049359187,-77.34370037212102,1.218758,50
10000,gist,knn,50,25,-12.15301049359187,-77.34370037212102,0.588411,50
10000,secuencial,knn,50,25,-12.15301049359187,-77.34370037212102,51.804593,50
10000,gist,knn,50,26,-12.293144129217822,-77.07461271258023,0.761751,50
10000,secuencial,knn,50,26,-12.293144129217822,-77.07461271258023,51.942991,50
10000,rtree,knn,50,26,-12.293144129217822,-77.07461271258023,1.701138,50
10000,secuencial,knn,50,27,-11.917813405015332,-76.94828426493639,52.651141,50
10000,rtree,knn,50,27,-11.917813405015332,-76.94828426493639,1.501404,50
10000,gist,knn,50,27,-11.917813405015332,-76.94828426493639,0.631556,50
10000,rtree,knn,50,28,-11.818228970587194,-76.80459168279988,3.710091,50
10000,gist,knn,50,28,-11.818228970587194,-76.80459168279988,0.541871,50
10000,secuencial,knn,50,28,-11.818228970587194,-76.80459168279988,52.740279,50
10000,gist,knn,50,29,-12.042185620553866,-77.11980561484417,0.681732,50
10000,secuencial,knn,50,29,-12.042185620553866,-77.11980561484417,53.429952,50
10000,rtree,knn,50,29,-12.042185620553866,-77.11980561484417,1.514846,50
10000,secuencial,knn,50,30,-11.902732805706265,-77.03636139279664,50.30889,50
10000,rtree,knn,50,30,-11.902732805706265,-77.03636139279664,1.95215,50
10000,gist,knn,50,30,-11.902732805706265,-77.03636139279664,0.613309,50
10000,rtree,knn,50,31,-12.186853482191264,-76.84128098061892,1.640639,50
10000,gist,knn,50,31,-12.186853482191264,-76.84128098061892,0.575021,50
10000,secuencial,knn,50,31,-12.186853482191264,-76.84128098061892,51.326759,50
10000,gist,knn,50,32,-12.189446986329225,-77.16652946042049,0.765318,50
10000,secuencial,knn,50,32,-12.189446986329225,-77.16652946042049,51.753832,50
10000,rtree,knn,50,32,-12.189446986329225,-77.16652946042049,1.376697,50
10000,secuencial,knn,50,33,-11.945495129433406,-77.24486016155174,50.323087,50
10000,rtree,knn,50,33,-11.945495129433406,-77.24486016155174,1.701675,50
10000,gist,knn,50,33,-11.945495129433406,-77.24486016155174,0.641466,50
10000,rtree,knn,50,34,-12.111007007944645,-77.09678326136346,1.619442,50
10000,gist,knn,50,34,-12.111007007944645,-77.09678326136346,0.570258,50
10000,secuencial,knn,50,34,-12.111007007944645,-77.09678326136346,49.457014,50
10000,gist,knn,50,35,-12.246784988834966,-77.04539195581248,0.624716,50
10000,secuencial,knn,50,35,-12.246784988834966,-77.04539195581248,51.677992,50
10000,rtree,knn,50,35,-12.246784988834966,-77.04539195581248,2.331683,50
10000,secuencial,knn,50,36,-11.7733098213026,-77.17743749839795,53.617419,50
10000,rtree,knn,50,36,-11.7733098213026,-77.17743749839795,2.255783,50
10000,gist,knn,50,36,-11.7733098213026,-77.17743749839795,0.832687,50
10000,rtree,knn,50,37,-11.82173238373891,-77.29849310502613,1.937012,50
10000,gist,knn,50,37,-11.82173238373891,-77.29849310502613,0.616077,50
10000,secuencial,knn,50,37,-11.82173238373891,-77.29849310502613,53.036185,50
10000,gist,knn,50,38,-12.114192250590465,-77.08818305290185,0.685032,50
10000,secuencial,knn,50,38,-12.114192250590465,-77.08818305290185,49.428747,50
10000,rtree,knn,50,38,-12.114192250590465,-77.08818305290185,1.792833,50
10000,secuencial,knn,50,39,-11.803259205184059,-77.14440962222349,49.29415,50
10000,rtree,knn,50,39,-11.803259205184059,-77.14440962222349,1.742141,50
10000,gist,knn,50,39,-11.803259205184059,-77.14440962222349,0.595313,50
10000,rtree,knn,50,40,-11.800873761006581,-77.30335267873973,2.47647,50
10000,gist,knn,50,40,-11.800873761006581,-77.30335267873973,0.661327,50
10000,secuencial,knn,50,40,-11.800873761006581,-77.30335267873973,49.76262,50
10000,gist,knn,50,41,-12.32727857289679,-76.77814936880871,0.630989,50
10000,secuencial,knn,50,41,-12.32727857289679,-76.77814936880871,51.707538,50
10000,rtree,knn,50,41,-12.32727857289679,-76.77814936880871,1.610204,50
10000,secuencial,knn,50,42,-11.969126917924573,-76.90016836300424,49.943051,50
10000,rtree,knn,50,42,-11.969126917924573,-76.90016836300424,1.730975,50
10000,gist,knn,50,42,-11.969126917924573,-76.90016836300424,0.698426,50
10000,rtree,knn,50,43,-12.182985570001266,-76.86518920491838,1.58894,50
10000,gist,knn,50,43,-12.182985570001266,-76.86518920491838,0.594005,50
10000,secuencial,knn,50,43,-12.182985570001266,-76.86518920491838,50.68515,50
10000,gist,knn,50,44,-12.243231108605903,-76.78957127246358,0.620853,50
10000,secuencial,knn,50,44,-12.243231108605903,-76.78957127246358,51.145093,50
10000,rtree,knn,50,44,-12.243231108605903,-76.78957127246358,1.602257,50
10000,secuencial,knn,50,45,-12.045162976892575,-77.1478909274555,51.753138,50
10000,rtree,knn,50,45,-12.045162976892575,-77.1478909274555,1.412822,50
10000,gist,knn,50,45,-12.045162976892575,-77.1478909274555,0.644634,50
10000,rtree,knn,50,46,-12.153660746768656,-77.12241798868614,1.197483,50
10000,gist,knn,50,46,-12.153660746768656,-77.12241798868614,0.616237,50
10000,secuencial,knn,50,46,-12.153660746768656,-77.12241798868614,51.254323,50
10000,gist,knn,50,47,-12.261113789014654,-77.20446391162345,0.561185,50
10000,secuencial,knn,50,47,-12.261113789014654,-77.20446391162345,50.445616,50
10000,rtree,knn,50,47,-12.261113789014654,-77.20446391162345,1.674453,50
10000,secuencial,knn,50,48,-11.911772000063623,-76.79765223136404,51.966985,50
10000,rtree,knn,50,48,-11.911772000063623,-76.79765223136404,2.255824,50
10000,gist,knn,50,48,-11.911772000063623,-76.79765223136404,0.733306,50
10000,rtree,knn,50,49,-12.08433823364092,-77.08248518061632,1.888948,50
10000,gist,knn,50,49,-12.08433823364092,-77.08248518061632,0.59049,50
10000,secuencial,knn,50,49,-12.08433823364092,-77.08248518061632,51.051673,50
10000,gist,knn,50,50,-12.018703684582047,-77.0827390512618,0.738402,50
10000,secuencial,knn,50,50,-12.018703684582047,-77.0827390512618,52.843929,50
10000,rtree,knn,50,50,-12.018703684582047,-77.0827390512618,1.997237,50
10000,secuencial,knn,50,51,-12.236491560433548,-76.89427507131919,50.198166,50
10000,rtree,knn,50,51,-12.236491560433548,-76.89427507131919,1.733706,50
10000,gist,knn,50,51,-12.236491560433548,-76.89427507131919,0.717702,50
10000,rtree,knn,50,52,-11.774796910789586,-77.00025470806015,2.238157,50
10000,gist,knn,50,52,-11.774796910789586,-77.00025470806015,0.565144,50
10000,secuencial,knn,50,52,-11.774796910789586,-77.00025470806015,51.210173,50
10000,gist,knn,50,53,-12.046124721526658,-77.31449342849712,0.635062,50
10000,secuencial,knn,50,53,-12.046124721526658,-77.31449342849712,54.320199,50
10000,rtree,knn,50,53,-12.046124721526658,-77.31449342849712,1.916254,50
10000,secuencial,knn,50,54,-11.842702704287872,-76.98969897455655,53.972576,50
10000,rtree,knn,50,54,-11.842702704287872,-76.98969897455655,2.161493,50
10000,gist,knn,50,54,-11.842702704287872,-76.98969897455655,0.722747,50
10000,rtree,knn,50,55,-12.012885837600235,-77.07204158056325,1.997452,50
10000,gist,knn,50,55,-12.012885837600235,-77.07204158056325,0.643437,50
10000,secuencial,knn,50,55,-12.012885837600235,-77.07204158056325,52.436189,50
10000,gist,knn,50,56,-12.191535679067739,-77.05101821795063,0.694847,50
10000,secuencial,knn,50,56,-12.191535679067739,-77.05101821795063,52.283756,50
10000,rtree,knn,50,56,-12.191535679067739,-77.05101821795063,1.989935,50
10000,secuencial,knn,50,57,-12.294982634454936,-76.81606890593824,53.271353,50
10000,rtree,knn,50,57,-12.294982634454936,-76.81606890593824,1.600019,50
10000,gist,knn,50,57,-12.294982634454936,-76.81606890593824,0.919919,50
10000,rtree,knn,50,58,-12.019881116431574,-77.17465856727942,1.986052,50
10000,gist,knn,50,58,-12.019881116431574,-77.17465856727942,0.752183,50
10000,secuencial,knn,50,58,-12.019881116431574,-77.17465856727942,53.257836,50
10000,gist,knn,50,59,-12.083837843908505,-77.21121361001406,0.740423,50
10000,secuencial,knn,50,59,-12.083837843908505,-77.21121361001406,56.549396,50
10000,rtree,knn,50,59,-12.083837843908505,-77.21121361001406,1.984388,50
10000,secuencial,knn,50,60,-11.83936801656191,-77.09299515471804,51.181533,50
10000,rtree,knn,50,60,-11.83936801656191,-77.09299515471804,1.861923,50
10000,gist,knn,50,60,-11.83936801656191,-77.09299515471804,0.692182,50
10000,rtree,knn,50,61,-12.183106547002918,-77.22059613654136,1.752122,50
10000,gist,knn,50,61,-12.183106547002918,-77.22059613654136,0.485504,50
10000,secuencial,knn,50,61,-12.183106547002918,-77.22059613654136,53.334455,50
10000,gist,knn,50,62,-11.964714077146779,-77.17207277242889,0.612297,50
10000,secuencial,knn,50,62,-11.964714077146779,-77.17207277242889,55.431441,50
10000,rtree,knn,50,62,-11.964714077146779,-77.17207277242889,2.0016,50
10000,secuencial,knn,50,63,-12.25109119183904,-76.82654729000366,52.867832,50
10000,rtree,knn,50,63,-12.25109119183904,-76.82654729000366,1.46496,50
10000,gist,knn,50,63,-12.25109119183904,-76.82654729000366,0.771664,50
10000,rtree,knn,50,64,-12.227348909580273,-76.86818152585958,1.631834,50
10000,gist,knn,50,64,-12.227348909580273,-76.86818152585958,0.605147,50
10000,secuencial,knn,50,64,-12.227348909580273,-76.86818152585958,53.305171,50
10000,gist,knn,50,65,-12.025180601663209,-77.05818404136323,0.688113,50
10000,secuencial,knn,50,65,-12.025180601663209,-77.05818404136323,51.200904,50
10000,rtree,knn,50,65,-12.025180601663209,-77.05818404136323,2.378569,50
10000,secuencial,knn,50,66,-11.771840026943192,-76.82079070367021,51.643739,50
10000,rtree,knn,50,66,-11.771840026943192,-76.82079070367021,1.864041,50
10000,gist,knn,50,66,-11.771840026943192,-76.82079070367021,0.707818,50
10000,rtree,knn,50,67,-11.903298489267021,-76.96770565230796,1.801269,50
10000,gist,knn,50,67,-11.903298489267021,-76.96770565230796,0.63043,50
10000,secuencial,knn,50,67,-11.903298489267021,-76.96770565230796,52.690795,50
10000,gist,knn,50,68,-11.84458347945915,-76.96257743655522,0.687114,50
10000,secuencial,knn,50,68,-11.84458347945915,-76.96257743655522,53.134438,50
10000,rtree,knn,50,68,-11.84458347945915,-76.96257743655522,1.97612,50
10000,secuencial,knn,50,69,-11.979264260411975,-77.16776722656559,53.466415,50
10000,rtree,knn,50,69,-11.979264260411975,-77.16776722656559,1.649758,50
10000,gist,knn,50,69,-11.979264260411975,-77.16776722656559,0.617698,50
10000,rtree,knn,50,70,-12.307328894322914,-77.12235407145627,1.200483,50
10000,gist,knn,50,70,-12.307328894322914,-77.12235407145627,0.447316,50
10000,secuencial,knn,50,70,-12.307328894322914,-77.12235407145627,51.57781,50
10000,gist,knn,50,71,-12.246347066569076,-77.03273649701573,0.493352,50
10000,secuencial,knn,50,71,-12.246347066569076,-77.03273649701573,51.770859,50
10000,rtree,knn,50,71,-12.246347066569076,-77.03273649701573,1.432726,50
10000,secuencial,knn,50,72,-11.827264186283267,-77.18280286711541,51.443952,50
10000,rtree,knn,50,72,-11.827264186283267,-77.18280286711541,1.570694,50
10000,gist,knn,50,72,-11.827264186283267,-77.18280286711541,0.686094,50
10000,rtree,knn,50,73,-11.81239852391384,-76.95104457771211,1.562158,50
10000,gist,knn,50,73,-11.81239852391384,-76.95104457771211,0.553776,50
10000,secuencial,knn,50,73,-11.81239852391384,-76.95104457771211,52.294953,50
10000,gist,knn,50,74,-11.936355144311689,-76.87964926824449,0.6632,50
10000,secuencial,knn,50,74,-11.936355144311689,-76.87964926824449,50.177027,50
10000,rtree,knn,50,74,-11.936355144311689,-76.87964926824449,1.866198,50
10000,secuencial,knn,50,75,-11.902374144565027,-76.80139431019622,52.525854,50
10000,rtree,knn,50,75,-11.902374144565027,-76.80139431019622,2.020881,50
10000,gist,knn,50,75,-11.902374144565027,-76.80139431019622,0.840747,50
10000,rtree,knn,50,76,-11.820249617459575,-77.04581136517697,1.722439,50
10000,gist,knn,50,76,-11.820249617459575,-77.04581136517697,0.687653,50
10000,secuencial,knn,50,76,-11.820249617459575,-77.04581136517697,51.187207,50
10000,gist,knn,50,77,-12.177305805147972,-76.92299687024163,0.760206,50
10000,secuencial,knn,50,77,-12.177305805147972,-76.92299687024163,52.179693,50
10000,rtree,knn,50,77,-12.177305805147972,-76.92299687024163,1.366782,50
10000,secuencial,knn,50,78,-12.268299384287044,-77.1243168684586,50.719296,50
10000,rtree,knn,50,78,-12.268299384287044,-77.1243168684586,1.346632,50
10000,gist,knn,50,78,-12.268299384287044,-77.1243168684586,0.747572,50
10000,rtree,knn,50,79,-12.153376433595325,-76.79853117033628,2.029632,50
10000,gist,knn,50,79,-12.153376433595325,-76.79853117033628,0.686487,50
10000,secuencial,knn,50,79,-12.153376433595325,-76.79853117033628,52.546039,50
10000,gist,knn,50,80,-11.992353562357,-76.8022966511219,0.593847,50
10000,secuencial,knn,50,80,-11.992353562357,-76.8022966511219,55.194916,50
10000,rtree,knn,50,80,-11.992353562357,-76.8022966511219,2.376877,50
10000,secuencial,knn,50,81,-11.982462973416517,-77.16970328360398,53.676584,50
10000,rtree,knn,50,81,-11.982462973416517,-77.16970328360398,1.61694,50
10000,gist,knn,50,81,-11.982462973416517,-77.16970328360398,0.700266,50
10000,rtree,knn,50,82,-12.146900692748956,-76.92785642670108,1.263589,50
10000,gist,knn,50,82,-12.146900692748956,-76.92785642670108,0.605563,50
10000,secuencial,knn,50,82,-12.146900692748956,-76.92785642670108,52.002663,50
10000,gist,knn,50,83,-11.848153943762625,-77.19609505846526,0.669841,50
10000,secuencial,knn,50,83,-11.848153943762625,-77.19609505846526,52.107024,50
10000,rtree,knn,50,83,-11.848153943762625,-77.19609505846526,1.905297,50
10000,secuencial,knn,50,84,-11.96096942701325,-77.31935181248366,60.841127,50
10000,rtree,knn,50,84,-11.96096942701325,-77.31935181248366,1.897857,50
10000,gist,knn,50,84,-11.96096942701325,-77.31935181248366,0.782645,50
10000,rtree,knn,50,85,-12.300547114664454,-77.09555684869085,1.73875,50
10000,gist,knn,50,85,-12.300547114664454,-77.09555684869085,0.625276,50
10000,secuencial,knn,50,85,-12.300547114664454,-77.09555684869085,52.516391,50
10000,gist,knn,50,86,-12.29178678439614,-77.13426031557285,0.586097,50
10000,secuencial,knn,50,86,-12.29178678439614,-77.13426031557285,52.657163,50
10000,rtree,knn,50,86,-12.29178678439614,-77.13426031557285,1.216556,50
10000,secuencial,knn,50,87,-12.129607369243198,-77.02309996366162,51.787333,50
10000,rtree,knn,50,87,-12.129607369243198,-77.02309996366162,1.722217,50
10000,gist,knn,50,87,-12.129607369243198,-77.02309996366162,0.675876,50
10000,rtree,knn,50,88,-12.188571188323111,-77.14502175316414,1.456301,50
10000,gist,knn,50,88,-12.188571188323111,-77.14502175316414,0.586013,50
10000,secuencial,knn,50,88,-12.188571188323111,-77.14502175316414,50.630443,50
10000,gist,knn,50,89,-11.859744169120574,-77.07604733374517,0.689197,50
10000,secuencial,knn,50,89,-11.859744169120574,-77.07604733374517,53.625075,50
10000,rtree,knn,50,89,-11.859744169120574,-77.07604733374517,1.729538,50
10000,secuencial,knn,50,90,-12.024714902015914,-76.96605303183892,50.707134,50
10000,rtree,knn,50,90,-12.024714902015914,-76.96605303183892,1.917557,50
10000,gist,knn,50,90,-12.024714902015914,-76.96605303183892,0.608914,50
10000,rtree,knn,50,91,-11.905508232632442,-77.10656813471577,1.748017,50
10000,gist,knn,50,91,-11.905508232632442,-77.10656813471577,0.564192,50
10000,secuencial,knn,50,91,-11.905508232632442,-77.10656813471577,51.309423,50
10000,gist,knn,50,92,-11.901870253561093,-77.11307209242074,0.635462,50
10000,secuencial,knn,50,92,-11.901870253561093,-77.11307209242074,52.71294,50
10000,rtree,knn,50,92,-11.901870253561093,-77.11307209242074,2.099699,50
10000,secuencial,knn,50,93,-12.343516018001337,-76.80015450715057,50.345989,50
10000,rtree,knn,50,93,-12.343516018001337,-76.80015450715057,1.776856,50
10000,gist,knn,50,93,-12.343516018001337,-76.80015450715057,0.598021,50
10000,rtree,knn,50,94,-11.991393905632954,-77.18057562505354,1.877396,50
10000,gist,knn,50,94,-11.991393905632954,-77.18057562505354,0.460582,50
10000,secuencial,knn,50,94,-11.991393905632954,-77.18057562505354,51.600767,50
10000,gist,knn,50,95,-11.952867359702045,-77.27931373026212,0.681527,50
10000,secuencial,knn,50,95,-11.952867359702045,-77.27931373026212,53.767886,50
10000,rtree,knn,50,95,-11.952867359702045,-77.27931373026212,1.667068,50
10000,secuencial,knn,50,96,-11.840522947118483,-76.87926162049457,51.281256,50
10000,rtree,knn,50,96,-11.840522947118483,-76.87926162049457,2.241228,50
10000,gist,knn,50,96,-11.840522947118483,-76.87926162049457,0.675184,50
10000,rtree,knn,50,97,-12.239869721253509,-76.83566256670153,1.644677,50
10000,gist,knn,50,97,-12.239869721253509,-76.83566256670153,0.599344,50
10000,secuencial,knn,50,97,-12.239869721253509,-76.83566256670153,50.895758,50
10000,gist,knn,50,98,-12.207047072243997,-77.0225674397733,0.572154,50
10000,secuencial,knn,50,98,-12.207047072243997,-77.0225674397733,52.825448,50
10000,rtree,knn,50,98,-12.207047072243997,-77.0225674397733,1.881914,50
10000,secuencial,knn,50,99,-12.286744056266315,-76.83456862138426,52.557669,50
10000,rtree,knn,50,99,-12.286744056266315,-76.83456862138426,1.504043,50
10000,gist,knn,50,99,-12.286744056266315,-76.83456862138426,0.728258,50
10000,secuencial,knn,100,0,-12.238351077321237,-77.12323781150685,52.931322,100
10000,rtree,knn,100,0,-12.238351077321237,-77.12323781150685,1.973238,100
10000,gist,knn,100,0,-12.238351077321237,-77.12323781150685,0.774838,100
10000,rtree,knn,100,1,-11.850490175417459,-76.77207450018096,2.615728,100
10000,gist,knn,100,1,-11.850490175417459,-76.77207450018096,0.582365,100
10000,secuencial,knn,100,1,-11.850490175417459,-76.77207450018096,50.929161,100
10000,gist,knn,100,2,-11.819025370683875,-77.03287090378457,0.826783,100
10000,secuencial,knn,100,2,-11.819025370683875,-77.03287090378457,53.033164,100
10000,rtree,knn,100,2,-11.819025370683875,-77.03287090378457,2.511427,100
10000,secuencial,knn,100,3,-11.846049959898656,-76.97530868170429,52.230876,100
10000,rtree,knn,100,3,-11.846049959898656,-76.97530868170429,2.634202,100
10000,gist,knn,100,3,-11.846049959898656,-76.97530868170429,0.859492,100
10000,rtree,knn,100,4,-12.018672930582348,-77.33087166529758,2.552417,100
10000,gist,knn,100,4,-12.018672930582348,-77.33087166529758,0.7398,100
10000,secuencial,knn,100,4,-12.018672930582348,-77.33087166529758,52.252099,100
10000,gist,knn,100,5,-11.82782872109504,-76.90074572228893,0.68089,100
10000,secuencial,knn,100,5,-11.82782872109504,-76.90074572228893,51.524275,100
10000,rtree,knn,100,5,-11.82782872109504,-76.90074572228893,2.55688,100
10000,secuencial,knn,100,6,-11.870590475659505,-77.20118540169999,51.476958,100
10000,rtree,knn,100,6,-11.870590475659505,-77.20118540169999,2.026776,100
10000,gist,knn,100,6,-11.870590475659505,-77.20118540169999,0.763292,100
10000,rtree,knn,100,7,-12.240052897189763,-76.78099844417964,2.655254,100
10000,gist,knn,100,7,-12.240052897189763,-76.78099844417964,0.598278,100
10000,secuencial,knn,100,7,-12.240052897189763,-76.78099844417964,50.170443,100
10000,gist,knn,100,8,-11.883345634396791,-76.89474095860234,0.731979,100
10000,secuencial,knn,100,8,-11.883345634396791,-76.89474095860234,51.293966,100
10000,rtree,knn,100,8,-11.883345634396791,-76.89474095860234,2.365261,100
10000,secuencial,knn,100,9,-12.327192841753288,-77.20271474524674,50.851051,100
10000,rtree,knn,100,9,-12.327192841753288,-77.20271474524674,2.505539,100
10000,gist,knn,100,9,-12.327192841753288,-77.20271474524674,0.784881,100
10000,rtree,knn,100,10,-11.804751645889434,-77.3229261254416,2.549364,100
10000,gist,knn,100,10,-11.804751645889434,-77.3229261254416,0.638164,100
10000,secuencial,knn,100,10,-11.804751645889434,-77.3229261254416,50.891564,100
10000,gist,knn,100,11,-12.006471907703649,-77.15118868947712,0.770243,100
10000,secuencial,knn,100,11,-12.006471907703649,-77.15118868947712,54.069061,100
10000,rtree,knn,100,11,-12.006471907703649,-77.15118868947712,3.064129,100
10000,secuencial,knn,100,12,-12.204956128184476,-77.22040827076262,54.997988,100
10000,rtree,knn,100,12,-12.204956128184476,-77.22040827076262,2.985157,100
10000,gist,knn,100,12,-12.204956128184476,-77.22040827076262,0.800159,100
10000,rtree,knn,100,13,-11.983544025786431,-76.89342975724284,3.03906,100
10000,gist,knn,100,13,-11.983544025786431,-76.89342975724284,0.638044,100
10000,secuencial,knn,100,13,-11.983544025786431,-76.89342975724284,59.871475,100
10000,gist,knn,100,14,-12.168137775782613,-76.76365399284457,0.83455,100
10000,secuencial,knn,100,14,-12.168137775782613,-76.76365399284457,57.587063,100
10000,rtree,knn,100,14,-12.168137775782613,-76.76365399284457,2.692334,100
10000,secuencial,knn,100,15,-12.031430792892165,-76.76351483741132,52.698259,100
10000,rtree,knn,100,15,-12.031430792892165,-76.76351483741132,2.890086,100
10000,gist,knn,100,15,-12.031430792892165,-76.76351483741132,0.815597,100
10000,rtree,knn,100,16,-12.143722726360439,-76.96218807338764,2.427745,100
10000,gist,knn,100,16,-12.143722726360439,-76.96218807338764,0.69426,100
10000,secuencial,knn,100,16,-12.143722726360439,-76.96218807338764,53.066636,100
10000,gist,knn,100,17,-12.307144667383458,-77.17897393043172,0.817619,100
10000,secuencial,knn,100,17,-12.307144667383458,-77.17897393043172,53.204404,100
10000,rtree,knn,100,17,-12.307144667383458,-77.17897393043172,2.372624,100
10000,secuencial,knn,100,18,-12.275183073832562,-76.87578878349431,51.030275,100
10000,rtree,knn,100,18,-12.275183073832562,-76.87578878349431,2.203855,100
10000,gist,knn,100,18,-12.275183073832562,-76.87578878349431,0.85301,100
10000,rtree,knn,100,19,-12.331031714204453,-76.76029307743156,2.323496,100
10000,gist,knn,100,19,-12.331031714204453,-76.76029307743156,0.71461,100
10000,secuencial,knn,100,19,-12.331031714204453,-76.76029307743156,52.0966,100
10000,gist,knn,100,20,-11.875397725776603,-76.8291541495487,0.698802,100
10000,secuencial,knn,100,20,-11.875397725776603,-76.8291541495487,53.692937,100
10000,rtree,knn,100,20,-11.875397725776603,-76.8291541495487,2.817341,100
10000,secuencial,knn,100,21,-12.094163185165952,-77.0237524170421,51.080633,100
10000,rtree,knn,100,21,-12.094163185165952,-77.0237524170421,2.375466,100
10000,gist,knn,100,21,-12.094163185165952,-77.0237524170421,0.774328,100
10000,rtree,knn,100,22,-11.783184404571037,-77.16851570817118,2.192512,100
10000,gist,knn,100,22,-11.783184404571037,-77.16851570817118,0.658716,100
10000,secuencial,knn,100,22,-11.783184404571037,-77.16851570817118,51.447268,100
10000,gist,knn,100,23,-12.330502443992312,-76.8537503501327,0.659912,100
10000,secuencial,knn,100,23,-12.330502443992312,-76.8537503501327,50.79894,100
10000,rtree,knn,100,23,-12.330502443992312,-76.8537503501327,2.369648,100
10000,secuencial,knn,100,24,-11.900554430259245,-77.20850213545228,51.641981,100
10000,rtree,knn,100,24,-11.900554430259245,-77.20850213545228,2.253406,100
10000,gist,knn,100,24,-11.900554430259245,-77.20850213545228,0.672383,100
10000,rtree,knn,100,25,-12.15301049359187,-77.34370037212102,1.929005,100
10000,gist,knn,100,25,-12.15301049359187,-77.34370037212102,0.506436,100
10000,secuencial,knn,100,25,-12.15301049359187,-77.34370037212102,51.1307,100
10000,gist,knn,100,26,-12.293144129217822,-77.07461271258023,0.577305,100
10000,secuencial,knn,100,26,-12.293144129217822,-77.07461271258023,52.886736,100
10000,rtree,knn,100,26,-12.293144129217822,-77.07461271258023,2.27509,100
10000,secuencial,knn,100,27,-11.917813405015332,-76.94828426493639,53.250103,100
10000,rtree,knn,100,27,-11.917813405015332,-76.94828426493639,2.798363,100
10000,gist,knn,100,27,-11.917813405015332,-76.94828426493639,0.77971,100
10000,rtree,knn,100,28,-11.818228970587194,-76.80459168279988,2.907095,100
10000,gist,knn,100,28,-11.818228970587194,-76.80459168279988,0.660336,100
10000,secuencial,knn,100,28,-11.818228970587194,-76.80459168279988,53.376979,100
10000,gist,knn,100,29,-12.042185620553866,-77.11980561484417,0.786728,100
10000,secuencial,knn,100,29,-12.042185620553866,-77.11980561484417,55.423554,100
10000,rtree,knn,100,29,-12.042185620553866,-77.11980561484417,2.556945,100
10000,secuencial,knn,100,30,-11.902732805706265,-77.03636139279664,62.276229,100
10000,rtree,knn,100,30,-11.902732805706265,-77.03636139279664,3.555467,100
10000,gist,knn,100,30,-11.902732805706265,-77.03636139279664,0.88775,100
10000,rtree,knn,100,31,-12.186853482191264,-76.84128098061892,2.463258,100
10000,gist,knn,100,31,-12.186853482191264,-76.84128098061892,0.616702,100
10000,secuencial,knn,100,31,-12.186853482191264,-76.84128098061892,55.416204,100
10000,gist,knn,100,32,-12.189446986329225,-77.16652946042049,0.807835,100
10000,secuencial,knn,100,32,-12.189446986329225,-77.16652946042049,53.553086,100
10000,rtree,knn,100,32,-12.189446986329225,-77.16652946042049,2.366157,100
10000,secuencial,knn,100,33,-11.945495129433406,-77.24486016155174,53.973821,100
10000,rtree,knn,100,33,-11.945495129433406,-77.24486016155174,2.255739,100
10000,gist,knn,100,33,-11.945495129433406,-77.24486016155174,0.771852,100
10000,rtree,knn,100,34,-12.111007007944645,-77.09678326136346,2.535515,100
10000,gist,knn,100,34,-12.111007007944645,-77.09678326136346,0.800915,100
10000,secuencial,knn,100,34,-12.111007007944645,-77.09678326136346,54.871933,100
10000,gist,knn,100,35,-12.246784988834966,-77.04539195581248,0.833533,100
10000,secuencial,knn,100,35,-12.246784988834966,-77.04539195581248,51.263491,100
10000,rtree,knn,100,35,-12.246784988834966,-77.04539195581248,2.506142,100
10000,secuencial,knn,100,36,-11.7733098213026,-77.17743749839795,52.322322,100
10000,rtree,knn,100,36,-11.7733098213026,-77.17743749839795,2.501822,100
10000,gist,knn,100,36,-11.7733098213026,-77.17743749839795,0.792582,100
10000,rtree,knn,100,37,-11.82173238373891,-77.29849310502613,2.235796,100
10000,gist,knn,100,37,-11.82173238373891,-77.29849310502613,0.736197,100
10000,secuencial,knn,100,37,-11.82173238373891,-77.29849310502613,52.806909,100
10000,gist,knn,100,38,-12.114192250590465,-77.08818305290185,0.795756,100
10000,secuencial,knn,100,38,-12.114192250590465,-77.08818305290185,63.923953,100
10000,rtree,knn,100,38,-12.114192250590465,-77.08818305290185,3.618299,100
10000,secuencial,knn,100,39,-11.803259205184059,-77.14440962222349,74.987988,100
10000,rtree,knn,100,39,-11.803259205184059,-77.14440962222349,3.478734,100
10000,gist,knn,100,39,-11.803259205184059,-77.14440962222349,1.004952,100
10000,rtree,knn,100,40,-11.800873761006581,-77.30335267873973,4.270587,100
10000,gist,knn,100,40,-11.800873761006581,-77.30335267873973,0.807347,100
10000,secuencial,knn,100,40,-11.800873761006581,-77.30335267873973,70.997275,100
10000,gist,knn,100,41,-12.32727857289679,-76.77814936880871,0.957718,100
10000,secuencial,knn,100,41,-12.32727857289679,-76.77814936880871,71.141719,100
10000,rtree,knn,100,41,-12.32727857289679,-76.77814936880871,2.879836,100
10000,secuencial,knn,100,42,-11.969126917924573,-76.90016836300424,70.868271,100
10000,rtree,knn,100,42,-11.969126917924573,-76.90016836300424,2.971719,100
10000,gist,knn,100,42,-11.969126917924573,-76.90016836300424,0.84534,100
10000,rtree,knn,100,43,-12.182985570001266,-76.86518920491838,2.993526,100
10000,gist,knn,100,43,-12.182985570001266,-76.86518920491838,0.785533,100
10000,secuencial,knn,100,43,-12.182985570001266,-76.86518920491838,55.1888,100
10000,gist,knn,100,44,-12.243231108605903,-76.78957127246358,0.839109,100
10000,secuencial,knn,100,44,-12.243231108605903,-76.78957127246358,53.269646,100
10000,rtree,knn,100,44,-12.243231108605903,-76.78957127246358,2.665767,100
10000,secuencial,knn,100,45,-12.045162976892575,-77.1478909274555,52.5259,100
10000,rtree,knn,100,45,-12.045162976892575,-77.1478909274555,2.182651,100
10000,gist,knn,100,45,-12.045162976892575,-77.1478909274555,0.804196,100
10000,rtree,knn,100,46,-12.153660746768656,-77.12241798868614,2.398677,100
10000,gist,knn,100,46,-12.153660746768656,-77.12241798868614,0.830909,100
10000,secuencial,knn,100,46,-12.153660746768656,-77.12241798868614,53.659338,100
10000,gist,knn,100,47,-12.261113789014654,-77.20446391162345,0.620501,100
10000,secuencial,knn,100,47,-12.261113789014654,-77.20446391162345,54.203563,100
10000,rtree,knn,100,47,-12.261113789014654,-77.20446391162345,2.884367,100
10000,secuencial,knn,100,48,-11.911772000063623,-76.79765223136404,58.809002,100
10000,rtree,knn,100,48,-11.911772000063623,-76.79765223136404,3.121786,100
10000,gist,knn,100,48,-11.911772000063623,-76.79765223136404,0.760204,100
10000,rtree,knn,100,49,-12.08433823364092,-77.08248518061632,2.601958,100
10000,gist,knn,100,49,-12.08433823364092,-77.08248518061632,0.660909,100
10000,secuencial,knn,100,49,-12.08433823364092,-77.08248518061632,54.80433,100
10000,gist,knn,100,50,-12.018703684582047,-77.0827390512618,0.807802,100
10000,secuencial,knn,100,50,-12.018703684582047,-77.0827390512618,54.456246,100
10000,rtree,knn,100,50,-12.018703684582047,-77.0827390512618,2.481723,100
10000,secuencial,knn,100,51,-12.236491560433548,-76.89427507131919,54.038005,100
10000,rtree,knn,100,51,-12.236491560433548,-76.89427507131919,2.464957,100
10000,gist,knn,100,51,-12.236491560433548,-76.89427507131919,0.860071,100
10000,rtree,knn,100,52,-11.774796910789586,-77.00025470806015,3.22625,100
10000,gist,knn,100,52,-11.774796910789586,-77.00025470806015,0.701588,100
10000,secuencial,knn,100,52,-11.774796910789586,-77.00025470806015,52.061224,100
10000,gist,knn,100,53,-12.046124721526658,-77.31449342849712,0.763894,100
10000,secuencial,knn,100,53,-12.046124721526658,-77.31449342849712,53.138374,100
10000,rtree,knn,100,53,-12.046124721526658,-77.31449342849712,2.24324,100
10000,secuencial,knn,100,54,-11.842702704287872,-76.98969897455655,50.486654,100
10000,rtree,knn,100,54,-11.842702704287872,-76.98969897455655,2.521779,100
10000,gist,knn,100,54,-11.842702704287872,-76.98969897455655,0.891855,100
10000,rtree,knn,100,55,-12.012885837600235,-77.07204158056325,4.918314,100
10000,gist,knn,100,55,-12.012885837600235,-77.07204158056325,0.63669,100
10000,secuencial,knn,100,55,-12.012885837600235,-77.07204158056325,94.203754,100
10000,gist,knn,100,56,-12.191535679067739,-77.05101821795063,0.719719,100
10000,secuencial,knn,100,56,-12.191535679067739,-77.05101821795063,58.641428,100
10000,rtree,knn,100,56,-12.191535679067739,-77.05101821795063,2.536529,100
10000,secuencial,knn,100,57,-12.294982634454936,-76.81606890593824,53.481534,100
10000,rtree,knn,100,57,-12.294982634454936,-76.81606890593824,2.569406,100
10000,gist,knn,100,57,-12.294982634454936,-76.81606890593824,0.858678,100
10000,rtree,knn,100,58,-12.019881116431574,-77.17465856727942,2.426468,100
10000,gist,knn,100,58,-12.019881116431574,-77.17465856727942,0.69076,100
10000,secuencial,knn,100,58,-12.019881116431574,-77.17465856727942,52.622394,100
10000,gist,knn,100,59,-12.083837843908505,-77.21121361001406,0.739043,100
10000,secuencial,knn,100,59,-12.083837843908505,-77.21121361001406,53.063523,100
10000,rtree,knn,100,59,-12.083837843908505,-77.21121361001406,2.380339,100
10000,secuencial,knn,100,60,-11.83936801656191,-77.09299515471804,53.585333,100
10000,rtree,knn,100,60,-11.83936801656191,-77.09299515471804,2.745337,100
10000,gist,knn,100,60,-11.83936801656191,-77.09299515471804,0.906053,100
10000,rtree,knn,100,61,-12.183106547002918,-77.22059613654136,2.707221,100
10000,gist,knn,100,61,-12.183106547002918,-77.22059613654136,0.670228,100
10000,secuencial,knn,100,61,-12.183106547002918,-77.22059613654136,53.051186,100
10000,gist,knn,100,62,-11.964714077146779,-77.17207277242889,0.760683,100
10000,secuencial,knn,100,62,-11.964714077146779,-77.17207277242889,53.24467,100
10000,rtree,knn,100,62,-11.964714077146779,-77.17207277242889,2.459331,100
10000,secuencial,knn,100,63,-12.25109119183904,-76.82654729000366,52.426727,100
10000,rtree,knn,100,63,-12.25109119183904,-76.82654729000366,2.727614,100
10000,gist,knn,100,63,-12.25109119183904,-76.82654729000366,0.84146,100
10000,rtree,knn,100,64,-12.227348909580273,-76.86818152585958,2.270652,100
10000,gist,knn,100,64,-12.227348909580273,-76.86818152585958,0.714446,100
10000,secuencial,knn,100,64,-12.227348909580273,-76.86818152585958,52.544139,100
10000,gist,knn,100,65,-12.025180601663209,-77.05818404136323,0.711515,100
10000,secuencial,knn,100,65,-12.025180601663209,-77.05818404136323,53.463065,100
10000,rtree,knn,100,65,-12.025180601663209,-77.05818404136323,2.987639,100
10000,secuencial,knn,100,66,-11.771840026943192,-76.82079070367021,55.654394,100
10000,rtree,knn,100,66,-11.771840026943192,-76.82079070367021,2.611631,100
10000,gist,knn,100,66,-11.771840026943192,-76.82079070367021,0.831892,100
10000,rtree,knn,100,67,-11.903298489267021,-76.96770565230796,2.63091,100
10000,gist,knn,100,67,-11.903298489267021,-76.96770565230796,0.66191,100
10000,secuencial,knn,100,67,-11.903298489267021,-76.96770565230796,53.408006,100
10000,gist,knn,100,68,-11.84458347945915,-76.96257743655522,0.818166,100
10000,secuencial,knn,100,68,-11.84458347945915,-76.96257743655522,57.885363,100
10000,rtree,knn,100,68,-11.84458347945915,-76.96257743655522,2.608719,100
10000,secuencial,knn,100,69,-11.979264260411975,-77.16776722656559,52.436204,100
10000,rtree,knn,100,69,-11.979264260411975,-77.16776722656559,2.205793,100
10000,gist,knn,100,69,-11.979264260411975,-77.16776722656559,0.820438,100
10000,rtree,knn,100,70,-12.307328894322914,-77.12235407145627,2.646516,100
10000,gist,knn,100,70,-12.307328894322914,-77.12235407145627,0.701612,100
10000,secuencial,knn,100,70,-12.307328894322914,-77.12235407145627,62.512796,100
10000,gist,knn,100,71,-12.246347066569076,-77.03273649701573,0.896144,100
10000,secuencial,knn,100,71,-12.246347066569076,-77.03273649701573,56.136027,100
10000,rtree,knn,100,71,-12.246347066569076,-77.03273649701573,2.700299,100
10000,secuencial,knn,100,72,-11.827264186283267,-77.18280286711541,52.368633,100
10000,rtree,knn,100,72,-11.827264186283267,-77.18280286711541,1.942464,100
10000,gist,knn,100,72,-11.827264186283267,-77.18280286711541,0.815419,100
10000,rtree,knn,100,73,-11.81239852391384,-76.95104457771211,2.446332,100
10000,gist,knn,100,73,-11.81239852391384,-76.95104457771211,0.584506,100
10000,secuencial,knn,100,73,-11.81239852391384,-76.95104457771211,54.038936,100
10000,gist,knn,100,74,-11.936355144311689,-76.87964926824449,0.572068,100
10000,secuencial,knn,100,74,-11.936355144311689,-76.87964926824449,51.948939,100
10000,rtree,knn,100,74,-11.936355144311689,-76.87964926824449,2.613326,100
10000,secuencial,knn,100,75,-11.902374144565027,-76.80139431019622,52.233728,100
10000,rtree,knn,100,75,-11.902374144565027,-76.80139431019622,2.868106,100
10000,gist,knn,100,75,-11.902374144565027,-76.80139431019622,0.670436,100
10000,rtree,knn,100,76,-11.820249617459575,-77.04581136517697,2.844004,100
10000,gist,knn,100,76,-11.820249617459575,-77.04581136517697,0.599929,100
10000,secuencial,knn,100,76,-11.820249617459575,-77.04581136517697,54.254293,100
10000,gist,knn,100,77,-12.177305805147972,-76.92299687024163,0.516871,100
10000,secuencial,knn,100,77,-12.177305805147972,-76.92299687024163,54.145031,100
10000,rtree,knn,100,77,-12.177305805147972,-76.92299687024163,1.854553,100
10000,secuencial,knn,100,78,-12.268299384287044,-77.1243168684586,51.101234,100
10000,rtree,knn,100,78,-12.268299384287044,-77.1243168684586,2.022897,100
10000,gist,knn,100,78,-12.268299384287044,-77.1243168684586,0.544329,100
10000,rtree,knn,100,79,-12.153376433595325,-76.79853117033628,2.986795,100
10000,gist,knn,100,79,-12.153376433595325,-76.79853117033628,0.538281,100
10000,secuencial,knn,100,79,-12.153376433595325,-76.79853117033628,50.951677,100
10000,gist,knn,100,80,-11.992353562357,-76.8022966511219,0.508157,100
10000,secuencial,knn,100,80,-11.992353562357,-76.8022966511219,52.675378,100
10000,rtree,knn,100,80,-11.992353562357,-76.8022966511219,3.482932,100
10000,secuencial,knn,100,81,-11.982462973416517,-77.16970328360398,54.414245,100
10000,rtree,knn,100,81,-11.982462973416517,-77.16970328360398,2.293625,100
10000,gist,knn,100,81,-11.982462973416517,-77.16970328360398,0.651371,100
10000,rtree,knn,100,82,-12.146900692748956,-76.92785642670108,2.641749,100
10000,gist,knn,100,82,-12.146900692748956,-76.92785642670108,0.436881,100
10000,secuencial,knn,100,82,-12.146900692748956,-76.92785642670108,55.665177,100
10000,gist,knn,100,83,-11.848153943762625,-77.19609505846526,0.548391,100
10000,secuencial,knn,100,83,-11.848153943762625,-77.19609505846526,58.073306,100
10000,rtree,knn,100,83,-11.848153943762625,-77.19609505846526,2.194814,100
10000,secuencial,knn,100,84,-11.96096942701325,-77.31935181248366,54.112211,100
10000,rtree,knn,100,84,-11.96096942701325,-77.31935181248366,3.037242,100
10000,gist,knn,100,84,-11.96096942701325,-77.31935181248366,0.525489,100
10000,rtree,knn,100,85,-12.300547114664454,-77.09555684869085,2.352025,100
10000,gist,knn,100,85,-12.300547114664454,-77.09555684869085,0.40182,100
10000,secuencial,knn,100,85,-12.300547114664454,-77.09555684869085,53.29989,100
10000,gist,knn,100,86,-12.29178678439614,-77.13426031557285,0.511994,100
10000,secuencial,knn,100,86,-12.29178678439614,-77.13426031557285,52.186386,100
10000,rtree,knn,100,86,-12.29178678439614,-77.13426031557285,2.1375,100
10000,secuencial,knn,100,87,-12.129607369243198,-77.02309996366162,51.404552,100
10000,rtree,knn,100,87,-12.129607369243198,-77.02309996366162,2.732838,100
10000,gist,knn,100,87,-12.129607369243198,-77.02309996366162,0.703356,100
10000,rtree,knn,100,88,-12.188571188323111,-77.14502175316414,1.686703,100
10000,gist,knn,100,88,-12.188571188323111,-77.14502175316414,0.731144,100
10000,secuencial,knn,100,88,-12.188571188323111,-77.14502175316414,49.555663,100
10000,gist,knn,100,89,-11.859744169120574,-77.07604733374517,0.6177,100
10000,secuencial,knn,100,89,-11.859744169120574,-77.07604733374517,49.422782,100
10000,rtree,knn,100,89,-11.859744169120574,-77.07604733374517,2.476523,100
10000,secuencial,knn,100,90,-12.024714902015914,-76.96605303183892,49.344846,100
10000,rtree,knn,100,90,-12.024714902015914,-76.96605303183892,2.554819,100
10000,gist,knn,100,90,-12.024714902015914,-76.96605303183892,0.801045,100
10000,rtree,knn,100,91,-11.905508232632442,-77.10656813471577,3.479352,100
10000,gist,knn,100,91,-11.905508232632442,-77.10656813471577,0.717597,100
10000,secuencial,knn,100,91,-11.905508232632442,-77.10656813471577,51.006806,100
10000,gist,knn,100,92,-11.901870253561093,-77.11307209242074,0.71667,100
10000,secuencial,knn,100,92,-11.901870253561093,-77.11307209242074,60.438969,100
10000,rtree,knn,100,92,-11.901870253561093,-77.11307209242074,3.062413,100
10000,secuencial,knn,100,93,-12.343516018001337,-76.80015450715057,52.997562,100
10000,rtree,knn,100,93,-12.343516018001337,-76.80015450715057,2.23177,100
10000,gist,knn,100,93,-12.343516018001337,-76.80015450715057,0.83532,100
10000,rtree,knn,100,94,-11.991393905632954,-77.18057562505354,2.207333,100
10000,gist,knn,100,94,-11.991393905632954,-77.18057562505354,0.747949,100
10000,secuencial,knn,100,94,-11.991393905632954,-77.18057562505354,50.354635,100
10000,gist,knn,100,95,-11.952867359702045,-77.27931373026212,0.629557,100
10000,secuencial,knn,100,95,-11.952867359702045,-77.27931373026212,50.926299,100
10000,rtree,knn,100,95,-11.952867359702045,-77.27931373026212,2.501342,100
10000,secuencial,knn,100,96,-11.840522947118483,-76.87926162049457,54.508415,100
10000,rtree,knn,100,96,-11.840522947118483,-76.87926162049457,3.024428,100
10000,gist,knn,100,96,-11.840522947118483,-76.87926162049457,0.794863,100
10000,rtree,knn,100,97,-12.239869721253509,-76.83566256670153,2.520133,100
10000,gist,knn,100,97,-12.239869721253509,-76.83566256670153,0.742887,100
10000,secuencial,knn,100,97,-12.239869721253509,-76.83566256670153,53.554784,100
10000,gist,knn,100,98,-12.207047072243997,-77.0225674397733,0.732686,100
10000,secuencial,knn,100,98,-12.207047072243997,-77.0225674397733,53.580317,100
10000,rtree,knn,100,98,-12.207047072243997,-77.0225674397733,2.325879,100
10000,secuencial,knn,100,99,-12.286744056266315,-76.83456862138426,53.060626,100
10000,rtree,knn,100,99,-12.286744056266315,-76.83456862138426,2.269296,100
10000,gist,knn,100,99,-12.286744056266315,-76.83456862138426,0.589088,100
100000,secuencial,radio,1000,0,-12.238351077321237,-77.12323781150685,529.059588,29
100000,rtree,radio,1000,0,-12.238351077321237,-77.12323781150685,0.525778,29
100000,gist,radio,1000,0,-12.238351077321237,-77.12323781150685,0.94227,29
100000,rtree,radio,1000,1,-11.850490175417459,-76.77207450018096,0.767028,29
100000,gist,radio,1000,1,-11.850490175417459,-76.77207450018096,0.825053,29
100000,secuencial,radio,1000,1,-11.850490175417459,-76.77207450018096,527.16912,29
100000,gist,radio,1000,2,-11.819025370683875,-77.03287090378457,0.798617,28
100000,secuencial,radio,1000,2,-11.819025370683875,-77.03287090378457,531.957741,28
100000,rtree,radio,1000,2,-11.819025370683875,-77.03287090378457,0.602538,28
100000,secuencial,radio,1000,3,-11.846049959898656,-76.97530868170429,508.678891,25
100000,rtree,radio,1000,3,-11.846049959898656,-76.97530868170429,0.687466,25
100000,gist,radio,1000,3,-11.846049959898656,-76.97530868170429,1.029738,25
100000,rtree,radio,1000,4,-12.018672930582348,-77.33087166529758,0.681863,31
100000,gist,radio,1000,4,-12.018672930582348,-77.33087166529758,0.832985,31
100000,secuencial,radio,1000,4,-12.018672930582348,-77.33087166529758,525.75338,31
100000,gist,radio,1000,5,-11.82782872109504,-76.90074572228893,0.888669,24
100000,secuencial,radio,1000,5,-11.82782872109504,-76.90074572228893,510.904807,24
100000,rtree,radio,1000,5,-11.82782872109504,-76.90074572228893,0.725344,24
100000,secuencial,radio,1000,6,-11.870590475659505,-77.20118540169999,516.386011,30
100000,rtree,radio,1000,6,-11.870590475659505,-77.20118540169999,0.592793,30
100000,gist,radio,1000,6,-11.870590475659505,-77.20118540169999,0.847174,30
100000,rtree,radio,1000,7,-12.240052897189763,-76.78099844417964,0.523531,21
100000,gist,radio,1000,7,-12.240052897189763,-76.78099844417964,0.689563,21
100000,secuencial,radio,1000,7,-12.240052897189763,-76.78099844417964,523.888948,21
100000,gist,radio,1000,8,-11.883345634396791,-76.89474095860234,0.955658,27
100000,secuencial,radio,1000,8,-11.883345634396791,-76.89474095860234,497.692878,27
100000,rtree,radio,1000,8,-11.883345634396791,-76.89474095860234,0.715926,27
100000,secuencial,radio,1000,9,-12.327192841753288,-77.20271474524674,506.687027,32
100000,rtree,radio,1000,9,-12.327192841753288,-77.20271474524674,0.549824,32
100000,gist,radio,1000,9,-12.327192841753288,-77.20271474524674,0.883528,32
100000,rtree,radio,1000,10,-11.804751645889434,-77.3229261254416,0.613443,24
100000,gist,radio,1000,10,-11.804751645889434,-77.3229261254416,0.67569,24
100000,secuencial,radio,1000,10,-11.804751645889434,-77.3229261254416,502.610524,24
100000,gist,radio,1000,11,-12.006471907703649,-77.15118868947712,0.888639,30
100000,secuencial,radio,1000,11,-12.006471907703649,-77.15118868947712,498.335727,30
100000,rtree,radio,1000,11,-12.006471907703649,-77.15118868947712,0.613638,30
100000,secuencial,radio,1000,12,-12.204956128184476,-77.22040827076262,493.680784,30
100000,rtree,radio,1000,12,-12.204956128184476,-77.22040827076262,0.523733,30
100000,gist,radio,1000,12,-12.204956128184476,-77.22040827076262,0.786222,30
100000,rtree,radio,1000,13,-11.983544025786431,-76.89342975724284,0.713901,33
100000,gist,radio,1000,13,-11.983544025786431,-76.89342975724284,0.803614,33
100000,secuencial,radio,1000,13,-11.983544025786431,-76.89342975724284,518.680059,33
100000,gist,radio,1000,14,-12.168137775782613,-76.76365399284457,1.217689,32
100000,secuencial,radio,1000,14,-12.168137775782613,-76.76365399284457,629.843746,32
100000,rtree,radio,1000,14,-12.168137775782613,-76.76365399284457,0.642636,32
100000,secuencial,radio,1000,15,-12.031430792892165,-76.76351483741132,499.352696,38
100000,rtree,radio,1000,15,-12.031430792892165,-76.76351483741132,0.806566,38
100000,gist,radio,1000,15,-12.031430792892165,-76.76351483741132,0.99169,38
100000,rtree,radio,1000,16,-12.143722726360439,-76.96218807338764,0.703194,32
100000,gist,radio,1000,16,-12.143722726360439,-76.96218807338764,0.736039,32
100000,secuencial,radio,1000,16,-12.143722726360439,-76.96218807338764,515.707555,32
100000,gist,radio,1000,17,-12.307144667383458,-77.17897393043172,0.805713,20
100000,secuencial,radio,1000,17,-12.307144667383458,-77.17897393043172,505.233255,20
100000,rtree,radio,1000,17,-12.307144667383458,-77.17897393043172,0.494261,20
100000,secuencial,radio,1000,18,-12.275183073832562,-76.87578878349431,526.936791,22
100000,rtree,radio,1000,18,-12.275183073832562,-76.87578878349431,0.449172,22
100000,gist,radio,1000,18,-12.275183073832562,-76.87578878349431,0.848612,22
100000,rtree,radio,1000,19,-12.331031714204453,-76.76029307743156,0.521911,25
100000,gist,radio,1000,19,-12.331031714204453,-76.76029307743156,0.711725,25
100000,secuencial,radio,1000,19,-12.331031714204453,-76.76029307743156,517.500581,25
100000,gist,radio,1000,20,-11.875397725776603,-76.8291541495487,0.857644,34
100000,secuencial,radio,1000,20,-11.875397725776603,-76.8291541495487,521.251897,34
100000,rtree,radio,1000,20,-11.875397725776603,-76.8291541495487,0.816462,34
100000,secuencial,radio,1000,21,-12.094163185165952,-77.0237524170421,517.752026,36
100000,rtree,radio,1000,21,-12.094163185165952,-77.0237524170421,0.738335,36
100000,gist,radio,1000,21,-12.094163185165952,-77.0237524170421,0.851786,36
100000,rtree,radio,1000,22,-11.783184404571037,-77.16851570817118,0.641845,30
100000,gist,radio,1000,22,-11.783184404571037,-77.16851570817118,0.786153,30
100000,secuencial,radio,1000,22,-11.783184404571037,-77.16851570817118,523.799676,30
100000,gist,radio,1000,23,-12.330502443992312,-76.8537503501327,0.909607,19
100000,secuencial,radio,1000,23,-12.330502443992312,-76.8537503501327,534.196658,19
100000,rtree,radio,1000,23,-12.330502443992312,-76.8537503501327,0.436564,19
100000,secuencial,radio,1000,24,-11.900554430259245,-77.20850213545228,527.929659,25
100000,rtree,radio,1000,24,-11.900554430259245,-77.20850213545228,0.529954,25
100000,gist,radio,1000,24,-11.900554430259245,-77.20850213545228,0.798954,25
100000,rtree,radio,1000,25,-12.15301049359187,-77.34370037212102,0.423413,28
100000,gist,radio,1000,25,-12.15301049359187,-77.34370037212102,0.684554,28
100000,secuencial,radio,1000,25,-12.15301049359187,-77.34370037212102,523.347879,28
100000,gist,radio,1000,26,-12.293144129217822,-77.07461271258023,0.88198,24
100000,secuencial,radio,1000,26,-12.293144129217822,-77.07461271258023,510.151338,24
100000,rtree,radio,1000,26,-12.293144129217822,-77.07461271258023,0.667472,24
100000,secuencial,radio,1000,27,-11.917813405015332,-76.94828426493639,512.746067,21
100000,rtree,radio,1000,27,-11.917813405015332,-76.94828426493639,0.516643,21
100000,gist,radio,1000,27,-11.917813405015332,-76.94828426493639,0.840109,21
100000,rtree,radio,1000,28,-11.818228970587194,-76.80459168279988,0.668646,26
100000,gist,radio,1000,28,-11.818228970587194,-76.80459168279988,0.724305,26
100000,secuencial,radio,1000,28,-11.818228970587194,-76.80459168279988,522.250085,26
100000,gist,radio,1000,29,-12.042185620553866,-77.11980561484417,0.882741,34
100000,secuencial,radio,1000,29,-12.042185620553866,-77.11980561484417,517.879106,34
100000,rtree,radio,1000,29,-12.042185620553866,-77.11980561484417,0.682412,34
100000,secuencial,radio,1000,30,-11.902732805706265,-77.03636139279664,502.904442,26
100000,rtree,radio,1000,30,-11.902732805706265,-77.03636139279664,0.521667,26
100000,gist,radio,1000,30,-11.902732805706265,-77.03636139279664,0.812414,26
100000,rtree,radio,1000,31,-12.186853482191264,-76.84128098061892,0.488596,15
100000,gist,radio,1000,31,-12.186853482191264,-76.84128098061892,0.72499,15
100000,secuencial,radio,1000,31,-12.186853482191264,-76.84128098061892,545.296443,15
100000,gist,radio,1000,32,-12.189446986329225,-77.16652946042049,0.867499,23
100000,secuencial,radio,1000,32,-12.189446986329225,-77.16652946042049,531.88122,23
100000,rtree,radio,1000,32,-12.189446986329225,-77.16652946042049,0.609032,23
100000,secuencial,radio,1000,33,-11.945495129433406,-77.24486016155174,518.934537,16
100000,rtree,radio,1000,33,-11.945495129433406,-77.24486016155174,0.549992,16
100000,gist,radio,1000,33,-11.945495129433406,-77.24486016155174,0.819307,16
100000,rtree,radio,1000,34,-12.111007007944645,-77.09678326136346,0.506175,18
100000,gist,radio,1000,34,-12.111007007944645,-77.09678326136346,0.646801,18
100000,secuencial,radio,1000,34,-12.111007007944645,-77.09678326136346,512.014055,18
100000,gist,radio,1000,35,-12.246784988834966,-77.04539195581248,0.793861,32
100000,secuencial,radio,1000,35,-12.246784988834966,-77.04539195581248,503.375135,32
100000,rtree,radio,1000,35,-12.246784988834966,-77.04539195581248,0.574173,32
100000,secuencial,radio,1000,36,-11.7733098213026,-77.17743749839795,502.009716,23
100000,rtree,radio,1000,36,-11.7733098213026,-77.17743749839795,0.631142,23
100000,gist,radio,1000,36,-11.7733098213026,-77.17743749839795,0.896665,23
100000,rtree,radio,1000,37,-11.82173238373891,-77.29849310502613,0.574121,24
100000,gist,radio,1000,37,-11.82173238373891,-77.29849310502613,0.705464,24
100000,secuencial,radio,1000,37,-11.82173238373891,-77.29849310502613,525.533176,24
100000,gist,radio,1000,38,-12.114192250590465,-77.08818305290185,0.794274,10
100000,secuencial,radio,1000,38,-12.114192250590465,-77.08818305290185,522.718953,10
100000,rtree,radio,1000,38,-12.114192250590465,-77.08818305290185,0.421945,10
100000,secuencial,radio,1000,39,-11.803259205184059,-77.14440962222349,532.551584,31
100000,rtree,radio,1000,39,-11.803259205184059,-77.14440962222349,0.789552,31
100000,gist,radio,1000,39,-11.803259205184059,-77.14440962222349,1.017646,31
100000,rtree,radio,1000,40,-11.800873761006581,-77.30335267873973,0.73149,26
100000,gist,radio,1000,40,-11.800873761006581,-77.30335267873973,0.82355,26
100000,secuencial,radio,1000,40,-11.800873761006581,-77.30335267873973,625.385827,26
100000,gist,radio,1000,41,-12.32727857289679,-76.77814936880871,0.995467,24
100000,secuencial,radio,1000,41,-12.32727857289679,-76.77814936880871,691.132996,24
100000,rtree,radio,1000,41,-12.32727857289679,-76.77814936880871,0.960965,24
100000,secuencial,radio,1000,42,-11.969126917924573,-76.90016836300424,588.273252,29
100000,rtree,radio,1000,42,-11.969126917924573,-76.90016836300424,0.667774,29
100000,gist,radio,1000,42,-11.969126917924573,-76.90016836300424,0.904289,29
100000,rtree,radio,1000,43,-12.182985570001266,-76.86518920491838,0.66045,25
100000,gist,radio,1000,43,-12.182985570001266,-76.86518920491838,0.899406,25
100000,secuencial,radio,1000,43,-12.182985570001266,-76.86518920491838,572.867831,25
100000,gist,radio,1000,44,-12.243231108605903,-76.78957127246358,0.766587,21
100000,secuencial,radio,1000,44,-12.243231108605903,-76.78957127246358,562.402335,21
100000,rtree,radio,1000,44,-12.243231108605903,-76.78957127246358,0.64083,21
100000,secuencial,radio,1000,45,-12.045162976892575,-77.1478909274555,558.195401,25
100000,rtree,radio,1000,45,-12.045162976892575,-77.1478909274555,0.71563,25
100000,gist,radio,1000,45,-12.045162976892575,-77.1478909274555,0.898131,25
100000,rtree,radio,1000,46,-12.153660746768656,-77.12241798868614,0.471611,20
100000,gist,radio,1000,46,-12.153660746768656,-77.12241798868614,0.74541,20
100000,secuencial,radio,1000,46,-12.153660746768656,-77.12241798868614,568.222752,20
100000,gist,radio,1000,47,-12.261113789014654,-77.20446391162345,0.960453,28
100000,secuencial,radio,1000,47,-12.261113789014654,-77.20446391162345,570.828979,28
100000,rtree,radio,1000,47,-12.261113789014654,-77.20446391162345,0.831721,28
100000,secuencial,radio,1000,48,-11.911772000063623,-76.79765223136404,538.020983,25
100000,rtree,radio,1000,48,-11.911772000063623,-76.79765223136404,0.66964,25
100000,gist,radio,1000,48,-11.911772000063623,-76.79765223136404,0.863605,25
100000,rtree,radio,1000,49,-12.08433823364092,-77.08248518061632,0.552641,14
100000,gist,radio,1000,49,-12.08433823364092,-77.08248518061632,0.680678,14
100000,secuencial,radio,1000,49,-12.08433823364092,-77.08248518061632,556.796591,14
100000,gist,radio,1000,50,-12.018703684582047,-77.0827390512618,0.922006,23
100000,secuencial,radio,1000,50,-12.018703684582047,-77.0827390512618,651.899433,23
100000,rtree,radio,1000,50,-12.018703684582047,-77.0827390512618,0.809847,23
100000,secuencial,radio,1000,51,-12.236491560433548,-76.89427507131919,754.022083,28
100000,rtree,radio,1000,51,-12.236491560433548,-76.89427507131919,0.562236,28
100000,gist,radio,1000,51,-12.236491560433548,-76.89427507131919,0.666783,28
100000,rtree,radio,1000,52,-11.774796910789586,-77.00025470806015,0.58586,20
100000,gist,radio,1000,52,-11.774796910789586,-77.00025470806015,0.453415,20
100000,secuencial,radio,1000,52,-11.774796910789586,-77.00025470806015,539.964396,20
100000,gist,radio,1000,53,-12.046124721526658,-77.31449342849712,0.723683,32
100000,secuencial,radio,1000,53,-12.046124721526658,-77.31449342849712,540.042956,32
100000,rtree,radio,1000,53,-12.046124721526658,-77.31449342849712,0.614452,32
100000,secuencial,radio,1000,54,-11.842702704287872,-76.98969897455655,585.457339,18
100000,rtree,radio,1000,54,-11.842702704287872,-76.98969897455655,0.725781,18
100000,gist,radio,1000,54,-11.842702704287872,-76.98969897455655,0.863888,18
100000,rtree,radio,1000,55,-12.012885837600235,-77.07204158056325,0.899809,26
100000,gist,radio,1000,55,-12.012885837600235,-77.07204158056325,0.744912,26
100000,secuencial,radio,1000,55,-12.012885837600235,-77.07204158056325,701.515814,26
100000,gist,radio,1000,56,-12.191535679067739,-77.05101821795063,1.044437,20
100000,secuencial,radio,1000,56,-12.191535679067739,-77.05101821795063,560.722203,20
100000,rtree,radio,1000,56,-12.191535679067739,-77.05101821795063,0.574234,20
100000,secuencial,radio,1000,57,-12.294982634454936,-76.81606890593824,549.836302,26
100000,rtree,radio,1000,57,-12.294982634454936,-76.81606890593824,0.617261,26
100000,gist,radio,1000,57,-12.294982634454936,-76.81606890593824,0.899367,26
100000,rtree,radio,1000,58,-12.019881116431574,-77.17465856727942,0.603391,16
100000,gist,radio,1000,58,-12.019881116431574,-77.17465856727942,0.755706,16
100000,secuencial,radio,1000,58,-12.019881116431574,-77.17465856727942,565.686032,16
100000,gist,radio,1000,59,-12.083837843908505,-77.21121361001406,0.95786,24
100000,secuencial,radio,1000,59,-12.083837843908505,-77.21121361001406,552.496756,24
100000,rtree,radio,1000,59,-12.083837843908505,-77.21121361001406,0.769861,24
100000,secuencial,radio,1000,60,-11.83936801656191,-77.09299515471804,539.473385,36
100000,rtree,radio,1000,60,-11.83936801656191,-77.09299515471804,0.625116,36
100000,gist,radio,1000,60,-11.83936801656191,-77.09299515471804,0.775283,36
100000,rtree,radio,1000,61,-12.183106547002918,-77.22059613654136,0.476591,22
100000,gist,radio,1000,61,-12.183106547002918,-77.22059613654136,0.435121,22
100000,secuencial,radio,1000,61,-12.183106547002918,-77.22059613654136,518.83094,22
100000,gist,radio,1000,62,-11.964714077146779,-77.17207277242889,0.727746,26
100000,secuencial,radio,1000,62,-11.964714077146779,-77.17207277242889,527.681854,26
100000,rtree,radio,1000,62,-11.964714077146779,-77.17207277242889,0.578584,26
100000,secuencial,radio,1000,63,-12.25109119183904,-76.82654729000366,520.633134,30
100000,rtree,radio,1000,63,-12.25109119183904,-76.82654729000366,0.697153,30
100000,gist,radio,1000,63,-12.25109119183904,-76.82654729000366,0.693042,30
100000,rtree,radio,1000,64,-12.227348909580273,-76.86818152585958,0.765423,42
100000,gist,radio,1000,64,-12.227348909580273,-76.86818152585958,0.632287,42
100000,secuencial,radio,1000,64,-12.227348909580273,-76.86818152585958,568.350914,42
100000,gist,radio,1000,65,-12.025180601663209,-77.05818404136323,0.866849,20
100000,secuencial,radio,1000,65,-12.025180601663209,-77.05818404136323,523.797771,20
100000,rtree,radio,1000,65,-12.025180601663209,-77.05818404136323,0.595939,20
100000,secuencial,radio,1000,66,-11.771840026943192,-76.82079070367021,512.803349,30
100000,rtree,radio,1000,66,-11.771840026943192,-76.82079070367021,0.676626,30
100000,gist,radio,1000,66,-11.771840026943192,-76.82079070367021,0.792213,30
100000,rtree,radio,1000,67,-11.903298489267021,-76.96770565230796,0.596793,25
100000,gist,radio,1000,67,-11.903298489267021,-76.96770565230796,0.727947,25
100000,secuencial,radio,1000,67,-11.903298489267021,-76.96770565230796,521.142558,25
100000,gist,radio,1000,68,-11.84458347945915,-76.96257743655522,0.660163,27
100000,secuencial,radio,1000,68,-11.84458347945915,-76.96257743655522,538.385516,27
100000,rtree,radio,1000,68,-11.84458347945915,-76.96257743655522,0.644227,27
100000,secuencial,radio,1000,69,-11.979264260411975,-77.16776722656559,514.279369,28
100000,rtree,radio,1000,69,-11.979264260411975,-77.16776722656559,0.686985,28
100000,gist,radio,1000,69,-11.979264260411975,-77.16776722656559,0.719309,28
100000,rtree,radio,1000,70,-12.307328894322914,-77.12235407145627,0.72576,39
100000,gist,radio,1000,70,-12.307328894322914,-77.12235407145627,0.61234,39
100000,secuencial,radio,1000,70,-12.307328894322914,-77.12235407145627,533.669715,39
100000,gist,radio,1000,71,-12.246347066569076,-77.03273649701573,0.769188,23
100000,secuencial,radio,1000,71,-12.246347066569076,-77.03273649701573,506.527656,23
100000,rtree,radio,1000,71,-12.246347066569076,-77.03273649701573,0.462843,23
100000,secuencial,radio,1000,72,-11.827264186283267,-77.18280286711541,530.999703,25
100000,rtree,radio,1000,72,-11.827264186283267,-77.18280286711541,0.639254,25
100000,gist,radio,1000,72,-11.827264186283267,-77.18280286711541,0.829328,25
100000,rtree,radio,1000,73,-11.81239852391384,-76.95104457771211,0.541751,29
100000,gist,radio,1000,73,-11.81239852391384,-76.95104457771211,0.507561,29
100000,secuencial,radio,1000,73,-11.81239852391384,-76.95104457771211,520.465639,29
100000,gist,radio,1000,74,-11.936355144311689,-76.87964926824449,0.983823,17
100000,secuencial,radio,1000,74,-11.936355144311689,-76.87964926824449,519.062437,17
100000,rtree,radio,1000,74,-11.936355144311689,-76.87964926824449,0.796061,17
100000,secuencial,radio,1000,75,-11.902374144565027,-76.80139431019622,518.56076,40
100000,rtree,radio,1000,75,-11.902374144565027,-76.80139431019622,0.766043,40
100000,gist,radio,1000,75,-11.902374144565027,-76.80139431019622,0.949195,40
100000,rtree,radio,1000,76,-11.820249617459575,-77.04581136517697,0.486217,21
100000,gist,radio,1000,76,-11.820249617459575,-77.04581136517697,0.728113,21
100000,secuencial,radio,1000,76,-11.820249617459575,-77.04581136517697,515.283246,21
100000,gist,radio,1000,77,-12.177305805147972,-76.92299687024163,0.939804,33
100000,secuencial,radio,1000,77,-12.177305805147972,-76.92299687024163,521.906197,33
100000,rtree,radio,1000,77,-12.177305805147972,-76.92299687024163,0.654703,33
100000,secuencial,radio,1000,78,-12.268299384287044,-77.1243168684586,534.588899,32
100000,rtree,radio,1000,78,-12.268299384287044,-77.1243168684586,0.656324,32
100000,gist,radio,1000,78,-12.268299384287044,-77.1243168684586,0.883822,32
100000,rtree,radio,1000,79,-12.153376433595325,-76.79853117033628,0.652211,26
100000,gist,radio,1000,79,-12.153376433595325,-76.79853117033628,0.843609,26
100000,secuencial,radio,1000,79,-12.153376433595325,-76.79853117033628,525.857699,26
100000,gist,radio,1000,80,-11.992353562357,-76.8022966511219,0.877849,25
100000,secuencial,radio,1000,80,-11.992353562357,-76.8022966511219,521.501325,25
100000,rtree,radio,1000,80,-11.992353562357,-76.8022966511219,0.702595,25
100000,secuencial,radio,1000,81,-11.982462973416517,-77.16970328360398,517.151453,31
100000,rtree,radio,1000,81,-11.982462973416517,-77.16970328360398,0.659823,31
100000,gist,radio,1000,81,-11.982462973416517,-77.16970328360398,0.937565,31
100000,rtree,radio,1000,82,-12.146900692748956,-76.92785642670108,0.596727,25
100000,gist,radio,1000,82,-12.146900692748956,-76.92785642670108,0.742138,25
100000,secuencial,radio,1000,82,-12.146900692748956,-76.92785642670108,523.356795,25
100000,gist,radio,1000,83,-11.848153943762625,-77.19609505846526,0.898241,30
100000,secuencial,radio,1000,83,-11.848153943762625,-77.19609505846526,524.347476,30
100000,rtree,radio,1000,83,-11.848153943762625,-77.19609505846526,0.746244,30
100000,secuencial,radio,1000,84,-11.96096942701325,-77.31935181248366,537.755534,28
100000,rtree,radio,1000,84,-11.96096942701325,-77.31935181248366,0.593853,28
100000,gist,radio,1000,84,-11.96096942701325,-77.31935181248366,0.884722,28
100000,rtree,radio,1000,85,-12.300547114664454,-77.09555684869085,0.560679,23
100000,gist,radio,1000,85,-12.300547114664454,-77.09555684869085,0.720601,23
100000,secuencial,radio,1000,85,-12.300547114664454,-77.09555684869085,533.488647,23
100000,gist,radio,1000,86,-12.29178678439614,-77.13426031557285,0.931996,23
100000,secuencial,radio,1000,86,-12.29178678439614,-77.13426031557285,532.549741,23
100000,rtree,radio,1000,86,-12.29178678439614,-77.13426031557285,0.579112,23
100000,secuencial,radio,1000,87,-12.129607369243198,-77.02309996366162,529.647595,25
100000,rtree,radio,1000,87,-12.129607369243198,-77.02309996366162,0.717685,25
100000,gist,radio,1000,87,-12.129607369243198,-77.02309996366162,0.928919,25
100000,rtree,radio,1000,88,-12.188571188323111,-77.14502175316414,0.660578,29
100000,gist,radio,1000,88,-12.188571188323111,-77.14502175316414,0.672699,29
100000,secuencial,radio,1000,88,-12.188571188323111,-77.14502175316414,528.845454,29
100000,gist,radio,1000,89,-11.859744169120574,-77.07604733374517,0.816404,24
100000,secuencial,radio,1000,89,-11.859744169120574,-77.07604733374517,512.691206,24
100000,rtree,radio,1000,89,-11.859744169120574,-77.07604733374517,0.655808,24
100000,secuencial,radio,1000,90,-12.024714902015914,-76.96605303183892,525.24158,29
100000,rtree,radio,1000,90,-12.024714902015914,-76.96605303183892,0.630356,29
100000,gist,radio,1000,90,-12.024714902015914,-76.96605303183892,0.689592,29
100000,rtree,radio,1000,91,-11.905508232632442,-77.10656813471577,0.734425,35
100000,gist,radio,1000,91,-11.905508232632442,-77.10656813471577,0.599302,35
100000,secuencial,radio,1000,91,-11.905508232632442,-77.10656813471577,522.373126,35
100000,gist,radio,1000,92,-11.901870253561093,-77.11307209242074,0.683902,37
100000,secuencial,radio,1000,92,-11.901870253561093,-77.11307209242074,544.806348,37
100000,rtree,radio,1000,92,-11.901870253561093,-77.11307209242074,0.769023,37
100000,secuencial,radio,1000,93,-12.343516018001337,-76.80015450715057,522.901221,26
100000,rtree,radio,1000,93,-12.343516018001337,-76.80015450715057,0.474697,26
100000,gist,radio,1000,93,-12.343516018001337,-76.80015450715057,0.577899,26
100000,rtree,radio,1000,94,-11.991393905632954,-77.18057562505354,0.552416,20
100000,gist,radio,1000,94,-11.991393905632954,-77.18057562505354,0.414306,20
100000,secuencial,radio,1000,94,-11.991393905632954,-77.18057562505354,518.039599,20
100000,gist,radio,1000,95,-11.952867359702045,-77.27931373026212,0.615632,30
100000,secuencial,radio,1000,95,-11.952867359702045,-77.27931373026212,525.933208,30
100000,rtree,radio,1000,95,-11.952867359702045,-77.27931373026212,0.606663,30
100000,secuencial,radio,1000,96,-11.840522947118483,-76.87926162049457,511.435791,32
100000,rtree,radio,1000,96,-11.840522947118483,-76.87926162049457,0.84983,32
100000,gist,radio,1000,96,-11.840522947118483,-76.87926162049457,0.751263,32
100000,rtree,radio,1000,97,-12.239869721253509,-76.83566256670153,0.532186,16
100000,gist,radio,1000,97,-12.239869721253509,-76.83566256670153,0.771653,16
100000,secuencial,radio,1000,97,-12.239869721253509,-76.83566256670153,515.658754,16
100000,gist,radio,1000,98,-12.207047072243997,-77.0225674397733,0.808961,18
100000,secuencial,radio,1000,98,-12.207047072243997,-77.0225674397733,503.156932,18
100000,rtree,radio,1000,98,-12.207047072243997,-77.0225674397733,0.487844,18
100000,secuencial,radio,1000,99,-12.286744056266315,-76.83456862138426,517.575178,32
100000,rtree,radio,1000,99,-12.286744056266315,-76.83456862138426,0.547074,32
100000,gist,radio,1000,99,-12.286744056266315,-76.83456862138426,0.85804,32
100000,secuencial,radio,5000,0,-12.238351077321237,-77.12323781150685,510.753137,689
100000,rtree,radio,5000,0,-12.238351077321237,-77.12323781150685,6.287376,689
100000,gist,radio,5000,0,-12.238351077321237,-77.12323781150685,3.569411,689
100000,rtree,radio,5000,1,-11.850490175417459,-76.77207450018096,7.275389,659
100000,gist,radio,5000,1,-11.850490175417459,-76.77207450018096,3.596795,659
100000,secuencial,radio,5000,1,-11.850490175417459,-76.77207450018096,530.491004,659
100000,gist,radio,5000,2,-11.819025370683875,-77.03287090378457,3.374556,633
100000,secuencial,radio,5000,2,-11.819025370683875,-77.03287090378457,530.554775,633
100000,rtree,radio,5000,2,-11.819025370683875,-77.03287090378457,5.61969,633
100000,secuencial,radio,5000,3,-11.846049959898656,-76.97530868170429,527.477056,648
100000,rtree,radio,5000,3,-11.846049959898656,-76.97530868170429,5.974123,648
100000,gist,radio,5000,3,-11.846049959898656,-76.97530868170429,3.555592,648
100000,rtree,radio,5000,4,-12.018672930582348,-77.33087166529758,7.413448,678
100000,gist,radio,5000,4,-12.018672930582348,-77.33087166529758,4.117688,678
100000,secuencial,radio,5000,4,-12.018672930582348,-77.33087166529758,540.96153,678
100000,gist,radio,5000,5,-11.82782872109504,-76.90074572228893,3.574806,667
100000,secuencial,radio,5000,5,-11.82782872109504,-76.90074572228893,516.151365,667
100000,rtree,radio,5000,5,-11.82782872109504,-76.90074572228893,7.121041,667
100000,secuencial,radio,5000,6,-11.870590475659505,-77.20118540169999,512.303986,646
100000,rtree,radio,5000,6,-11.870590475659505,-77.20118540169999,5.948704,646
100000,gist,radio,5000,6,-11.870590475659505,-77.20118540169999,3.0681,646
100000,rtree,radio,5000,7,-12.240052897189763,-76.78099844417964,6.340684,631
100000,gist,radio,5000,7,-12.240052897189763,-76.78099844417964,3.294142,631
100000,secuencial,radio,5000,7,-12.240052897189763,-76.78099844417964,533.754137,631
100000,gist,radio,5000,8,-11.883345634396791,-76.89474095860234,3.379399,679
100000,secuencial,radio,5000,8,-11.883345634396791,-76.89474095860234,503.455547,679
100000,rtree,radio,5000,8,-11.883345634396791,-76.89474095860234,7.118992,679
100000,secuencial,radio,5000,9,-12.327192841753288,-77.20271474524674,522.324263,629
100000,rtree,radio,5000,9,-12.327192841753288,-77.20271474524674,6.250837,629
100000,gist,radio,5000,9,-12.327192841753288,-77.20271474524674,3.836738,629
100000,rtree,radio,5000,10,-11.804751645889434,-77.3229261254416,6.826113,641
100000,gist,radio,5000,10,-11.804751645889434,-77.3229261254416,3.803576,641
100000,secuencial,radio,5000,10,-11.804751645889434,-77.3229261254416,512.850988,641
100000,gist,radio,5000,11,-12.006471907703649,-77.15118868947712,3.47024,667
100000,secuencial,radio,5000,11,-12.006471907703649,-77.15118868947712,528.918958,667
100000,rtree,radio,5000,11,-12.006471907703649,-77.15118868947712,6.364895,667
100000,secuencial,radio,5000,12,-12.204956128184476,-77.22040827076262,504.174639,668
100000,rtree,radio,5000,12,-12.204956128184476,-77.22040827076262,6.134898,668
100000,gist,radio,5000,12,-12.204956128184476,-77.22040827076262,3.265055,668
100000,rtree,radio,5000,13,-11.983544025786431,-76.89342975724284,7.898706,699
100000,gist,radio,5000,13,-11.983544025786431,-76.89342975724284,3.765656,699
100000,secuencial,radio,5000,13,-11.983544025786431,-76.89342975724284,519.654272,699
100000,gist,radio,5000,14,-12.168137775782613,-76.76365399284457,3.343141,686
100000,secuencial,radio,5000,14,-12.168137775782613,-76.76365399284457,498.072646,686
100000,rtree,radio,5000,14,-12.168137775782613,-76.76365399284457,7.083451,686
100000,secuencial,radio,5000,15,-12.031430792892165,-76.76351483741132,501.253121,701
100000,rtree,radio,5000,15,-12.031430792892165,-76.76351483741132,6.763058,701
100000,gist,radio,5000,15,-12.031430792892165,-76.76351483741132,3.696443,701
100000,rtree,radio,5000,16,-12.143722726360439,-76.96218807338764,6.823795,633
100000,gist,radio,5000,16,-12.143722726360439,-76.96218807338764,3.24255,633
100000,secuencial,radio,5000,16,-12.143722726360439,-76.96218807338764,519.144316,633
100000,gist,radio,5000,17,-12.307144667383458,-77.17897393043172,3.375336,625
100000,secuencial,radio,5000,17,-12.307144667383458,-77.17897393043172,523.005106,625
100000,rtree,radio,5000,17,-12.307144667383458,-77.17897393043172,5.506414,625
100000,secuencial,radio,5000,18,-12.275183073832562,-76.87578878349431,510.296796,613
100000,rtree,radio,5000,18,-12.275183073832562,-76.87578878349431,5.943389,613
100000,gist,radio,5000,18,-12.275183073832562,-76.87578878349431,4.922455,613
100000,rtree,radio,5000,19,-12.331031714204453,-76.76029307743156,9.431264,681
100000,gist,radio,5000,19,-12.331031714204453,-76.76029307743156,3.455159,681
100000,secuencial,radio,5000,19,-12.331031714204453,-76.76029307743156,518.466903,681
100000,gist,radio,5000,20,-11.875397725776603,-76.8291541495487,3.402287,688
100000,secuencial,radio,5000,20,-11.875397725776603,-76.8291541495487,519.56881,688
100000,rtree,radio,5000,20,-11.875397725776603,-76.8291541495487,6.584906,688
100000,secuencial,radio,5000,21,-12.094163185165952,-77.0237524170421,515.825145,629
100000,rtree,radio,5000,21,-12.094163185165952,-77.0237524170421,5.815478,629
100000,gist,radio,5000,21,-12.094163185165952,-77.0237524170421,3.214283,629
100000,rtree,radio,5000,22,-11.783184404571037,-77.16851570817118,6.533527,654
100000,gist,radio,5000,22,-11.783184404571037,-77.16851570817118,3.254811,654
100000,secuencial,radio,5000,22,-11.783184404571037,-77.16851570817118,515.267459,654
100000,gist,radio,5000,23,-12.330502443992312,-76.8537503501327,3.697833,621
100000,secuencial,radio,5000,23,-12.330502443992312,-76.8537503501327,509.261256,621
100000,rtree,radio,5000,23,-12.330502443992312,-76.8537503501327,5.670376,621
100000,secuencial,radio,5000,24,-11.900554430259245,-77.20850213545228,510.199658,654
100000,rtree,radio,5000,24,-11.900554430259245,-77.20850213545228,6.331986,654
100000,gist,radio,5000,24,-11.900554430259245,-77.20850213545228,3.646537,654
100000,rtree,radio,5000,25,-12.15301049359187,-77.34370037212102,6.407264,627
100000,gist,radio,5000,25,-12.15301049359187,-77.34370037212102,3.673438,627
100000,secuencial,radio,5000,25,-12.15301049359187,-77.34370037212102,618.725867,627
100000,gist,radio,5000,26,-12.293144129217822,-77.07461271258023,3.900422,615
100000,secuencial,radio,5000,26,-12.293144129217822,-77.07461271258023,536.736226,615
100000,rtree,radio,5000,26,-12.293144129217822,-77.07461271258023,5.435964,615
100000,secuencial,radio,5000,27,-11.917813405015332,-76.94828426493639,512.514444,610
100000,rtree,radio,5000,27,-11.917813405015332,-76.94828426493639,6.30018,610
100000,gist,radio,5000,27,-11.917813405015332,-76.94828426493639,3.653998,610
100000,rtree,radio,5000,28,-11.818228970587194,-76.80459168279988,7.024944,644
100000,gist,radio,5000,28,-11.818228970587194,-76.80459168279988,3.294153,644
100000,secuencial,radio,5000,28,-11.818228970587194,-76.80459168279988,518.505713,644
100000,gist,radio,5000,29,-12.042185620553866,-77.11980561484417,3.156875,659
100000,secuencial,radio,5000,29,-12.042185620553866,-77.11980561484417,503.456922,659
100000,rtree,radio,5000,29,-12.042185620553866,-77.11980561484417,6.511908,659
100000,secuencial,radio,5000,30,-11.902732805706265,-77.03636139279664,511.233705,660
100000,rtree,radio,5000,30,-11.902732805706265,-77.03636139279664,7.181953,660
100000,gist,radio,5000,30,-11.902732805706265,-77.03636139279664,3.458136,660
100000,rtree,radio,5000,31,-12.186853482191264,-76.84128098061892,7.164451,646
100000,gist,radio,5000,31,-12.186853482191264,-76.84128098061892,3.614283,646
100000,secuencial,radio,5000,31,-12.186853482191264,-76.84128098061892,501.502989,646
100000,gist,radio,5000,32,-12.189446986329225,-77.16652946042049,3.417518,698
100000,secuencial,radio,5000,32,-12.189446986329225,-77.16652946042049,518.187265,698
100000,rtree,radio,5000,32,-12.189446986329225,-77.16652946042049,7.146516,698
100000,secuencial,radio,5000,33,-11.945495129433406,-77.24486016155174,506.238458,615
100000,rtree,radio,5000,33,-11.945495129433406,-77.24486016155174,5.914288,615
100000,gist,radio,5000,33,-11.945495129433406,-77.24486016155174,3.542038,615
100000,rtree,radio,5000,34,-12.111007007944645,-77.09678326136346,6.159437,623
100000,gist,radio,5000,34,-12.111007007944645,-77.09678326136346,3.824474,623
100000,secuencial,radio,5000,34,-12.111007007944645,-77.09678326136346,553.165195,623
100000,gist,radio,5000,35,-12.246784988834966,-77.04539195581248,3.749206,629
100000,secuencial,radio,5000,35,-12.246784988834966,-77.04539195581248,509.765785,629
100000,rtree,radio,5000,35,-12.246784988834966,-77.04539195581248,6.07213,629
100000,secuencial,radio,5000,36,-11.7733098213026,-77.17743749839795,501.311908,635
100000,rtree,radio,5000,36,-11.7733098213026,-77.17743749839795,6.202752,635
100000,gist,radio,5000,36,-11.7733098213026,-77.17743749839795,3.185892,635
100000,rtree,radio,5000,37,-11.82173238373891,-77.29849310502613,8.507719,626
100000,gist,radio,5000,37,-11.82173238373891,-77.29849310502613,4.932026,626
100000,secuencial,radio,5000,37,-11.82173238373891,-77.29849310502613,501.433486,626
100000,gist,radio,5000,38,-12.114192250590465,-77.08818305290185,3.129855,614
100000,secuencial,radio,5000,38,-12.114192250590465,-77.08818305290185,499.128528,614
100000,rtree,radio,5000,38,-12.114192250590465,-77.08818305290185,5.85017,614
100000,secuencial,radio,5000,39,-11.803259205184059,-77.14440962222349,510.846639,655
100000,rtree,radio,5000,39,-11.803259205184059,-77.14440962222349,6.578887,655
100000,gist,radio,5000,39,-11.803259205184059,-77.14440962222349,3.249477,655
100000,rtree,radio,5000,40,-11.800873761006581,-77.30335267873973,6.343291,624
100000,gist,radio,5000,40,-11.800873761006581,-77.30335267873973,3.563483,624
100000,secuencial,radio,5000,40,-11.800873761006581,-77.30335267873973,517.196845,624
100000,gist,radio,5000,41,-12.32727857289679,-76.77814936880871,4.607279,661
100000,secuencial,radio,5000,41,-12.32727857289679,-76.77814936880871,514.053268,661
100000,rtree,radio,5000,41,-12.32727857289679,-76.77814936880871,6.423567,661
100000,secuencial,radio,5000,42,-11.969126917924573,-76.90016836300424,509.044347,660
100000,rtree,radio,5000,42,-11.969126917924573,-76.90016836300424,7.356952,660
100000,gist,radio,5000,42,-11.969126917924573,-76.90016836300424,3.502518,660
100000,rtree,radio,5000,43,-12.182985570001266,-76.86518920491838,6.508867,651
100000,gist,radio,5000,43,-12.182985570001266,-76.86518920491838,3.288738,651
100000,secuencial,radio,5000,43,-12.182985570001266,-76.86518920491838,513.1423,651
100000,gist,radio,5000,44,-12.243231108605903,-76.78957127246358,3.384837,637
100000,secuencial,radio,5000,44,-12.243231108605903,-76.78957127246358,503.046582,637
100000,rtree,radio,5000,44,-12.243231108605903,-76.78957127246358,6.022797,637
100000,secuencial,radio,5000,45,-12.045162976892575,-77.1478909274555,501.17143,633
100000,rtree,radio,5000,45,-12.045162976892575,-77.1478909274555,5.935893,633
100000,gist,radio,5000,45,-12.045162976892575,-77.1478909274555,3.187915,633
100000,rtree,radio,5000,46,-12.153660746768656,-77.12241798868614,5.540569,639
100000,gist,radio,5000,46,-12.153660746768656,-77.12241798868614,3.518483,639
100000,secuencial,radio,5000,46,-12.153660746768656,-77.12241798868614,500.003879,639
100000,gist,radio,5000,47,-12.261113789014654,-77.20446391162345,3.960167,670
100000,secuencial,radio,5000,47,-12.261113789014654,-77.20446391162345,498.814534,670
100000,rtree,radio,5000,47,-12.261113789014654,-77.20446391162345,5.958327,670
100000,secuencial,radio,5000,48,-11.911772000063623,-76.79765223136404,510.679211,649
100000,rtree,radio,5000,48,-11.911772000063623,-76.79765223136404,6.606441,649
100000,gist,radio,5000,48,-11.911772000063623,-76.79765223136404,3.766744,649
100000,rtree,radio,5000,49,-12.08433823364092,-77.08248518061632,6.656037,586
100000,gist,radio,5000,49,-12.08433823364092,-77.08248518061632,3.296124,586
100000,secuencial,radio,5000,49,-12.08433823364092,-77.08248518061632,505.214951,586
100000,gist,radio,5000,50,-12.018703684582047,-77.0827390512618,3.527863,655
100000,secuencial,radio,5000,50,-12.018703684582047,-77.0827390512618,521.174741,655
100000,rtree,radio,5000,50,-12.018703684582047,-77.0827390512618,6.268471,655
100000,secuencial,radio,5000,51,-12.236491560433548,-76.89427507131919,515.025765,655
100000,rtree,radio,5000,51,-12.236491560433548,-76.89427507131919,6.247176,655
100000,gist,radio,5000,51,-12.236491560433548,-76.89427507131919,3.572435,655
100000,rtree,radio,5000,52,-11.774796910789586,-77.00025470806015,6.04369,626
100000,gist,radio,5000,52,-11.774796910789586,-77.00025470806015,2.902192,626
100000,secuencial,radio,5000,52,-11.774796910789586,-77.00025470806015,518.551843,626
100000,gist,radio,5000,53,-12.046124721526658,-77.31449342849712,3.443957,674
100000,secuencial,radio,5000,53,-12.046124721526658,-77.31449342849712,494.784088,674
100000,rtree,radio,5000,53,-12.046124721526658,-77.31449342849712,6.608787,674
100000,secuencial,radio,5000,54,-11.842702704287872,-76.98969897455655,499.441983,644
100000,rtree,radio,5000,54,-11.842702704287872,-76.98969897455655,6.774367,644
100000,gist,radio,5000,54,-11.842702704287872,-76.98969897455655,3.453211,644
100000,rtree,radio,5000,55,-12.012885837600235,-77.07204158056325,6.345096,634
100000,gist,radio,5000,55,-12.012885837600235,-77.07204158056325,3.290208,634
100000,secuencial,radio,5000,55,-12.012885837600235,-77.07204158056325,524.334644,634
100000,gist,radio,5000,56,-12.191535679067739,-77.05101821795063,3.368588,614
100000,secuencial,radio,5000,56,-12.191535679067739,-77.05101821795063,499.676769,614
100000,rtree,radio,5000,56,-12.191535679067739,-77.05101821795063,6.30958,614
100000,secuencial,radio,5000,57,-12.294982634454936,-76.81606890593824,509.434852,658
100000,rtree,radio,5000,57,-12.294982634454936,-76.81606890593824,6.738206,658
100000,gist,radio,5000,57,-12.294982634454936,-76.81606890593824,3.405186,658
100000,rtree,radio,5000,58,-12.019881116431574,-77.17465856727942,6.110078,627
100000,gist,radio,5000,58,-12.019881116431574,-77.17465856727942,3.494333,627
100000,secuencial,radio,5000,58,-12.019881116431574,-77.17465856727942,510.915869,627
100000,gist,radio,5000,59,-12.083837843908505,-77.21121361001406,3.662624,680
100000,secuencial,radio,5000,59,-12.083837843908505,-77.21121361001406,521.536208,680
100000,rtree,radio,5000,59,-12.083837843908505,-77.21121361001406,7.047927,680
100000,secuencial,radio,5000,60,-11.83936801656191,-77.09299515471804,503.500166,605
100000,rtree,radio,5000,60,-11.83936801656191,-77.09299515471804,6.354562,605
100000,gist,radio,5000,60,-11.83936801656191,-77.09299515471804,3.271506,605
100000,rtree,radio,5000,61,-12.183106547002918,-77.22059613654136,6.402011,648
100000,gist,radio,5000,61,-12.183106547002918,-77.22059613654136,3.466918,648
100000,secuencial,radio,5000,61,-12.183106547002918,-77.22059613654136,497.920693,648
100000,gist,radio,5000,62,-11.964714077146779,-77.17207277242889,3.659812,673
100000,secuencial,radio,5000,62,-11.964714077146779,-77.17207277242889,500.666624,673
100000,rtree,radio,5000,62,-11.964714077146779,-77.17207277242889,5.976915,673
100000,secuencial,radio,5000,63,-12.25109119183904,-76.82654729000366,508.573956,673
100000,rtree,radio,5000,63,-12.25109119183904,-76.82654729000366,6.63873,673
100000,gist,radio,5000,63,-12.25109119183904,-76.82654729000366,3.493602,673
100000,rtree,radio,5000,64,-12.227348909580273,-76.86818152585958,6.220457,637
100000,gist,radio,5000,64,-12.227348909580273,-76.86818152585958,3.329825,637
100000,secuencial,radio,5000,64,-12.227348909580273,-76.86818152585958,506.872719,637
100000,gist,radio,5000,65,-12.025180601663209,-77.05818404136323,3.64604,628
100000,secuencial,radio,5000,65,-12.025180601663209,-77.05818404136323,522.328254,628
100000,rtree,radio,5000,65,-12.025180601663209,-77.05818404136323,5.989366,628
100000,secuencial,radio,5000,66,-11.771840026943192,-76.82079070367021,507.473057,703
100000,rtree,radio,5000,66,-11.771840026943192,-76.82079070367021,6.857109,703
100000,gist,radio,5000,66,-11.771840026943192,-76.82079070367021,4.097157,703
100000,rtree,radio,5000,67,-11.903298489267021,-76.96770565230796,9.413341,641
100000,gist,radio,5000,67,-11.903298489267021,-76.96770565230796,3.559594,641
100000,secuencial,radio,5000,67,-11.903298489267021,-76.96770565230796,510.123603,641
100000,gist,radio,5000,68,-11.84458347945915,-76.96257743655522,3.36288,646
100000,secuencial,radio,5000,68,-11.84458347945915,-76.96257743655522,506.938802,646
100000,rtree,radio,5000,68,-11.84458347945915,-76.96257743655522,7.195815,646
100000,secuencial,radio,5000,69,-11.979264260411975,-77.16776722656559,615.029416,662
100000,rtree,radio,5000,69,-11.979264260411975,-77.16776722656559,5.747028,662
100000,gist,radio,5000,69,-11.979264260411975,-77.16776722656559,3.101854,662
100000,rtree,radio,5000,70,-12.307328894322914,-77.12235407145627,6.445683,669
100000,gist,radio,5000,70,-12.307328894322914,-77.12235407145627,3.564822,669
100000,secuencial,radio,5000,70,-12.307328894322914,-77.12235407145627,503.022294,669
100000,gist,radio,5000,71,-12.246347066569076,-77.03273649701573,2.996745,613
100000,secuencial,radio,5000,71,-12.246347066569076,-77.03273649701573,509.947195,613
100000,rtree,radio,5000,71,-12.246347066569076,-77.03273649701573,6.365908,613
100000,secuencial,radio,5000,72,-11.827264186283267,-77.18280286711541,495.785974,683
100000,rtree,radio,5000,72,-11.827264186283267,-77.18280286711541,6.321357,683
100000,gist,radio,5000,72,-11.827264186283267,-77.18280286711541,3.604706,683
100000,rtree,radio,5000,73,-11.81239852391384,-76.95104457771211,6.479351,657
100000,gist,radio,5000,73,-11.81239852391384,-76.95104457771211,3.382446,657
100000,secuencial,radio,5000,73,-11.81239852391384,-76.95104457771211,506.474671,657
100000,gist,radio,5000,74,-11.936355144311689,-76.87964926824449,3.739687,679
100000,secuencial,radio,5000,74,-11.936355144311689,-76.87964926824449,518.325376,679
100000,rtree,radio,5000,74,-11.936355144311689,-76.87964926824449,6.548938,679
100000,secuencial,radio,5000,75,-11.902374144565027,-76.80139431019622,515.383284,671
100000,rtree,radio,5000,75,-11.902374144565027,-76.80139431019622,6.667331,671
100000,gist,radio,5000,75,-11.902374144565027,-76.80139431019622,3.127926,671
100000,rtree,radio,5000,76,-11.820249617459575,-77.04581136517697,5.982769,627
100000,gist,radio,5000,76,-11.820249617459575,-77.04581136517697,3.17495,627
100000,secuencial,radio,5000,76,-11.820249617459575,-77.04581136517697,512.393409,627
100000,gist,radio,5000,77,-12.177305805147972,-76.92299687024163,3.528729,638
100000,secuencial,radio,5000,77,-12.177305805147972,-76.92299687024163,575.67471,638
100000,rtree,radio,5000,77,-12.177305805147972,-76.92299687024163,8.578597,638
100000,secuencial,radio,5000,78,-12.268299384287044,-77.1243168684586,556.745138,684
100000,rtree,radio,5000,78,-12.268299384287044,-77.1243168684586,5.9307,684
100000,gist,radio,5000,78,-12.268299384287044,-77.1243168684586,3.477733,684
100000,rtree,radio,5000,79,-12.153376433595325,-76.79853117033628,7.364362,688
100000,gist,radio,5000,79,-12.153376433595325,-76.79853117033628,3.523906,688
100000,secuencial,radio,5000,79,-12.153376433595325,-76.79853117033628,485.35044,688
100000,gist,radio,5000,80,-11.992353562357,-76.8022966511219,3.963368,654
100000,secuencial,radio,5000,80,-11.992353562357,-76.8022966511219,497.094959,654
100000,rtree,radio,5000,80,-11.992353562357,-76.8022966511219,6.672173,654
100000,secuencial,radio,5000,81,-11.982462973416517,-77.16970328360398,500.705833,668
100000,rtree,radio,5000,81,-11.982462973416517,-77.16970328360398,6.224804,668
100000,gist,radio,5000,81,-11.982462973416517,-77.16970328360398,3.788957,668
100000,rtree,radio,5000,82,-12.146900692748956,-76.92785642670108,6.94545,658
100000,gist,radio,5000,82,-12.146900692748956,-76.92785642670108,3.573754,658
100000,secuencial,radio,5000,82,-12.146900692748956,-76.92785642670108,513.605532,658
100000,gist,radio,5000,83,-11.848153943762625,-77.19609505846526,3.703422,658
100000,secuencial,radio,5000,83,-11.848153943762625,-77.19609505846526,502.888772,658
100000,rtree,radio,5000,83,-11.848153943762625,-77.19609505846526,6.644786,658
100000,secuencial,radio,5000,84,-11.96096942701325,-77.31935181248366,500.821529,652
100000,rtree,radio,5000,84,-11.96096942701325,-77.31935181248366,6.361338,652
100000,gist,radio,5000,84,-11.96096942701325,-77.31935181248366,3.372626,652
100000,rtree,radio,5000,85,-12.300547114664454,-77.09555684869085,5.947963,633
100000,gist,radio,5000,85,-12.300547114664454,-77.09555684869085,3.229887,633
100000,secuencial,radio,5000,85,-12.300547114664454,-77.09555684869085,504.795626,633
100000,gist,radio,5000,86,-12.29178678439614,-77.13426031557285,3.185509,671
100000,secuencial,radio,5000,86,-12.29178678439614,-77.13426031557285,500.448377,671
100000,rtree,radio,5000,86,-12.29178678439614,-77.13426031557285,6.566064,671
100000,secuencial,radio,5000,87,-12.129607369243198,-77.02309996366162,499.178204,615
100000,rtree,radio,5000,87,-12.129607369243198,-77.02309996366162,6.472104,615
100000,gist,radio,5000,87,-12.129607369243198,-77.02309996366162,3.218149,615
100000,rtree,radio,5000,88,-12.188571188323111,-77.14502175316414,6.773905,691
100000,gist,radio,5000,88,-12.188571188323111,-77.14502175316414,3.810399,691
100000,secuencial,radio,5000,88,-12.188571188323111,-77.14502175316414,512.880164,691
100000,gist,radio,5000,89,-11.859744169120574,-77.07604733374517,3.39397,614
100000,secuencial,radio,5000,89,-11.859744169120574,-77.07604733374517,519.3809,614
100000,rtree,radio,5000,89,-11.859744169120574,-77.07604733374517,6.079995,614
100000,secuencial,radio,5000,90,-12.024714902015914,-76.96605303183892,509.335936,678
100000,rtree,radio,5000,90,-12.024714902015914,-76.96605303183892,6.387382,678
100000,gist,radio,5000,90,-12.024714902015914,-76.96605303183892,3.907979,678
100000,rtree,radio,5000,91,-11.905508232632442,-77.10656813471577,6.804184,627
100000,gist,radio,5000,91,-11.905508232632442,-77.10656813471577,3.317425,627
100000,secuencial,radio,5000,91,-11.905508232632442,-77.10656813471577,515.746709,627
100000,gist,radio,5000,92,-11.901870253561093,-77.11307209242074,3.692868,626
100000,secuencial,radio,5000,92,-11.901870253561093,-77.11307209242074,503.807422,626
100000,rtree,radio,5000,92,-11.901870253561093,-77.11307209242074,6.888762,626
100000,secuencial,radio,5000,93,-12.343516018001337,-76.80015450715057,523.58601,659
100000,rtree,radio,5000,93,-12.343516018001337,-76.80015450715057,7.22211,659
100000,gist,radio,5000,93,-12.343516018001337,-76.80015450715057,3.554831,659
100000,rtree,radio,5000,94,-11.991393905632954,-77.18057562505354,6.120912,646
100000,gist,radio,5000,94,-11.991393905632954,-77.18057562505354,6.078553,646
100000,secuencial,radio,5000,94,-11.991393905632954,-77.18057562505354,521.964686,646
100000,gist,radio,5000,95,-11.952867359702045,-77.27931373026212,3.207071,640
100000,secuencial,radio,5000,95,-11.952867359702045,-77.27931373026212,534.566922,640
100000,rtree,radio,5000,95,-11.952867359702045,-77.27931373026212,6.16025,640
100000,secuencial,radio,5000,96,-11.840522947118483,-76.87926162049457,494.283207,641
100000,rtree,radio,5000,96,-11.840522947118483,-76.87926162049457,6.659784,641
100000,gist,radio,5000,96,-11.840522947118483,-76.87926162049457,3.197162,641
100000,rtree,radio,5000,97,-12.239869721253509,-76.83566256670153,5.917768,653
100000,gist,radio,5000,97,-12.239869721253509,-76.83566256670153,3.255449,653
100000,secuencial,radio,5000,97,-12.239869721253509,-76.83566256670153,493.552953,653
100000,gist,radio,5000,98,-12.207047072243997,-77.0225674397733,2.878646,605
100000,secuencial,radio,5000,98,-12.207047072243997,-77.0225674397733,500.00441,605
100000,rtree,radio,5000,98,-12.207047072243997,-77.0225674397733,6.826234,605
100000,secuencial,radio,5000,99,-12.286744056266315,-76.83456862138426,515.952405,643
100000,rtree,radio,5000,99,-12.286744056266315,-76.83456862138426,6.091637,643
100000,gist,radio,5000,99,-12.286744056266315,-76.83456862138426,3.225138,643
100000,secuencial,radio,10000,0,-12.238351077321237,-77.12323781150685,510.653047,2654
100000,rtree,radio,10000,0,-12.238351077321237,-77.12323781150685,24.593728,2654
100000,gist,radio,10000,0,-12.238351077321237,-77.12323781150685,10.551227,2654
100000,rtree,radio,10000,1,-11.850490175417459,-76.77207450018096,30.868788,2638
100000,gist,radio,10000,1,-11.850490175417459,-76.77207450018096,11.576425,2638
100000,secuencial,radio,10000,1,-11.850490175417459,-76.77207450018096,502.577195,2638
100000,gist,radio,10000,2,-11.819025370683875,-77.03287090378457,9.766061,2540
100000,secuencial,radio,10000,2,-11.819025370683875,-77.03287090378457,548.924433,2540
100000,rtree,radio,10000,2,-11.819025370683875,-77.03287090378457,22.057665,2540
100000,secuencial,radio,10000,3,-11.846049959898656,-76.97530868170429,509.684525,2617
100000,rtree,radio,10000,3,-11.846049959898656,-76.97530868170429,24.615664,2617
100000,gist,radio,10000,3,-11.846049959898656,-76.97530868170429,10.291893,2617
100000,rtree,radio,10000,4,-12.018672930582348,-77.33087166529758,24.912738,2623
100000,gist,radio,10000,4,-12.018672930582348,-77.33087166529758,10.698622,2623
100000,secuencial,radio,10000,4,-12.018672930582348,-77.33087166529758,602.53724,2623
100000,gist,radio,10000,5,-11.82782872109504,-76.90074572228893,10.257266,2624
100000,secuencial,radio,10000,5,-11.82782872109504,-76.90074572228893,520.215245,2624
100000,rtree,radio,10000,5,-11.82782872109504,-76.90074572228893,24.327749,2624
100000,secuencial,radio,10000,6,-11.870590475659505,-77.20118540169999,525.293556,2630
100000,rtree,radio,10000,6,-11.870590475659505,-77.20118540169999,24.290228,2630
100000,gist,radio,10000,6,-11.870590475659505,-77.20118540169999,10.525169,2630
100000,rtree,radio,10000,7,-12.240052897189763,-76.78099844417964,27.143336,2620
100000,gist,radio,10000,7,-12.240052897189763,-76.78099844417964,9.891373,2620
100000,secuencial,radio,10000,7,-12.240052897189763,-76.78099844417964,516.821864,2620
100000,gist,radio,10000,8,-11.883345634396791,-76.89474095860234,10.42214,2680
100000,secuencial,radio,10000,8,-11.883345634396791,-76.89474095860234,505.096823,2680
100000,rtree,radio,10000,8,-11.883345634396791,-76.89474095860234,25.29768,2680
100000,secuencial,radio,10000,9,-12.327192841753288,-77.20271474524674,502.136366,2607
100000,rtree,radio,10000,9,-12.327192841753288,-77.20271474524674,25.213262,2607
100000,gist,radio,10000,9,-12.327192841753288,-77.20271474524674,10.557816,2607
100000,rtree,radio,10000,10,-11.804751645889434,-77.3229261254416,28.178826,2651
100000,gist,radio,10000,10,-11.804751645889434,-77.3229261254416,10.976079,2651
100000,secuencial,radio,10000,10,-11.804751645889434,-77.3229261254416,511.728084,2651
100000,gist,radio,10000,11,-12.006471907703649,-77.15118868947712,9.972292,2605
100000,secuencial,radio,10000,11,-12.006471907703649,-77.15118868947712,508.709241,2605
100000,rtree,radio,10000,11,-12.006471907703649,-77.15118868947712,23.841043,2605
100000,secuencial,radio,10000,12,-12.204956128184476,-77.22040827076262,517.530434,2655
100000,rtree,radio,10000,12,-12.204956128184476,-77.22040827076262,24.364737,2655
100000,gist,radio,10000,12,-12.204956128184476,-77.22040827076262,10.469604,2655
100000,rtree,radio,10000,13,-11.983544025786431,-76.89342975724284,26.843266,2633
100000,gist,radio,10000,13,-11.983544025786431,-76.89342975724284,11.03266,2633
100000,secuencial,radio,10000,13,-11.983544025786431,-76.89342975724284,525.929878,2633
100000,gist,radio,10000,14,-12.168137775782613,-76.76365399284457,10.209626,2592
100000,secuencial,radio,10000,14,-12.168137775782613,-76.76365399284457,533.392394,2592
100000,rtree,radio,10000,14,-12.168137775782613,-76.76365399284457,23.388426,2592
100000,secuencial,radio,10000,15,-12.031430792892165,-76.76351483741132,519.910977,2620
100000,rtree,radio,10000,15,-12.031430792892165,-76.76351483741132,23.365691,2620
100000,gist,radio,10000,15,-12.031430792892165,-76.76351483741132,10.863277,2620
100000,rtree,radio,10000,16,-12.143722726360439,-76.96218807338764,24.014927,2574
100000,gist,radio,10000,16,-12.143722726360439,-76.96218807338764,10.380513,2574
100000,secuencial,radio,10000,16,-12.143722726360439,-76.96218807338764,531.588175,2574
100000,gist,radio,10000,17,-12.307144667383458,-77.17897393043172,10.165325,2650
100000,secuencial,radio,10000,17,-12.307144667383458,-77.17897393043172,516.061846,2650
100000,rtree,radio,10000,17,-12.307144667383458,-77.17897393043172,24.903519,2650
100000,secuencial,radio,10000,18,-12.275183073832562,-76.87578878349431,514.572764,2551
100000,rtree,radio,10000,18,-12.275183073832562,-76.87578878349431,26.195623,2551
100000,gist,radio,10000,18,-12.275183073832562,-76.87578878349431,11.707296,2551
100000,rtree,radio,10000,19,-12.331031714204453,-76.76029307743156,31.298302,2646
100000,gist,radio,10000,19,-12.331031714204453,-76.76029307743156,12.676555,2646
100000,secuencial,radio,10000,19,-12.331031714204453,-76.76029307743156,646.315437,2646
100000,gist,radio,10000,20,-11.875397725776603,-76.8291541495487,14.902463,2621
100000,secuencial,radio,10000,20,-11.875397725776603,-76.8291541495487,645.000982,2621
100000,rtree,radio,10000,20,-11.875397725776603,-76.8291541495487,30.154744,2621
100000,secuencial,radio,10000,21,-12.094163185165952,-77.0237524170421,619.468527,2539
100000,rtree,radio,10000,21,-12.094163185165952,-77.0237524170421,29.065355,2539
100000,gist,radio,10000,21,-12.094163185165952,-77.0237524170421,12.319954,2539
100000,rtree,radio,10000,22,-11.783184404571037,-77.16851570817118,28.014229,2597
100000,gist,radio,10000,22,-11.783184404571037,-77.16851570817118,12.674483,2597
100000,secuencial,radio,10000,22,-11.783184404571037,-77.16851570817118,531.960569,2597
100000,gist,radio,10000,23,-12.330502443992312,-76.8537503501327,10.641912,2556
100000,secuencial,radio,10000,23,-12.330502443992312,-76.8537503501327,568.425133,2556
100000,rtree,radio,10000,23,-12.330502443992312,-76.8537503501327,26.78249,2556
100000,secuencial,radio,10000,24,-11.900554430259245,-77.20850213545228,554.275911,2619
100000,rtree,radio,10000,24,-11.900554430259245,-77.20850213545228,25.973991,2619
100000,gist,radio,10000,24,-11.900554430259245,-77.20850213545228,11.384511,2619
100000,rtree,radio,10000,25,-12.15301049359187,-77.34370037212102,27.466628,2551
100000,gist,radio,10000,25,-12.15301049359187,-77.34370037212102,11.670842,2551
100000,secuencial,radio,10000,25,-12.15301049359187,-77.34370037212102,556.811675,2551
100000,gist,radio,10000,26,-12.293144129217822,-77.07461271258023,9.568409,2567
100000,secuencial,radio,10000,26,-12.293144129217822,-77.07461271258023,563.013752,2567
100000,rtree,radio,10000,26,-12.293144129217822,-77.07461271258023,24.99492,2567
100000,secuencial,radio,10000,27,-11.917813405015332,-76.94828426493639,542.90747,2674
100000,rtree,radio,10000,27,-11.917813405015332,-76.94828426493639,24.893175,2674
100000,gist,radio,10000,27,-11.917813405015332,-76.94828426493639,12.524033,2674
100000,rtree,radio,10000,28,-11.818228970587194,-76.80459168279988,27.587006,2656
100000,gist,radio,10000,28,-11.818228970587194,-76.80459168279988,11.974027,2656
100000,secuencial,radio,10000,28,-11.818228970587194,-76.80459168279988,542.409037,2656
100000,gist,radio,10000,29,-12.042185620553866,-77.11980561484417,10.756664,2485
100000,secuencial,radio,10000,29,-12.042185620553866,-77.11980561484417,550.306384,2485
100000,rtree,radio,10000,29,-12.042185620553866,-77.11980561484417,28.281803,2485
100000,secuencial,radio,10000,30,-11.902732805706265,-77.03636139279664,542.413681,2601
100000,rtree,radio,10000,30,-11.902732805706265,-77.03636139279664,27.210586,2601
100000,gist,radio,10000,30,-11.902732805706265,-77.03636139279664,11.387989,2601
100000,rtree,radio,10000,31,-12.186853482191264,-76.84128098061892,27.051251,2658
100000,gist,radio,10000,31,-12.186853482191264,-76.84128098061892,10.856692,2658
100000,secuencial,radio,10000,31,-12.186853482191264,-76.84128098061892,553.439574,2658
100000,gist,radio,10000,32,-12.189446986329225,-77.16652946042049,11.533464,2688
100000,secuencial,radio,10000,32,-12.189446986329225,-77.16652946042049,585.434358,2688
100000,rtree,radio,10000,32,-12.189446986329225,-77.16652946042049,32.030693,2688
100000,secuencial,radio,10000,33,-11.945495129433406,-77.24486016155174,597.263052,2577
100000,rtree,radio,10000,33,-11.945495129433406,-77.24486016155174,28.440952,2577
100000,gist,radio,10000,33,-11.945495129433406,-77.24486016155174,11.995381,2577
100000,rtree,radio,10000,34,-12.111007007944645,-77.09678326136346,28.828407,2508
100000,gist,radio,10000,34,-12.111007007944645,-77.09678326136346,13.433109,2508
100000,secuencial,radio,10000,34,-12.111007007944645,-77.09678326136346,598.21792,2508
100000,gist,radio,10000,35,-12.246784988834966,-77.04539195581248,12.618739,2525
100000,secuencial,radio,10000,35,-12.246784988834966,-77.04539195581248,687.595645,2525
100000,rtree,radio,10000,35,-12.246784988834966,-77.04539195581248,31.469286,2525
100000,secuencial,radio,10000,36,-11.7733098213026,-77.17743749839795,621.66612,2594
100000,rtree,radio,10000,36,-11.7733098213026,-77.17743749839795,26.704908,2594
100000,gist,radio,10000,36,-11.7733098213026,-77.17743749839795,9.764259,2594
100000,rtree,radio,10000,37,-11.82173238373891,-77.29849310502613,28.366378,2637
100000,gist,radio,10000,37,-11.82173238373891,-77.29849310502613,11.833335,2637
100000,secuencial,radio,10000,37,-11.82173238373891,-77.29849310502613,575.438136,2637
100000,gist,radio,10000,38,-12.114192250590465,-77.08818305290185,12.776487,2493
100000,secuencial,radio,10000,38,-12.114192250590465,-77.08818305290185,540.291615,2493
100000,rtree,radio,10000,38,-12.114192250590465,-77.08818305290185,23.356442,2493
100000,secuencial,radio,10000,39,-11.803259205184059,-77.14440962222349,535.029484,2535
100000,rtree,radio,10000,39,-11.803259205184059,-77.14440962222349,22.543053,2535
100000,gist,radio,10000,39,-11.803259205184059,-77.14440962222349,10.031393,2535
100000,rtree,radio,10000,40,-11.800873761006581,-77.30335267873973,25.455652,2645
100000,gist,radio,10000,40,-11.800873761006581,-77.30335267873973,10.483711,2645
100000,secuencial,radio,10000,40,-11.800873761006581,-77.30335267873973,522.850361,2645
100000,gist,radio,10000,41,-12.32727857289679,-76.77814936880871,10.700165,2604
100000,secuencial,radio,10000,41,-12.32727857289679,-76.77814936880871,589.887528,2604
100000,rtree,radio,10000,41,-12.32727857289679,-76.77814936880871,28.277232,2604
100000,secuencial,radio,10000,42,-11.969126917924573,-76.90016836300424,581.608329,2686
100000,rtree,radio,10000,42,-11.969126917924573,-76.90016836300424,26.961581,2686
100000,gist,radio,10000,42,-11.969126917924573,-76.90016836300424,10.961911,2686
100000,rtree,radio,10000,43,-12.182985570001266,-76.86518920491838,29.001828,2604
100000,gist,radio,10000,43,-12.182985570001266,-76.86518920491838,11.365499,2604
100000,secuencial,radio,10000,43,-12.182985570001266,-76.86518920491838,523.662984,2604
100000,gist,radio,10000,44,-12.243231108605903,-76.78957127246358,10.443872,2605
100000,secuencial,radio,10000,44,-12.243231108605903,-76.78957127246358,531.388879,2605
100000,rtree,radio,10000,44,-12.243231108605903,-76.78957127246358,23.694492,2605
100000,secuencial,radio,10000,45,-12.045162976892575,-77.1478909274555,519.305733,2525
100000,rtree,radio,10000,45,-12.045162976892575,-77.1478909274555,24.063538,2525
100000,gist,radio,10000,45,-12.045162976892575,-77.1478909274555,10.476567,2525
100000,rtree,radio,10000,46,-12.153660746768656,-77.12241798868614,26.444018,2593
100000,gist,radio,10000,46,-12.153660746768656,-77.12241798868614,13.267689,2593
100000,secuencial,radio,10000,46,-12.153660746768656,-77.12241798868614,528.476677,2593
100000,gist,radio,10000,47,-12.261113789014654,-77.20446391162345,10.448233,2628
100000,secuencial,radio,10000,47,-12.261113789014654,-77.20446391162345,524.085437,2628
100000,rtree,radio,10000,47,-12.261113789014654,-77.20446391162345,24.305959,2628
100000,secuencial,radio,10000,48,-11.911772000063623,-76.79765223136404,525.784021,2602
100000,rtree,radio,10000,48,-11.911772000063623,-76.79765223136404,27.323369,2602
100000,gist,radio,10000,48,-11.911772000063623,-76.79765223136404,12.180836,2602
100000,rtree,radio,10000,49,-12.08433823364092,-77.08248518061632,25.86684,2465
100000,gist,radio,10000,49,-12.08433823364092,-77.08248518061632,11.11917,2465
100000,secuencial,radio,10000,49,-12.08433823364092,-77.08248518061632,548.191902,2465
100000,gist,radio,10000,50,-12.018703684582047,-77.0827390512618,11.604125,2580
100000,secuencial,radio,10000,50,-12.018703684582047,-77.0827390512618,520.54783,2580
100000,rtree,radio,10000,50,-12.018703684582047,-77.0827390512618,25.889114,2580
100000,secuencial,radio,10000,51,-12.236491560433548,-76.89427507131919,528.086494,2544
100000,rtree,radio,10000,51,-12.236491560433548,-76.89427507131919,29.211611,2544
100000,gist,radio,10000,51,-12.236491560433548,-76.89427507131919,10.852261,2544
100000,rtree,radio,10000,52,-11.774796910789586,-77.00025470806015,26.918995,2579
100000,gist,radio,10000,52,-11.774796910789586,-77.00025470806015,11.597127,2579
100000,secuencial,radio,10000,52,-11.774796910789586,-77.00025470806015,527.598832,2579
100000,gist,radio,10000,53,-12.046124721526658,-77.31449342849712,10.093687,2671
100000,secuencial,radio,10000,53,-12.046124721526658,-77.31449342849712,516.591119,2671
100000,rtree,radio,10000,53,-12.046124721526658,-77.31449342849712,24.27897,2671
100000,secuencial,radio,10000,54,-11.842702704287872,-76.98969897455655,522.987299,2586
100000,rtree,radio,10000,54,-11.842702704287872,-76.98969897455655,24.700028,2586
100000,gist,radio,10000,54,-11.842702704287872,-76.98969897455655,10.302012,2586
100000,rtree,radio,10000,55,-12.012885837600235,-77.07204158056325,27.00902,2599
100000,gist,radio,10000,55,-12.012885837600235,-77.07204158056325,12.342173,2599
100000,secuencial,radio,10000,55,-12.012885837600235,-77.07204158056325,526.45478,2599
100000,gist,radio,10000,56,-12.191535679067739,-77.05101821795063,12.62817,2566
100000,secuencial,radio,10000,56,-12.191535679067739,-77.05101821795063,527.060755,2566
100000,rtree,radio,10000,56,-12.191535679067739,-77.05101821795063,26.985172,2566
100000,secuencial,radio,10000,57,-12.294982634454936,-76.81606890593824,521.585203,2526
100000,rtree,radio,10000,57,-12.294982634454936,-76.81606890593824,24.817323,2526
100000,gist,radio,10000,57,-12.294982634454936,-76.81606890593824,9.623956,2526
100000,rtree,radio,10000,58,-12.019881116431574,-77.17465856727942,24.003064,2590
100000,gist,radio,10000,58,-12.019881116431574,-77.17465856727942,10.097445,2590
100000,secuencial,radio,10000,58,-12.019881116431574,-77.17465856727942,528.183236,2590
100000,gist,radio,10000,59,-12.083837843908505,-77.21121361001406,10.151101,2611
100000,secuencial,radio,10000,59,-12.083837843908505,-77.21121361001406,519.347373,2611
100000,rtree,radio,10000,59,-12.083837843908505,-77.21121361001406,26.195787,2611
100000,secuencial,radio,10000,60,-11.83936801656191,-77.09299515471804,529.39088,2576
100000,rtree,radio,10000,60,-11.83936801656191,-77.09299515471804,24.632175,2576
100000,gist,radio,10000,60,-11.83936801656191,-77.09299515471804,11.855358,2576
100000,rtree,radio,10000,61,-12.183106547002918,-77.22059613654136,26.930162,2752
100000,gist,radio,10000,61,-12.183106547002918,-77.22059613654136,11.076311,2752
100000,secuencial,radio,10000,61,-12.183106547002918,-77.22059613654136,607.43711,2752
100000,gist,radio,10000,62,-11.964714077146779,-77.17207277242889,12.724906,2605
100000,secuencial,radio,10000,62,-11.964714077146779,-77.17207277242889,564.327902,2605
100000,rtree,radio,10000,62,-11.964714077146779,-77.17207277242889,24.447117,2605
100000,secuencial,radio,10000,63,-12.25109119183904,-76.82654729000366,577.669526,2544
100000,rtree,radio,10000,63,-12.25109119183904,-76.82654729000366,25.056592,2544
100000,gist,radio,10000,63,-12.25109119183904,-76.82654729000366,11.819693,2544
100000,rtree,radio,10000,64,-12.227348909580273,-76.86818152585958,25.490926,2551
100000,gist,radio,10000,64,-12.227348909580273,-76.86818152585958,11.380743,2551
100000,secuencial,radio,10000,64,-12.227348909580273,-76.86818152585958,539.785295,2551
100000,gist,radio,10000,65,-12.025180601663209,-77.05818404136323,10.70622,2622
100000,secuencial,radio,10000,65,-12.025180601663209,-77.05818404136323,543.457732,2622
100000,rtree,radio,10000,65,-12.025180601663209,-77.05818404136323,25.497853,2622
100000,secuencial,radio,10000,66,-11.771840026943192,-76.82079070367021,527.62515,2589
100000,rtree,radio,10000,66,-11.771840026943192,-76.82079070367021,33.095508,2589
100000,gist,radio,10000,66,-11.771840026943192,-76.82079070367021,11.970856,2589
100000,rtree,radio,10000,67,-11.903298489267021,-76.96770565230796,28.084856,2629
100000,gist,radio,10000,67,-11.903298489267021,-76.96770565230796,11.675936,2629
100000,secuencial,radio,10000,67,-11.903298489267021,-76.96770565230796,523.073508,2629
100000,gist,radio,10000,68,-11.84458347945915,-76.96257743655522,11.943098,2637
100000,secuencial,radio,10000,68,-11.84458347945915,-76.96257743655522,528.577008,2637
100000,rtree,radio,10000,68,-11.84458347945915,-76.96257743655522,24.912925,2637
100000,secuencial,radio,10000,69,-11.979264260411975,-77.16776722656559,526.269817,2608
100000,rtree,radio,10000,69,-11.979264260411975,-77.16776722656559,24.163583,2608
100000,gist,radio,10000,69,-11.979264260411975,-77.16776722656559,9.562587,2608
100000,rtree,radio,10000,70,-12.307328894322914,-77.12235407145627,25.394419,2562
100000,gist,radio,10000,70,-12.307328894322914,-77.12235407145627,11.007992,2562
100000,secuencial,radio,10000,70,-12.307328894322914,-77.12235407145627,553.209033,2562
100000,gist,radio,10000,71,-12.246347066569076,-77.03273649701573,10.955546,2521
100000,secuencial,radio,10000,71,-12.246347066569076,-77.03273649701573,539.115653,2521
100000,rtree,radio,10000,71,-12.246347066569076,-77.03273649701573,23.700344,2521
100000,secuencial,radio,10000,72,-11.827264186283267,-77.18280286711541,758.752105,2619
100000,rtree,radio,10000,72,-11.827264186283267,-77.18280286711541,47.135794,2619
100000,gist,radio,10000,72,-11.827264186283267,-77.18280286711541,15.733945,2619
100000,rtree,radio,10000,73,-11.81239852391384,-76.95104457771211,49.974024,2619
100000,gist,radio,10000,73,-11.81239852391384,-76.95104457771211,18.727101,2619
100000,secuencial,radio,10000,73,-11.81239852391384,-76.95104457771211,768.431063,2619
100000,gist,radio,10000,74,-11.936355144311689,-76.87964926824449,18.666662,2639
100000,secuencial,radio,10000,74,-11.936355144311689,-76.87964926824449,583.703782,2639
100000,rtree,radio,10000,74,-11.936355144311689,-76.87964926824449,25.133718,2639
100000,secuencial,radio,10000,75,-11.902374144565027,-76.80139431019622,525.901549,2600
100000,rtree,radio,10000,75,-11.902374144565027,-76.80139431019622,33.015489,2600
100000,gist,radio,10000,75,-11.902374144565027,-76.80139431019622,11.355357,2600
100000,rtree,radio,10000,76,-11.820249617459575,-77.04581136517697,27.690461,2494
100000,gist,radio,10000,76,-11.820249617459575,-77.04581136517697,10.617862,2494
100000,secuencial,radio,10000,76,-11.820249617459575,-77.04581136517697,519.221669,2494
100000,gist,radio,10000,77,-12.177305805147972,-76.92299687024163,10.476852,2587
100000,secuencial,radio,10000,77,-12.177305805147972,-76.92299687024163,512.722808,2587
100000,rtree,radio,10000,77,-12.177305805147972,-76.92299687024163,24.83506,2587
100000,secuencial,radio,10000,78,-12.268299384287044,-77.1243168684586,510.599042,2633
100000,rtree,radio,10000,78,-12.268299384287044,-77.1243168684586,24.280956,2633
100000,gist,radio,10000,78,-12.268299384287044,-77.1243168684586,10.131672,2633
100000,rtree,radio,10000,79,-12.153376433595325,-76.79853117033628,25.845708,2606
100000,gist,radio,10000,79,-12.153376433595325,-76.79853117033628,10.330234,2606
100000,secuencial,radio,10000,79,-12.153376433595325,-76.79853117033628,517.191567,2606
100000,gist,radio,10000,80,-11.992353562357,-76.8022966511219,10.547026,2655
100000,secuencial,radio,10000,80,-11.992353562357,-76.8022966511219,514.30182,2655
100000,rtree,radio,10000,80,-11.992353562357,-76.8022966511219,25.8084,2655
100000,secuencial,radio,10000,81,-11.982462973416517,-77.16970328360398,521.750275,2601
100000,rtree,radio,10000,81,-11.982462973416517,-77.16970328360398,26.608111,2601
100000,gist,radio,10000,81,-11.982462973416517,-77.16970328360398,11.942782,2601
100000,rtree,radio,10000,82,-12.146900692748956,-76.92785642670108,27.907219,2599
100000,gist,radio,10000,82,-12.146900692748956,-76.92785642670108,10.741117,2599
100000,secuencial,radio,10000,82,-12.146900692748956,-76.92785642670108,641.181942,2599
100000,gist,radio,10000,83,-11.848153943762625,-77.19609505846526,10.935005,2628
100000,secuencial,radio,10000,83,-11.848153943762625,-77.19609505846526,541.654726,2628
100000,rtree,radio,10000,83,-11.848153943762625,-77.19609505846526,25.046782,2628
100000,secuencial,radio,10000,84,-11.96096942701325,-77.31935181248366,519.293798,2538
100000,rtree,radio,10000,84,-11.96096942701325,-77.31935181248366,25.007647,2538
100000,gist,radio,10000,84,-11.96096942701325,-77.31935181248366,10.841617,2538
100000,rtree,radio,10000,85,-12.300547114664454,-77.09555684869085,25.348439,2543
100000,gist,radio,10000,85,-12.300547114664454,-77.09555684869085,10.965283,2543
100000,secuencial,radio,10000,85,-12.300547114664454,-77.09555684869085,525.547047,2543
100000,gist,radio,10000,86,-12.29178678439614,-77.13426031557285,9.949852,2589
100000,secuencial,radio,10000,86,-12.29178678439614,-77.13426031557285,520.230327,2589
100000,rtree,radio,10000,86,-12.29178678439614,-77.13426031557285,25.144364,2589
100000,secuencial,radio,10000,87,-12.129607369243198,-77.02309996366162,531.951919,2503
100000,rtree,radio,10000,87,-12.129607369243198,-77.02309996366162,25.256455,2503
100000,gist,radio,10000,87,-12.129607369243198,-77.02309996366162,10.240003,2503
100000,rtree,radio,10000,88,-12.188571188323111,-77.14502175316414,26.608981,2689
100000,gist,radio,10000,88,-12.188571188323111,-77.14502175316414,10.66602,2689
100000,secuencial,radio,10000,88,-12.188571188323111,-77.14502175316414,518.172903,2689
100000,gist,radio,10000,89,-11.859744169120574,-77.07604733374517,10.32818,2541
100000,secuencial,radio,10000,89,-11.859744169120574,-77.07604733374517,520.193525,2541
100000,rtree,radio,10000,89,-11.859744169120574,-77.07604733374517,24.401369,2541
100000,secuencial,radio,10000,90,-12.024714902015914,-76.96605303183892,509.395714,2613
100000,rtree,radio,10000,90,-12.024714902015914,-76.96605303183892,25.343757,2613
100000,gist,radio,10000,90,-12.024714902015914,-76.96605303183892,10.050494,2613
100000,rtree,radio,10000,91,-11.905508232632442,-77.10656813471577,25.330012,2623
100000,gist,radio,10000,91,-11.905508232632442,-77.10656813471577,10.884158,2623
100000,secuencial,radio,10000,91,-11.905508232632442,-77.10656813471577,511.069269,2623
100000,gist,radio,10000,92,-11.901870253561093,-77.11307209242074,10.480833,2616
100000,secuencial,radio,10000,92,-11.901870253561093,-77.11307209242074,518.822876,2616
100000,rtree,radio,10000,92,-11.901870253561093,-77.11307209242074,26.171688,2616
100000,secuencial,radio,10000,93,-12.343516018001337,-76.80015450715057,509.625226,2632
100000,rtree,radio,10000,93,-12.343516018001337,-76.80015450715057,25.238035,2632
100000,gist,radio,10000,93,-12.343516018001337,-76.80015450715057,11.780112,2632
100000,rtree,radio,10000,94,-11.991393905632954,-77.18057562505354,24.489102,2574
100000,gist,radio,10000,94,-11.991393905632954,-77.18057562505354,14.289546,2574
100000,secuencial,radio,10000,94,-11.991393905632954,-77.18057562505354,517.949491,2574
100000,gist,radio,10000,95,-11.952867359702045,-77.27931373026212,10.247227,2541
100000,secuencial,radio,10000,95,-11.952867359702045,-77.27931373026212,511.583026,2541
100000,rtree,radio,10000,95,-11.952867359702045,-77.27931373026212,25.042616,2541
100000,secuencial,radio,10000,96,-11.840522947118483,-76.87926162049457,522.445094,2692
100000,rtree,radio,10000,96,-11.840522947118483,-76.87926162049457,26.238666,2692
100000,gist,radio,10000,96,-11.840522947118483,-76.87926162049457,10.797401,2692
100000,rtree,radio,10000,97,-12.239869721253509,-76.83566256670153,26.700596,2577
100000,gist,radio,10000,97,-12.239869721253509,-76.83566256670153,10.809586,2577
100000,secuencial,radio,10000,97,-12.239869721253509,-76.83566256670153,528.007333,2577
100000,gist,radio,10000,98,-12.207047072243997,-77.0225674397733,10.089793,2549
100000,secuencial,radio,10000,98,-12.207047072243997,-77.0225674397733,517.505245,2549
100000,rtree,radio,10000,98,-12.207047072243997,-77.0225674397733,25.061473,2549
100000,secuencial,radio,10000,99,-12.286744056266315,-76.83456862138426,531.871476,2547
100000,rtree,radio,10000,99,-12.286744056266315,-76.83456862138426,24.282887,2547
100000,gist,radio,10000,99,-12.286744056266315,-76.83456862138426,9.896852,2547
100000,secuencial,knn,10,0,-12.238351077321237,-77.12323781150685,538.337415,10
100000,rtree,knn,10,0,-12.238351077321237,-77.12323781150685,1.675969,10
100000,gist,knn,10,0,-12.238351077321237,-77.12323781150685,0.732925,10
100000,rtree,knn,10,1,-11.850490175417459,-76.77207450018096,2.201705,10
100000,gist,knn,10,1,-11.850490175417459,-76.77207450018096,0.564525,10
100000,secuencial,knn,10,1,-11.850490175417459,-76.77207450018096,522.441816,10
100000,gist,knn,10,2,-11.819025370683875,-77.03287090378457,0.664928,10
100000,secuencial,knn,10,2,-11.819025370683875,-77.03287090378457,540.253458,10
100000,rtree,knn,10,2,-11.819025370683875,-77.03287090378457,1.713775,10
100000,secuencial,knn,10,3,-11.846049959898656,-76.97530868170429,521.933579,10
100000,rtree,knn,10,3,-11.846049959898656,-76.97530868170429,1.882895,10
100000,gist,knn,10,3,-11.846049959898656,-76.97530868170429,0.649619,10
100000,rtree,knn,10,4,-12.018672930582348,-77.33087166529758,1.347673,10
100000,gist,knn,10,4,-12.018672930582348,-77.33087166529758,0.516229,10
100000,secuencial,knn,10,4,-12.018672930582348,-77.33087166529758,521.145004,10
100000,gist,knn,10,5,-11.82782872109504,-76.90074572228893,0.644552,10
100000,secuencial,knn,10,5,-11.82782872109504,-76.90074572228893,517.353529,10
100000,rtree,knn,10,5,-11.82782872109504,-76.90074572228893,2.928552,10
100000,secuencial,knn,10,6,-11.870590475659505,-77.20118540169999,520.068303,10
100000,rtree,knn,10,6,-11.870590475659505,-77.20118540169999,2.201984,10
100000,gist,knn,10,6,-11.870590475659505,-77.20118540169999,0.737473,10
100000,rtree,knn,10,7,-12.240052897189763,-76.78099844417964,2.134372,10
100000,gist,knn,10,7,-12.240052897189763,-76.78099844417964,0.511046,10
100000,secuencial,knn,10,7,-12.240052897189763,-76.78099844417964,514.740246,10
100000,gist,knn,10,8,-11.883345634396791,-76.89474095860234,0.658129,10
100000,secuencial,knn,10,8,-11.883345634396791,-76.89474095860234,520.81598,10
100000,rtree,knn,10,8,-11.883345634396791,-76.89474095860234,2.523771,10
100000,secuencial,knn,10,9,-12.327192841753288,-77.20271474524674,514.397874,10
100000,rtree,knn,10,9,-12.327192841753288,-77.20271474524674,1.801499,10
100000,gist,knn,10,9,-12.327192841753288,-77.20271474524674,0.71019,10
100000,rtree,knn,10,10,-11.804751645889434,-77.3229261254416,2.598353,10
100000,gist,knn,10,10,-11.804751645889434,-77.3229261254416,0.568826,10
100000,secuencial,knn,10,10,-11.804751645889434,-77.3229261254416,534.560913,10
100000,gist,knn,10,11,-12.006471907703649,-77.15118868947712,0.706822,10
100000,secuencial,knn,10,11,-12.006471907703649,-77.15118868947712,616.825627,10
100000,rtree,knn,10,11,-12.006471907703649,-77.15118868947712,1.974126,10
100000,secuencial,knn,10,12,-12.204956128184476,-77.22040827076262,522.922806,10
100000,rtree,knn,10,12,-12.204956128184476,-77.22040827076262,1.654766,10
100000,gist,knn,10,12,-12.204956128184476,-77.22040827076262,0.703588,10
100000,rtree,knn,10,13,-11.983544025786431,-76.89342975724284,2.489562,10
100000,gist,knn,10,13,-11.983544025786431,-76.89342975724284,0.628618,10
100000,secuencial,knn,10,13,-11.983544025786431,-76.89342975724284,511.365809,10
100000,gist,knn,10,14,-12.168137775782613,-76.76365399284457,0.631195,10
100000,secuencial,knn,10,14,-12.168137775782613,-76.76365399284457,508.162363,10
100000,rtree,knn,10,14,-12.168137775782613,-76.76365399284457,1.915989,10
100000,secuencial,knn,10,15,-12.031430792892165,-76.76351483741132,524.679292,10
100000,rtree,knn,10,15,-12.031430792892165,-76.76351483741132,2.328494,10
100000,gist,knn,10,15,-12.031430792892165,-76.76351483741132,0.791584,10
100000,rtree,knn,10,16,-12.143722726360439,-76.96218807338764,1.946112,10
100000,gist,knn,10,16,-12.143722726360439,-76.96218807338764,0.503763,10
100000,secuencial,knn,10,16,-12.143722726360439,-76.96218807338764,510.883021,10
100000,gist,knn,10,17,-12.307144667383458,-77.17897393043172,0.727141,10
100000,secuencial,knn,10,17,-12.307144667383458,-77.17897393043172,535.478838,10
100000,rtree,knn,10,17,-12.307144667383458,-77.17897393043172,1.818197,10
100000,secuencial,knn,10,18,-12.275183073832562,-76.87578878349431,525.090211,10
100000,rtree,knn,10,18,-12.275183073832562,-76.87578878349431,1.517319,10
100000,gist,knn,10,18,-12.275183073832562,-76.87578878349431,0.679109,10
100000,rtree,knn,10,19,-12.331031714204453,-76.76029307743156,1.68602,10
100000,gist,knn,10,19,-12.331031714204453,-76.76029307743156,0.49867,10
100000,secuencial,knn,10,19,-12.331031714204453,-76.76029307743156,538.271454,10
100000,gist,knn,10,20,-11.875397725776603,-76.8291541495487,0.743803,10
100000,secuencial,knn,10,20,-11.875397725776603,-76.8291541495487,521.02648,10
100000,rtree,knn,10,20,-11.875397725776603,-76.8291541495487,1.978598,10
100000,secuencial,knn,10,21,-12.094163185165952,-77.0237524170421,524.056592,10
100000,rtree,knn,10,21,-12.094163185165952,-77.0237524170421,2.1299,10
100000,gist,knn,10,21,-12.094163185165952,-77.0237524170421,0.659965,10
100000,rtree,knn,10,22,-11.783184404571037,-77.16851570817118,1.653691,10
100000,gist,knn,10,22,-11.783184404571037,-77.16851570817118,0.492036,10
100000,secuencial,knn,10,22,-11.783184404571037,-77.16851570817118,522.390546,10
100000,gist,knn,10,23,-12.330502443992312,-76.8537503501327,0.671523,10
100000,secuencial,knn,10,23,-12.330502443992312,-76.8537503501327,527.460673,10
100000,rtree,knn,10,23,-12.330502443992312,-76.8537503501327,1.240919,10
100000,secuencial,knn,10,24,-11.900554430259245,-77.20850213545228,512.17071,10
100000,rtree,knn,10,24,-11.900554430259245,-77.20850213545228,1.842543,10
100000,gist,knn,10,24,-11.900554430259245,-77.20850213545228,0.713227,10
100000,rtree,knn,10,25,-12.15301049359187,-77.34370037212102,0.967597,10
100000,gist,knn,10,25,-12.15301049359187,-77.34370037212102,0.495395,10
100000,secuencial,knn,10,25,-12.15301049359187,-77.34370037212102,526.262635,10
100000,gist,knn,10,26,-12.293144129217822,-77.07461271258023,0.604015,10
100000,secuencial,knn,10,26,-12.293144129217822,-77.07461271258023,517.112367,10
100000,rtree,knn,10,26,-12.293144129217822,-77.07461271258023,2.033698,10
100000,secuencial,knn,10,27,-11.917813405015332,-76.94828426493639,527.04656,10
100000,rtree,knn,10,27,-11.917813405015332,-76.94828426493639,1.805414,10
100000,gist,knn,10,27,-11.917813405015332,-76.94828426493639,0.65412,10
100000,rtree,knn,10,28,-11.818228970587194,-76.80459168279988,2.447192,10
100000,gist,knn,10,28,-11.818228970587194,-76.80459168279988,0.525931,10
100000,secuencial,knn,10,28,-11.818228970587194,-76.80459168279988,519.422109,10
100000,gist,knn,10,29,-12.042185620553866,-77.11980561484417,0.698188,10
100000,secuencial,knn,10,29,-12.042185620553866,-77.11980561484417,522.517246,10
100000,rtree,knn,10,29,-12.042185620553866,-77.11980561484417,2.092835,10
100000,secuencial,knn,10,30,-11.902732805706265,-77.03636139279664,553.541378,10
100000,rtree,knn,10,30,-11.902732805706265,-77.03636139279664,2.341185,10
100000,gist,knn,10,30,-11.902732805706265,-77.03636139279664,0.506834,10
100000,rtree,knn,10,31,-12.186853482191264,-76.84128098061892,2.052711,10
100000,gist,knn,10,31,-12.186853482191264,-76.84128098061892,0.453361,10
100000,secuencial,knn,10,31,-12.186853482191264,-76.84128098061892,562.345206,10
100000,gist,knn,10,32,-12.189446986329225,-77.16652946042049,0.547023,10
100000,secuencial,knn,10,32,-12.189446986329225,-77.16652946042049,564.37943,10
100000,rtree,knn,10,32,-12.189446986329225,-77.16652946042049,4.024689,10
100000,secuencial,knn,10,33,-11.945495129433406,-77.24486016155174,530.415695,10
100000,rtree,knn,10,33,-11.945495129433406,-77.24486016155174,2.220374,10
100000,gist,knn,10,33,-11.945495129433406,-77.24486016155174,0.76287,10
100000,rtree,knn,10,34,-12.111007007944645,-77.09678326136346,1.881074,10
100000,gist,knn,10,34,-12.111007007944645,-77.09678326136346,0.550271,10
100000,secuencial,knn,10,34,-12.111007007944645,-77.09678326136346,535.049346,10
100000,gist,knn,10,35,-12.246784988834966,-77.04539195581248,0.70754,10
100000,secuencial,knn,10,35,-12.246784988834966,-77.04539195581248,507.952351,10
100000,rtree,knn,10,35,-12.246784988834966,-77.04539195581248,1.688981,10
100000,secuencial,knn,10,36,-11.7733098213026,-77.17743749839795,475.097751,10
100000,rtree,knn,10,36,-11.7733098213026,-77.17743749839795,2.562429,10
100000,gist,knn,10,36,-11.7733098213026,-77.17743749839795,0.765719,10
100000,rtree,knn,10,37,-11.82173238373891,-77.29849310502613,2.510658,10
100000,gist,knn,10,37,-11.82173238373891,-77.29849310502613,0.525504,10
100000,secuencial,knn,10,37,-11.82173238373891,-77.29849310502613,486.408604,10
100000,gist,knn,10,38,-12.114192250590465,-77.08818305290185,0.662936,10
100000,secuencial,knn,10,38,-12.114192250590465,-77.08818305290185,515.878,10
100000,rtree,knn,10,38,-12.114192250590465,-77.08818305290185,1.883928,10
100000,secuencial,knn,10,39,-11.803259205184059,-77.14440962222349,446.749521,10
100000,rtree,knn,10,39,-11.803259205184059,-77.14440962222349,2.050332,10
100000,gist,knn,10,39,-11.803259205184059,-77.14440962222349,0.61582,10
100000,rtree,knn,10,40,-11.800873761006581,-77.30335267873973,1.964374,10
100000,gist,knn,10,40,-11.800873761006581,-77.30335267873973,0.516743,10
100000,secuencial,knn,10,40,-11.800873761006581,-77.30335267873973,446.7713,10
100000,gist,knn,10,41,-12.32727857289679,-76.77814936880871,0.725284,10
100000,secuencial,knn,10,41,-12.32727857289679,-76.77814936880871,449.201564,10
100000,rtree,knn,10,41,-12.32727857289679,-76.77814936880871,1.454813,10
100000,secuencial,knn,10,42,-11.969126917924573,-76.90016836300424,441.897012,10
100000,rtree,knn,10,42,-11.969126917924573,-76.90016836300424,1.757027,10
100000,gist,knn,10,42,-11.969126917924573,-76.90016836300424,0.66908,10
100000,rtree,knn,10,43,-12.182985570001266,-76.86518920491838,1.834875,10
100000,gist,knn,10,43,-12.182985570001266,-76.86518920491838,0.590147,10
100000,secuencial,knn,10,43,-12.182985570001266,-76.86518920491838,493.562418,10
100000,gist,knn,10,44,-12.243231108605903,-76.78957127246358,0.573556,10
100000,secuencial,knn,10,44,-12.243231108605903,-76.78957127246358,505.904967,10
100000,rtree,knn,10,44,-12.243231108605903,-76.78957127246358,1.46728,10
100000,secuencial,knn,10,45,-12.045162976892575,-77.1478909274555,450.138695,10
100000,rtree,knn,10,45,-12.045162976892575,-77.1478909274555,1.959712,10
100000,gist,knn,10,45,-12.045162976892575,-77.1478909274555,0.483701,10
100000,rtree,knn,10,46,-12.153660746768656,-77.12241798868614,1.588172,10
100000,gist,knn,10,46,-12.153660746768656,-77.12241798868614,0.560019,10
100000,secuencial,knn,10,46,-12.153660746768656,-77.12241798868614,440.65255,10
100000,gist,knn,10,47,-12.261113789014654,-77.20446391162345,0.454113,10
100000,secuencial,knn,10,47,-12.261113789014654,-77.20446391162345,680.424878,10
100000,rtree,knn,10,47,-12.261113789014654,-77.20446391162345,2.677346,10
100000,secuencial,knn,10,48,-11.911772000063623,-76.79765223136404,788.86162,10
100000,rtree,knn,10,48,-11.911772000063623,-76.79765223136404,3.306369,10
100000,gist,knn,10,48,-11.911772000063623,-76.79765223136404,0.887821,10
100000,rtree,knn,10,49,-12.08433823364092,-77.08248518061632,4.34651,10
100000,gist,knn,10,49,-12.08433823364092,-77.08248518061632,0.73158,10
100000,secuencial,knn,10,49,-12.08433823364092,-77.08248518061632,755.691159,10
100000,gist,knn,10,50,-12.018703684582047,-77.0827390512618,0.748863,10
100000,secuencial,knn,10,50,-12.018703684582047,-77.0827390512618,681.670556,10
100000,rtree,knn,10,50,-12.018703684582047,-77.0827390512618,3.296273,10
100000,secuencial,knn,10,51,-12.236491560433548,-76.89427507131919,691.266866,10
100000,rtree,knn,10,51,-12.236491560433548,-76.89427507131919,2.577948,10
100000,gist,knn,10,51,-12.236491560433548,-76.89427507131919,0.995216,10
100000,rtree,knn,10,52,-11.774796910789586,-77.00025470806015,3.420146,10
100000,gist,knn,10,52,-11.774796910789586,-77.00025470806015,0.688252,10
100000,secuencial,knn,10,52,-11.774796910789586,-77.00025470806015,551.539709,10
100000,gist,knn,10,53,-12.046124721526658,-77.31449342849712,0.654063,10
100000,secuencial,knn,10,53,-12.046124721526658,-77.31449342849712,513.167233,10
100000,rtree,knn,10,53,-12.046124721526658,-77.31449342849712,2.126562,10
100000,secuencial,knn,10,54,-11.842702704287872,-76.98969897455655,602.590057,10
100000,rtree,knn,10,54,-11.842702704287872,-76.98969897455655,2.528648,10
100000,gist,knn,10,54,-11.842702704287872,-76.98969897455655,0.487276,10
100000,rtree,knn,10,55,-12.012885837600235,-77.07204158056325,2.30981,10
100000,gist,knn,10,55,-12.012885837600235,-77.07204158056325,0.292858,10
100000,secuencial,knn,10,55,-12.012885837600235,-77.07204158056325,523.3058,10
100000,gist,knn,10,56,-12.191535679067739,-77.05101821795063,0.38893,10
100000,secuencial,knn,10,56,-12.191535679067739,-77.05101821795063,518.409167,10
100000,rtree,knn,10,56,-12.191535679067739,-77.05101821795063,2.014184,10
100000,secuencial,knn,10,57,-12.294982634454936,-76.81606890593824,502.689597,10
100000,rtree,knn,10,57,-12.294982634454936,-76.81606890593824,1.76601,10
100000,gist,knn,10,57,-12.294982634454936,-76.81606890593824,0.651716,10
100000,rtree,knn,10,58,-12.019881116431574,-77.17465856727942,2.238385,10
100000,gist,knn,10,58,-12.019881116431574,-77.17465856727942,0.571789,10
100000,secuencial,knn,10,58,-12.019881116431574,-77.17465856727942,542.899541,10
100000,gist,knn,10,59,-12.083837843908505,-77.21121361001406,0.814839,10
100000,secuencial,knn,10,59,-12.083837843908505,-77.21121361001406,632.512051,10
100000,rtree,knn,10,59,-12.083837843908505,-77.21121361001406,3.00569,10
100000,secuencial,knn,10,60,-11.83936801656191,-77.09299515471804,568.010304,10
100000,rtree,knn,10,60,-11.83936801656191,-77.09299515471804,4.563904,10
100000,gist,knn,10,60,-11.83936801656191,-77.09299515471804,0.760311,10
100000,rtree,knn,10,61,-12.183106547002918,-77.22059613654136,3.440535,10
100000,gist,knn,10,61,-12.183106547002918,-77.22059613654136,0.844135,10
100000,secuencial,knn,10,61,-12.183106547002918,-77.22059613654136,574.271403,10
100000,gist,knn,10,62,-11.964714077146779,-77.17207277242889,0.663772,10
100000,secuencial,knn,10,62,-11.964714077146779,-77.17207277242889,639.684659,10
100000,rtree,knn,10,62,-11.964714077146779,-77.17207277242889,2.370729,10
100000,secuencial,knn,10,63,-12.25109119183904,-76.82654729000366,503.207471,10
100000,rtree,knn,10,63,-12.25109119183904,-76.82654729000366,1.864849,10
100000,gist,knn,10,63,-12.25109119183904,-76.82654729000366,0.72806,10
100000,rtree,knn,10,64,-12.227348909580273,-76.86818152585958,1.750908,10
100000,gist,knn,10,64,-12.227348909580273,-76.86818152585958,0.670716,10
100000,secuencial,knn,10,64,-12.227348909580273,-76.86818152585958,471.503756,10
100000,gist,knn,10,65,-12.025180601663209,-77.05818404136323,0.580496,10
100000,secuencial,knn,10,65,-12.025180601663209,-77.05818404136323,454.017165,10
100000,rtree,knn,10,65,-12.025180601663209,-77.05818404136323,2.049222,10
100000,secuencial,knn,10,66,-11.771840026943192,-76.82079070367021,447.858164,10
100000,rtree,knn,10,66,-11.771840026943192,-76.82079070367021,1.844,10
100000,gist,knn,10,66,-11.771840026943192,-76.82079070367021,0.662522,10
100000,rtree,knn,10,67,-11.903298489267021,-76.96770565230796,1.721891,10
100000,gist,knn,10,67,-11.903298489267021,-76.96770565230796,0.508324,10
100000,secuencial,knn,10,67,-11.903298489267021,-76.96770565230796,465.927755,10
100000,gist,knn,10,68,-11.84458347945915,-76.96257743655522,0.671824,10
100000,secuencial,knn,10,68,-11.84458347945915,-76.96257743655522,618.760621,10
100000,rtree,knn,10,68,-11.84458347945915,-76.96257743655522,2.100399,10
100000,secuencial,knn,10,69,-11.979264260411975,-77.16776722656559,592.317931,10
100000,rtree,knn,10,69,-11.979264260411975,-77.16776722656559,1.660632,10
100000,gist,knn,10,69,-11.979264260411975,-77.16776722656559,0.746945,10
100000,rtree,knn,10,70,-12.307328894322914,-77.12235407145627,1.774676,10
100000,gist,knn,10,70,-12.307328894322914,-77.12235407145627,0.561195,10
100000,secuencial,knn,10,70,-12.307328894322914,-77.12235407145627,506.393965,10
100000,gist,knn,10,71,-12.246347066569076,-77.03273649701573,0.659099,10
100000,secuencial,knn,10,71,-12.246347066569076,-77.03273649701573,463.070144,10
100000,rtree,knn,10,71,-12.246347066569076,-77.03273649701573,1.683366,10
100000,secuencial,knn,10,72,-11.827264186283267,-77.18280286711541,671.605092,10
100000,rtree,knn,10,72,-11.827264186283267,-77.18280286711541,2.250675,10
100000,gist,knn,10,72,-11.827264186283267,-77.18280286711541,0.744159,10
100000,rtree,knn,10,73,-11.81239852391384,-76.95104457771211,2.803238,10
100000,gist,knn,10,73,-11.81239852391384,-76.95104457771211,0.585707,10
100000,secuencial,knn,10,73,-11.81239852391384,-76.95104457771211,578.360822,10
100000,gist,knn,10,74,-11.936355144311689,-76.87964926824449,0.812574,10
100000,secuencial,knn,10,74,-11.936355144311689,-76.87964926824449,712.968034,10
100000,rtree,knn,10,74,-11.936355144311689,-76.87964926824449,4.751601,10
100000,secuencial,knn,10,75,-11.902374144565027,-76.80139431019622,744.238644,10
100000,rtree,knn,10,75,-11.902374144565027,-76.80139431019622,2.219248,10
100000,gist,knn,10,75,-11.902374144565027,-76.80139431019622,0.851095,10
100000,rtree,knn,10,76,-11.820249617459575,-77.04581136517697,2.164595,10
100000,gist,knn,10,76,-11.820249617459575,-77.04581136517697,0.742213,10
100000,secuencial,knn,10,76,-11.820249617459575,-77.04581136517697,849.283346,10
100000,gist,knn,10,77,-12.177305805147972,-76.92299687024163,0.960115,10
100000,secuencial,knn,10,77,-12.177305805147972,-76.92299687024163,676.140637,10
100000,rtree,knn,10,77,-12.177305805147972,-76.92299687024163,1.620807,10
100000,secuencial,knn,10,78,-12.268299384287044,-77.1243168684586,663.224146,10
100000,rtree,knn,10,78,-12.268299384287044,-77.1243168684586,2.448924,10
100000,gist,knn,10,78,-12.268299384287044,-77.1243168684586,0.926691,10
100000,rtree,knn,10,79,-12.153376433595325,-76.79853117033628,4.478517,10
100000,gist,knn,10,79,-12.153376433595325,-76.79853117033628,0.967378,10
100000,secuencial,knn,10,79,-12.153376433595325,-76.79853117033628,723.641122,10
100000,gist,knn,10,80,-11.992353562357,-76.8022966511219,0.987609,10
100000,secuencial,knn,10,80,-11.992353562357,-76.8022966511219,612.194747,10
100000,rtree,knn,10,80,-11.992353562357,-76.8022966511219,2.685973,10
100000,secuencial,knn,10,81,-11.982462973416517,-77.16970328360398,560.238104,10
100000,rtree,knn,10,81,-11.982462973416517,-77.16970328360398,1.899746,10
100000,gist,knn,10,81,-11.982462973416517,-77.16970328360398,0.696657,10
100000,rtree,knn,10,82,-12.146900692748956,-76.92785642670108,1.798888,10
100000,gist,knn,10,82,-12.146900692748956,-76.92785642670108,0.540168,10
100000,secuencial,knn,10,82,-12.146900692748956,-76.92785642670108,531.481146,10
100000,gist,knn,10,83,-11.848153943762625,-77.19609505846526,0.739427,10
100000,secuencial,knn,10,83,-11.848153943762625,-77.19609505846526,542.397306,10
100000,rtree,knn,10,83,-11.848153943762625,-77.19609505846526,2.268405,10
100000,secuencial,knn,10,84,-11.96096942701325,-77.31935181248366,634.487336,10
100000,rtree,knn,10,84,-11.96096942701325,-77.31935181248366,3.295804,10
100000,gist,knn,10,84,-11.96096942701325,-77.31935181248366,0.785118,10
100000,rtree,knn,10,85,-12.300547114664454,-77.09555684869085,2.572392,10
100000,gist,knn,10,85,-12.300547114664454,-77.09555684869085,0.629222,10
100000,secuencial,knn,10,85,-12.300547114664454,-77.09555684869085,565.963396,10
100000,gist,knn,10,86,-12.29178678439614,-77.13426031557285,0.735438,10
100000,secuencial,knn,10,86,-12.29178678439614,-77.13426031557285,532.953278,10
100000,rtree,knn,10,86,-12.29178678439614,-77.13426031557285,2.182635,10
100000,secuencial,knn,10,87,-12.129607369243198,-77.02309996366162,541.765441,10
100000,rtree,knn,10,87,-12.129607369243198,-77.02309996366162,2.584805,10
100000,gist,knn,10,87,-12.129607369243198,-77.02309996366162,0.510479,10
100000,rtree,knn,10,88,-12.188571188323111,-77.14502175316414,2.100914,10
100000,gist,knn,10,88,-12.188571188323111,-77.14502175316414,0.351763,10
100000,secuencial,knn,10,88,-12.188571188323111,-77.14502175316414,535.587849,10
100000,gist,knn,10,89,-11.859744169120574,-77.07604733374517,0.426215,10
100000,secuencial,knn,10,89,-11.859744169120574,-77.07604733374517,529.062383,10
100000,rtree,knn,10,89,-11.859744169120574,-77.07604733374517,2.76289,10
100000,secuencial,knn,10,90,-12.024714902015914,-76.96605303183892,531.321734,10
100000,rtree,knn,10,90,-12.024714902015914,-76.96605303183892,1.884481,10
100000,gist,knn,10,90,-12.024714902015914,-76.96605303183892,0.684793,10
100000,rtree,knn,10,91,-11.905508232632442,-77.10656813471577,1.841618,10
100000,gist,knn,10,91,-11.905508232632442,-77.10656813471577,0.609407,10
100000,secuencial,knn,10,91,-11.905508232632442,-77.10656813471577,534.155553,10
100000,gist,knn,10,92,-11.901870253561093,-77.11307209242074,0.684188,10
100000,secuencial,knn,10,92,-11.901870253561093,-77.11307209242074,511.051697,10
100000,rtree,knn,10,92,-11.901870253561093,-77.11307209242074,2.113567,10
100000,secuencial,knn,10,93,-12.343516018001337,-76.80015450715057,519.93466,10
100000,rtree,knn,10,93,-12.343516018001337,-76.80015450715057,1.446849,10
100000,gist,knn,10,93,-12.343516018001337,-76.80015450715057,0.537673,10
100000,rtree,knn,10,94,-11.991393905632954,-77.18057562505354,2.513337,10
100000,gist,knn,10,94,-11.991393905632954,-77.18057562505354,0.722604,10
100000,secuencial,knn,10,94,-11.991393905632954,-77.18057562505354,536.00625,10
100000,gist,knn,10,95,-11.952867359702045,-77.27931373026212,0.72502,10
100000,secuencial,knn,10,95,-11.952867359702045,-77.27931373026212,537.575815,10
100000,rtree,knn,10,95,-11.952867359702045,-77.27931373026212,1.793427,10
100000,secuencial,knn,10,96,-11.840522947118483,-76.87926162049457,517.031673,10
100000,rtree,knn,10,96,-11.840522947118483,-76.87926162049457,2.953383,10
100000,gist,knn,10,96,-11.840522947118483,-76.87926162049457,0.551951,10
100000,rtree,knn,10,97,-12.239869721253509,-76.83566256670153,2.352497,10
100000,gist,knn,10,97,-12.239869721253509,-76.83566256670153,0.653931,10
100000,secuencial,knn,10,97,-12.239869721253509,-76.83566256670153,495.306681,10
100000,gist,knn,10,98,-12.207047072243997,-77.0225674397733,0.587814,10
100000,secuencial,knn,10,98,-12.207047072243997,-77.0225674397733,525.435058,10
100000,rtree,knn,10,98,-12.207047072243997,-77.0225674397733,1.791422,10
100000,secuencial,knn,10,99,-12.286744056266315,-76.83456862138426,530.890678,10
100000,rtree,knn,10,99,-12.286744056266315,-76.83456862138426,1.708267,10
100000,gist,knn,10,99,-12.286744056266315,-76.83456862138426,0.68158,10
100000,secuencial,knn,50,0,-12.238351077321237,-77.12323781150685,516.398529,50
100000,rtree,knn,50,0,-12.238351077321237,-77.12323781150685,2.619062,50
100000,gist,knn,50,0,-12.238351077321237,-77.12323781150685,0.868676,50
100000,rtree,knn,50,1,-11.850490175417459,-76.77207450018096,4.139392,50
100000,gist,knn,50,1,-11.850490175417459,-76.77207450018096,0.65006,50
100000,secuencial,knn,50,1,-11.850490175417459,-76.77207450018096,521.200135,50
100000,gist,knn,50,2,-11.819025370683875,-77.03287090378457,0.774063,50
100000,secuencial,knn,50,2,-11.819025370683875,-77.03287090378457,515.57788,50
100000,rtree,knn,50,2,-11.819025370683875,-77.03287090378457,3.31141,50
100000,secuencial,knn,50,3,-11.846049959898656,-76.97530868170429,531.228822,50
100000,rtree,knn,50,3,-11.846049959898656,-76.97530868170429,4.205497,50
100000,gist,knn,50,3,-11.846049959898656,-76.97530868170429,0.771454,50
100000,rtree,knn,50,4,-12.018672930582348,-77.33087166529758,2.080626,50
100000,gist,knn,50,4,-12.018672930582348,-77.33087166529758,0.680131,50
100000,secuencial,knn,50,4,-12.018672930582348,-77.33087166529758,517.710512,50
100000,gist,knn,50,5,-11.82782872109504,-76.90074572228893,0.786078,50
100000,secuencial,knn,50,5,-11.82782872109504,-76.90074572228893,558.861997,50
100000,rtree,knn,50,5,-11.82782872109504,-76.90074572228893,4.591208,50
100000,secuencial,knn,50,6,-11.870590475659505,-77.20118540169999,514.817267,50
100000,rtree,knn,50,6,-11.870590475659505,-77.20118540169999,3.023093,50
100000,gist,knn,50,6,-11.870590475659505,-77.20118540169999,0.799737,50
100000,rtree,knn,50,7,-12.240052897189763,-76.78099844417964,3.441002,50
100000,gist,knn,50,7,-12.240052897189763,-76.78099844417964,0.582386,50
100000,secuencial,knn,50,7,-12.240052897189763,-76.78099844417964,502.651998,50
100000,gist,knn,50,8,-11.883345634396791,-76.89474095860234,0.758543,50
100000,secuencial,knn,50,8,-11.883345634396791,-76.89474095860234,518.112102,50
100000,rtree,knn,50,8,-11.883345634396791,-76.89474095860234,3.66359,50
100000,secuencial,knn,50,9,-12.327192841753288,-77.20271474524674,527.425936,50
100000,rtree,knn,50,9,-12.327192841753288,-77.20271474524674,2.797581,50
100000,gist,knn,50,9,-12.327192841753288,-77.20271474524674,0.795678,50
100000,rtree,knn,50,10,-11.804751645889434,-77.3229261254416,3.51024,50
100000,gist,knn,50,10,-11.804751645889434,-77.3229261254416,0.569959,50
100000,secuencial,knn,50,10,-11.804751645889434,-77.3229261254416,507.041504,50
100000,gist,knn,50,11,-12.006471907703649,-77.15118868947712,0.79164,50
100000,secuencial,knn,50,11,-12.006471907703649,-77.15118868947712,517.027902,50
100000,rtree,knn,50,11,-12.006471907703649,-77.15118868947712,3.054642,50
100000,secuencial,knn,50,12,-12.204956128184476,-77.22040827076262,513.601078,50
100000,rtree,knn,50,12,-12.204956128184476,-77.22040827076262,3.448107,50
100000,gist,knn,50,12,-12.204956128184476,-77.22040827076262,0.691949,50
100000,rtree,knn,50,13,-11.983544025786431,-76.89342975724284,4.852998,50
100000,gist,knn,50,13,-11.983544025786431,-76.89342975724284,0.657127,50
100000,secuencial,knn,50,13,-11.983544025786431,-76.89342975724284,522.372528,50
100000,gist,knn,50,14,-12.168137775782613,-76.76365399284457,0.59842,50
100000,secuencial,knn,50,14,-12.168137775782613,-76.76365399284457,513.765996,50
100000,rtree,knn,50,14,-12.168137775782613,-76.76365399284457,2.779682,50
100000,secuencial,knn,50,15,-12.031430792892165,-76.76351483741132,512.558287,50
100000,rtree,knn,50,15,-12.031430792892165,-76.76351483741132,3.348061,50
100000,gist,knn,50,15,-12.031430792892165,-76.76351483741132,0.850531,50
100000,rtree,knn,50,16,-12.143722726360439,-76.96218807338764,2.916752,50
100000,gist,knn,50,16,-12.143722726360439,-76.96218807338764,0.722564,50
100000,secuencial,knn,50,16,-12.143722726360439,-76.96218807338764,511.825514,50
100000,gist,knn,50,17,-12.307144667383458,-77.17897393043172,0.708464,50
100000,secuencial,knn,50,17,-12.307144667383458,-77.17897393043172,522.585189,50
100000,rtree,knn,50,17,-12.307144667383458,-77.17897393043172,2.565573,50
100000,secuencial,knn,50,18,-12.275183073832562,-76.87578878349431,530.386048,50
100000,rtree,knn,50,18,-12.275183073832562,-76.87578878349431,3.170427,50
100000,gist,knn,50,18,-12.275183073832562,-76.87578878349431,0.990543,50
100000,rtree,knn,50,19,-12.331031714204453,-76.76029307743156,3.401338,50
100000,gist,knn,50,19,-12.331031714204453,-76.76029307743156,0.701449,50
100000,secuencial,knn,50,19,-12.331031714204453,-76.76029307743156,526.138116,50
100000,gist,knn,50,20,-11.875397725776603,-76.8291541495487,0.777335,50
100000,secuencial,knn,50,20,-11.875397725776603,-76.8291541495487,513.847206,50
100000,rtree,knn,50,20,-11.875397725776603,-76.8291541495487,4.239701,50
100000,secuencial,knn,50,21,-12.094163185165952,-77.0237524170421,527.884318,50
100000,rtree,knn,50,21,-12.094163185165952,-77.0237524170421,4.33863,50
100000,gist,knn,50,21,-12.094163185165952,-77.0237524170421,0.866764,50
100000,rtree,knn,50,22,-11.783184404571037,-77.16851570817118,3.672727,50
100000,gist,knn,50,22,-11.783184404571037,-77.16851570817118,0.73437,50
100000,secuencial,knn,50,22,-11.783184404571037,-77.16851570817118,544.113087,50
100000,gist,knn,50,23,-12.330502443992312,-76.8537503501327,0.872875,50
100000,secuencial,knn,50,23,-12.330502443992312,-76.8537503501327,522.634204,50
100000,rtree,knn,50,23,-12.330502443992312,-76.8537503501327,1.978115,50
100000,secuencial,knn,50,24,-11.900554430259245,-77.20850213545228,526.456068,50
100000,rtree,knn,50,24,-11.900554430259245,-77.20850213545228,3.128744,50
100000,gist,knn,50,24,-11.900554430259245,-77.20850213545228,0.791784,50
100000,rtree,knn,50,25,-12.15301049359187,-77.34370037212102,1.398205,50
100000,gist,knn,50,25,-12.15301049359187,-77.34370037212102,0.668114,50
100000,secuencial,knn,50,25,-12.15301049359187,-77.34370037212102,514.859014,50
100000,gist,knn,50,26,-12.293144129217822,-77.07461271258023,0.745903,50
100000,secuencial,knn,50,26,-12.293144129217822,-77.07461271258023,511.042549,50
100000,rtree,knn,50,26,-12.293144129217822,-77.07461271258023,3.228351,50
100000,secuencial,knn,50,27,-11.917813405015332,-76.94828426493639,515.326273,50
100000,rtree,knn,50,27,-11.917813405015332,-76.94828426493639,2.939069,50
100000,gist,knn,50,27,-11.917813405015332,-76.94828426493639,0.731762,50
100000,rtree,knn,50,28,-11.818228970587194,-76.80459168279988,3.811329,50
100000,gist,knn,50,28,-11.818228970587194,-76.80459168279988,0.681735,50
100000,secuencial,knn,50,28,-11.818228970587194,-76.80459168279988,520.204824,50
100000,gist,knn,50,29,-12.042185620553866,-77.11980561484417,0.774762,50
100000,secuencial,knn,50,29,-12.042185620553866,-77.11980561484417,527.853522,50
100000,rtree,knn,50,29,-12.042185620553866,-77.11980561484417,2.929253,50
100000,secuencial,knn,50,30,-11.902732805706265,-77.03636139279664,523.247514,50
100000,rtree,knn,50,30,-11.902732805706265,-77.03636139279664,2.948555,50
100000,gist,knn,50,30,-11.902732805706265,-77.03636139279664,0.741918,50
100000,rtree,knn,50,31,-12.186853482191264,-76.84128098061892,3.416986,50
100000,gist,knn,50,31,-12.186853482191264,-76.84128098061892,0.82588,50
100000,secuencial,knn,50,31,-12.186853482191264,-76.84128098061892,505.276126,50
100000,gist,knn,50,32,-12.189446986329225,-77.16652946042049,0.779924,50
100000,secuencial,knn,50,32,-12.189446986329225,-77.16652946042049,544.542083,50
100000,rtree,knn,50,32,-12.189446986329225,-77.16652946042049,3.607817,50
100000,secuencial,knn,50,33,-11.945495129433406,-77.24486016155174,510.693363,50
100000,rtree,knn,50,33,-11.945495129433406,-77.24486016155174,3.298015,50
100000,gist,knn,50,33,-11.945495129433406,-77.24486016155174,0.912357,50
100000,rtree,knn,50,34,-12.111007007944645,-77.09678326136346,3.277757,50
100000,gist,knn,50,34,-12.111007007944645,-77.09678326136346,0.521549,50
100000,secuencial,knn,50,34,-12.111007007944645,-77.09678326136346,516.555733,50
100000,gist,knn,50,35,-12.246784988834966,-77.04539195581248,0.780396,50
100000,secuencial,knn,50,35,-12.246784988834966,-77.04539195581248,518.028193,50
100000,rtree,knn,50,35,-12.246784988834966,-77.04539195581248,2.745866,50
100000,secuencial,knn,50,36,-11.7733098213026,-77.17743749839795,515.000331,50
100000,rtree,knn,50,36,-11.7733098213026,-77.17743749839795,3.131045,50
100000,gist,knn,50,36,-11.7733098213026,-77.17743749839795,0.53245,50
100000,rtree,knn,50,37,-11.82173238373891,-77.29849310502613,3.229348,50
100000,gist,knn,50,37,-11.82173238373891,-77.29849310502613,0.620688,50
100000,secuencial,knn,50,37,-11.82173238373891,-77.29849310502613,523.978796,50
100000,gist,knn,50,38,-12.114192250590465,-77.08818305290185,0.758173,50
100000,secuencial,knn,50,38,-12.114192250590465,-77.08818305290185,521.877465,50
100000,rtree,knn,50,38,-12.114192250590465,-77.08818305290185,3.039192,50
100000,secuencial,knn,50,39,-11.803259205184059,-77.14440962222349,521.389668,50
100000,rtree,knn,50,39,-11.803259205184059,-77.14440962222349,2.864128,50
100000,gist,knn,50,39,-11.803259205184059,-77.14440962222349,0.70352,50
100000,rtree,knn,50,40,-11.800873761006581,-77.30335267873973,3.04125,50
100000,gist,knn,50,40,-11.800873761006581,-77.30335267873973,0.47793,50
100000,secuencial,knn,50,40,-11.800873761006581,-77.30335267873973,511.142337,50
100000,gist,knn,50,41,-12.32727857289679,-76.77814936880871,0.647121,50
100000,secuencial,knn,50,41,-12.32727857289679,-76.77814936880871,531.970491,50
100000,rtree,knn,50,41,-12.32727857289679,-76.77814936880871,2.891407,50
100000,secuencial,knn,50,42,-11.969126917924573,-76.90016836300424,516.460008,50
100000,rtree,knn,50,42,-11.969126917924573,-76.90016836300424,2.986304,50
100000,gist,knn,50,42,-11.969126917924573,-76.90016836300424,0.824105,50
100000,rtree,knn,50,43,-12.182985570001266,-76.86518920491838,3.395282,50
100000,gist,knn,50,43,-12.182985570001266,-76.86518920491838,0.824069,50
100000,secuencial,knn,50,43,-12.182985570001266,-76.86518920491838,542.315106,50
100000,gist,knn,50,44,-12.243231108605903,-76.78957127246358,0.869527,50
100000,secuencial,knn,50,44,-12.243231108605903,-76.78957127246358,548.933478,50
100000,rtree,knn,50,44,-12.243231108605903,-76.78957127246358,3.310886,50
100000,secuencial,knn,50,45,-12.045162976892575,-77.1478909274555,513.207767,50
100000,rtree,knn,50,45,-12.045162976892575,-77.1478909274555,2.901131,50
100000,gist,knn,50,45,-12.045162976892575,-77.1478909274555,0.551231,50
100000,rtree,knn,50,46,-12.153660746768656,-77.12241798868614,2.71855,50
100000,gist,knn,50,46,-12.153660746768656,-77.12241798868614,0.433361,50
100000,secuencial,knn,50,46,-12.153660746768656,-77.12241798868614,516.32934,50
100000,gist,knn,50,47,-12.261113789014654,-77.20446391162345,0.561205,50
100000,secuencial,knn,50,47,-12.261113789014654,-77.20446391162345,513.824482,50
100000,rtree,knn,50,47,-12.261113789014654,-77.20446391162345,3.275917,50
100000,secuencial,knn,50,48,-11.911772000063623,-76.79765223136404,519.290715,50
100000,rtree,knn,50,48,-11.911772000063623,-76.79765223136404,3.780902,50
100000,gist,knn,50,48,-11.911772000063623,-76.79765223136404,0.985608,50
100000,rtree,knn,50,49,-12.08433823364092,-77.08248518061632,3.184257,50
100000,gist,knn,50,49,-12.08433823364092,-77.08248518061632,0.660627,50
100000,secuencial,knn,50,49,-12.08433823364092,-77.08248518061632,514.487281,50
100000,gist,knn,50,50,-12.018703684582047,-77.0827390512618,0.736661,50
100000,secuencial,knn,50,50,-12.018703684582047,-77.0827390512618,506.431367,50
100000,rtree,knn,50,50,-12.018703684582047,-77.0827390512618,3.831428,50
100000,secuencial,knn,50,51,-12.236491560433548,-76.89427507131919,523.763394,50
100000,rtree,knn,50,51,-12.236491560433548,-76.89427507131919,2.566386,50
100000,gist,knn,50,51,-12.236491560433548,-76.89427507131919,0.743645,50
100000,rtree,knn,50,52,-11.774796910789586,-77.00025470806015,3.800941,50
100000,gist,knn,50,52,-11.774796910789586,-77.00025470806015,0.633795,50
100000,secuencial,knn,50,52,-11.774796910789586,-77.00025470806015,627.147178,50
100000,gist,knn,50,53,-12.046124721526658,-77.31449342849712,0.86347,50
100000,secuencial,knn,50,53,-12.046124721526658,-77.31449342849712,547.247382,50
100000,rtree,knn,50,53,-12.046124721526658,-77.31449342849712,2.941961,50
100000,secuencial,knn,50,54,-11.842702704287872,-76.98969897455655,529.974291,50
100000,rtree,knn,50,54,-11.842702704287872,-76.98969897455655,3.794473,50
100000,gist,knn,50,54,-11.842702704287872,-76.98969897455655,0.897803,50
100000,rtree,knn,50,55,-12.012885837600235,-77.07204158056325,3.88472,50
100000,gist,knn,50,55,-12.012885837600235,-77.07204158056325,0.737138,50
100000,secuencial,knn,50,55,-12.012885837600235,-77.07204158056325,513.131493,50
100000,gist,knn,50,56,-12.191535679067739,-77.05101821795063,0.750969,50
100000,secuencial,knn,50,56,-12.191535679067739,-77.05101821795063,516.90924,50
100000,rtree,knn,50,56,-12.191535679067739,-77.05101821795063,3.313908,50
100000,secuencial,knn,50,57,-12.294982634454936,-76.81606890593824,509.171728,50
100000,rtree,knn,50,57,-12.294982634454936,-76.81606890593824,3.279022,50
100000,gist,knn,50,57,-12.294982634454936,-76.81606890593824,0.806337,50
100000,rtree,knn,50,58,-12.019881116431574,-77.17465856727942,3.090944,50
100000,gist,knn,50,58,-12.019881116431574,-77.17465856727942,0.737712,50
100000,secuencial,knn,50,58,-12.019881116431574,-77.17465856727942,509.736386,50
100000,gist,knn,50,59,-12.083837843908505,-77.21121361001406,0.770451,50
100000,secuencial,knn,50,59,-12.083837843908505,-77.21121361001406,513.97954,50
100000,rtree,knn,50,59,-12.083837843908505,-77.21121361001406,3.108567,50
100000,secuencial,knn,50,60,-11.83936801656191,-77.09299515471804,527.173963,50
100000,rtree,knn,50,60,-11.83936801656191,-77.09299515471804,2.867848,50
100000,gist,knn,50,60,-11.83936801656191,-77.09299515471804,0.685526,50
100000,rtree,knn,50,61,-12.183106547002918,-77.22059613654136,2.757106,50
100000,gist,knn,50,61,-12.183106547002918,-77.22059613654136,0.787067,50
100000,secuencial,knn,50,61,-12.183106547002918,-77.22059613654136,518.164478,50
100000,gist,knn,50,62,-11.964714077146779,-77.17207277242889,0.88281,50
100000,secuencial,knn,50,62,-11.964714077146779,-77.17207277242889,519.680566,50
100000,rtree,knn,50,62,-11.964714077146779,-77.17207277242889,3.011794,50
100000,secuencial,knn,50,63,-12.25109119183904,-76.82654729000366,532.042768,50
100000,rtree,knn,50,63,-12.25109119183904,-76.82654729000366,3.827693,50
100000,gist,knn,50,63,-12.25109119183904,-76.82654729000366,0.853217,50
100000,rtree,knn,50,64,-12.227348909580273,-76.86818152585958,2.96147,50
100000,gist,knn,50,64,-12.227348909580273,-76.86818152585958,0.747669,50
100000,secuencial,knn,50,64,-12.227348909580273,-76.86818152585958,520.46567,50
100000,gist,knn,50,65,-12.025180601663209,-77.05818404136323,0.779293,50
100000,secuencial,knn,50,65,-12.025180601663209,-77.05818404136323,510.186596,50
100000,rtree,knn,50,65,-12.025180601663209,-77.05818404136323,3.978088,50
100000,secuencial,knn,50,66,-11.771840026943192,-76.82079070367021,520.772867,50
100000,rtree,knn,50,66,-11.771840026943192,-76.82079070367021,3.739117,50
100000,gist,knn,50,66,-11.771840026943192,-76.82079070367021,0.797579,50
100000,rtree,knn,50,67,-11.903298489267021,-76.96770565230796,3.23588,50
100000,gist,knn,50,67,-11.903298489267021,-76.96770565230796,0.642977,50
100000,secuencial,knn,50,67,-11.903298489267021,-76.96770565230796,525.972211,50
100000,gist,knn,50,68,-11.84458347945915,-76.96257743655522,0.695653,50
100000,secuencial,knn,50,68,-11.84458347945915,-76.96257743655522,538.210435,50
100000,rtree,knn,50,68,-11.84458347945915,-76.96257743655522,3.080927,50
100000,secuencial,knn,50,69,-11.979264260411975,-77.16776722656559,516.173832,50
100000,rtree,knn,50,69,-11.979264260411975,-77.16776722656559,3.437073,50
100000,gist,knn,50,69,-11.979264260411975,-77.16776722656559,0.782767,50
100000,rtree,knn,50,70,-12.307328894322914,-77.12235407145627,2.507736,50
100000,gist,knn,50,70,-12.307328894322914,-77.12235407145627,0.652381,50
100000,secuencial,knn,50,70,-12.307328894322914,-77.12235407145627,522.547931,50
100000,gist,knn,50,71,-12.246347066569076,-77.03273649701573,0.717152,50
100000,secuencial,knn,50,71,-12.246347066569076,-77.03273649701573,505.723559,50
100000,rtree,knn,50,71,-12.246347066569076,-77.03273649701573,2.818714,50
100000,secuencial,knn,50,72,-11.827264186283267,-77.18280286711541,496.670811,50
100000,rtree,knn,50,72,-11.827264186283267,-77.18280286711541,3.931765,50
100000,gist,knn,50,72,-11.827264186283267,-77.18280286711541,0.772394,50
100000,rtree,knn,50,73,-11.81239852391384,-76.95104457771211,2.794941,50
100000,gist,knn,50,73,-11.81239852391384,-76.95104457771211,0.635639,50
100000,secuencial,knn,50,73,-11.81239852391384,-76.95104457771211,503.700431,50
100000,gist,knn,50,74,-11.936355144311689,-76.87964926824449,0.73934,50
100000,secuencial,knn,50,74,-11.936355144311689,-76.87964926824449,512.330113,50
100000,rtree,knn,50,74,-11.936355144311689,-76.87964926824449,4.773795,50
100000,secuencial,knn,50,75,-11.902374144565027,-76.80139431019622,516.285035,50
100000,rtree,knn,50,75,-11.902374144565027,-76.80139431019622,3.485858,50
100000,gist,knn,50,75,-11.902374144565027,-76.80139431019622,0.708898,50
100000,rtree,knn,50,76,-11.820249617459575,-77.04581136517697,2.275333,50
100000,gist,knn,50,76,-11.820249617459575,-77.04581136517697,0.513909,50
100000,secuencial,knn,50,76,-11.820249617459575,-77.04581136517697,507.765149,50
100000,gist,knn,50,77,-12.177305805147972,-76.92299687024163,0.667356,50
100000,secuencial,knn,50,77,-12.177305805147972,-76.92299687024163,525.13273,50
100000,rtree,knn,50,77,-12.177305805147972,-76.92299687024163,2.652287,50
100000,secuencial,knn,50,78,-12.268299384287044,-77.1243168684586,519.141259,50
100000,rtree,knn,50,78,-12.268299384287044,-77.1243168684586,2.490848,50
100000,gist,knn,50,78,-12.268299384287044,-77.1243168684586,0.713719,50
100000,rtree,knn,50,79,-12.153376433595325,-76.79853117033628,3.734364,50
100000,gist,knn,50,79,-12.153376433595325,-76.79853117033628,0.817422,50
100000,secuencial,knn,50,79,-12.153376433595325,-76.79853117033628,512.72826,50
100000,gist,knn,50,80,-11.992353562357,-76.8022966511219,0.880919,50
100000,secuencial,knn,50,80,-11.992353562357,-76.8022966511219,564.522091,50
100000,rtree,knn,50,80,-11.992353562357,-76.8022966511219,4.363468,50
100000,secuencial,knn,50,81,-11.982462973416517,-77.16970328360398,498.809505,50
100000,rtree,knn,50,81,-11.982462973416517,-77.16970328360398,3.475571,50
100000,gist,knn,50,81,-11.982462973416517,-77.16970328360398,0.835797,50
100000,rtree,knn,50,82,-12.146900692748956,-76.92785642670108,3.259701,50
100000,gist,knn,50,82,-12.146900692748956,-76.92785642670108,0.711233,50
100000,secuencial,knn,50,82,-12.146900692748956,-76.92785642670108,496.630182,50
100000,gist,knn,50,83,-11.848153943762625,-77.19609505846526,0.73581,50
100000,secuencial,knn,50,83,-11.848153943762625,-77.19609505846526,526.166826,50
100000,rtree,knn,50,83,-11.848153943762625,-77.19609505846526,3.189121,50
100000,secuencial,knn,50,84,-11.96096942701325,-77.31935181248366,505.863773,50
100000,rtree,knn,50,84,-11.96096942701325,-77.31935181248366,3.437374,50
100000,gist,knn,50,84,-11.96096942701325,-77.31935181248366,0.799566,50
100000,rtree,knn,50,85,-12.300547114664454,-77.09555684869085,2.666467,50
100000,gist,knn,50,85,-12.300547114664454,-77.09555684869085,0.656784,50
100000,secuencial,knn,50,85,-12.300547114664454,-77.09555684869085,523.570711,50
100000,gist,knn,50,86,-12.29178678439614,-77.13426031557285,0.755129,50
100000,secuencial,knn,50,86,-12.29178678439614,-77.13426031557285,523.229815,50
100000,rtree,knn,50,86,-12.29178678439614,-77.13426031557285,2.686019,50
100000,secuencial,knn,50,87,-12.129607369243198,-77.02309996366162,621.765235,50
100000,rtree,knn,50,87,-12.129607369243198,-77.02309996366162,3.845612,50
100000,gist,knn,50,87,-12.129607369243198,-77.02309996366162,0.635729,50
100000,rtree,knn,50,88,-12.188571188323111,-77.14502175316414,3.658312,50
100000,gist,knn,50,88,-12.188571188323111,-77.14502175316414,0.485435,50
100000,secuencial,knn,50,88,-12.188571188323111,-77.14502175316414,522.104291,50
100000,gist,knn,50,89,-11.859744169120574,-77.07604733374517,0.561443,50
100000,secuencial,knn,50,89,-11.859744169120574,-77.07604733374517,529.919084,50
100000,rtree,knn,50,89,-11.859744169120574,-77.07604733374517,3.439015,50
100000,secuencial,knn,50,90,-12.024714902015914,-76.96605303183892,518.568138,50
100000,rtree,knn,50,90,-12.024714902015914,-76.96605303183892,3.667532,50
100000,gist,knn,50,90,-12.024714902015914,-76.96605303183892,0.747083,50
100000,rtree,knn,50,91,-11.905508232632442,-77.10656813471577,3.17509,50
100000,gist,knn,50,91,-11.905508232632442,-77.10656813471577,0.691719,50
100000,secuencial,knn,50,91,-11.905508232632442,-77.10656813471577,514.478352,50
100000,gist,knn,50,92,-11.901870253561093,-77.11307209242074,0.792617,50
100000,secuencial,knn,50,92,-11.901870253561093,-77.11307209242074,533.754153,50
100000,rtree,knn,50,92,-11.901870253561093,-77.11307209242074,2.61729,50
100000,secuencial,knn,50,93,-12.343516018001337,-76.80015450715057,533.960011,50
100000,rtree,knn,50,93,-12.343516018001337,-76.80015450715057,2.767106,50
100000,gist,knn,50,93,-12.343516018001337,-76.80015450715057,0.983245,50
100000,rtree,knn,50,94,-11.991393905632954,-77.18057562505354,4.267816,50
100000,gist,knn,50,94,-11.991393905632954,-77.18057562505354,0.816604,50
100000,secuencial,knn,50,94,-11.991393905632954,-77.18057562505354,543.7992,50
100000,gist,knn,50,95,-11.952867359702045,-77.27931373026212,0.831307,50
100000,secuencial,knn,50,95,-11.952867359702045,-77.27931373026212,579.429609,50
100000,rtree,knn,50,95,-11.952867359702045,-77.27931373026212,3.265214,50
100000,secuencial,knn,50,96,-11.840522947118483,-76.87926162049457,556.615131,50
100000,rtree,knn,50,96,-11.840522947118483,-76.87926162049457,3.909311,50
100000,gist,knn,50,96,-11.840522947118483,-76.87926162049457,0.712232,50
100000,rtree,knn,50,97,-12.239869721253509,-76.83566256670153,2.697436,50
100000,gist,knn,50,97,-12.239869721253509,-76.83566256670153,0.71381,50
100000,secuencial,knn,50,97,-12.239869721253509,-76.83566256670153,546.546317,50
100000,gist,knn,50,98,-12.207047072243997,-77.0225674397733,0.65472,50
100000,secuencial,knn,50,98,-12.207047072243997,-77.0225674397733,501.93362,50
100000,rtree,knn,50,98,-12.207047072243997,-77.0225674397733,3.839189,50
100000,secuencial,knn,50,99,-12.286744056266315,-76.83456862138426,523.573703,50
100000,rtree,knn,50,99,-12.286744056266315,-76.83456862138426,2.492302,50
100000,gist,knn,50,99,-12.286744056266315,-76.83456862138426,0.763067,50
100000,secuencial,knn,100,0,-12.238351077321237,-77.12323781150685,525.592286,100
100000,rtree,knn,100,0,-12.238351077321237,-77.12323781150685,3.478448,100
100000,gist,knn,100,0,-12.238351077321237,-77.12323781150685,1.027616,100
100000,rtree,knn,100,1,-11.850490175417459,-76.77207450018096,6.138648,100
100000,gist,knn,100,1,-11.850490175417459,-76.77207450018096,0.832524,100
100000,secuencial,knn,100,1,-11.850490175417459,-76.77207450018096,524.070612,100
100000,gist,knn,100,2,-11.819025370683875,-77.03287090378457,0.768336,100
100000,secuencial,knn,100,2,-11.819025370683875,-77.03287090378457,549.460991,100
100000,rtree,knn,100,2,-11.819025370683875,-77.03287090378457,4.144889,100
100000,secuencial,knn,100,3,-11.846049959898656,-76.97530868170429,599.074645,100
100000,rtree,knn,100,3,-11.846049959898656,-76.97530868170429,5.04815,100
100000,gist,knn,100,3,-11.846049959898656,-76.97530868170429,0.732825,100
100000,rtree,knn,100,4,-12.018672930582348,-77.33087166529758,4.185487,100
100000,gist,knn,100,4,-12.018672930582348,-77.33087166529758,0.771365,100
100000,secuencial,knn,100,4,-12.018672930582348,-77.33087166529758,527.958295,100
100000,gist,knn,100,5,-11.82782872109504,-76.90074572228893,0.907638,100
100000,secuencial,knn,100,5,-11.82782872109504,-76.90074572228893,519.555199,100
100000,rtree,knn,100,5,-11.82782872109504,-76.90074572228893,5.535984,100
100000,secuencial,knn,100,6,-11.870590475659505,-77.20118540169999,512.955668,100
100000,rtree,knn,100,6,-11.870590475659505,-77.20118540169999,3.660569,100
100000,gist,knn,100,6,-11.870590475659505,-77.20118540169999,0.940124,100
100000,rtree,knn,100,7,-12.240052897189763,-76.78099844417964,4.93166,100
100000,gist,knn,100,7,-12.240052897189763,-76.78099844417964,0.78471,100
100000,secuencial,knn,100,7,-12.240052897189763,-76.78099844417964,520.708015,100
100000,gist,knn,100,8,-11.883345634396791,-76.89474095860234,0.797851,100
100000,secuencial,knn,100,8,-11.883345634396791,-76.89474095860234,515.349171,100
100000,rtree,knn,100,8,-11.883345634396791,-76.89474095860234,4.717036,100
100000,secuencial,knn,100,9,-12.327192841753288,-77.20271474524674,515.476491,100
100000,rtree,knn,100,9,-12.327192841753288,-77.20271474524674,3.300277,100
100000,gist,knn,100,9,-12.327192841753288,-77.20271474524674,0.895284,100
100000,rtree,knn,100,10,-11.804751645889434,-77.3229261254416,4.508462,100
100000,gist,knn,100,10,-11.804751645889434,-77.3229261254416,0.75067,100
100000,secuencial,knn,100,10,-11.804751645889434,-77.3229261254416,508.81374,100
100000,gist,knn,100,11,-12.006471907703649,-77.15118868947712,0.913719,100
100000,secuencial,knn,100,11,-12.006471907703649,-77.15118868947712,646.720671,100
100000,rtree,knn,100,11,-12.006471907703649,-77.15118868947712,4.039186,100
100000,secuencial,knn,100,12,-12.204956128184476,-77.22040827076262,519.049192,100
100000,rtree,knn,100,12,-12.204956128184476,-77.22040827076262,3.82128,100
100000,gist,knn,100,12,-12.204956128184476,-77.22040827076262,0.888142,100
100000,rtree,knn,100,13,-11.983544025786431,-76.89342975724284,4.398346,100
100000,gist,knn,100,13,-11.983544025786431,-76.89342975724284,0.801857,100
100000,secuencial,knn,100,13,-11.983544025786431,-76.89342975724284,518.218695,100
100000,gist,knn,100,14,-12.168137775782613,-76.76365399284457,0.898169,100
100000,secuencial,knn,100,14,-12.168137775782613,-76.76365399284457,516.843723,100
100000,rtree,knn,100,14,-12.168137775782613,-76.76365399284457,4.222492,100
100000,secuencial,knn,100,15,-12.031430792892165,-76.76351483741132,522.969353,100
100000,rtree,knn,100,15,-12.031430792892165,-76.76351483741132,4.61337,100
100000,gist,knn,100,15,-12.031430792892165,-76.76351483741132,0.966243,100
100000,rtree,knn,100,16,-12.143722726360439,-76.96218807338764,4.219932,100
100000,gist,knn,100,16,-12.143722726360439,-76.96218807338764,0.82604,100
100000,secuencial,knn,100,16,-12.143722726360439,-76.96218807338764,533.717332,100
100000,gist,knn,100,17,-12.307144667383458,-77.17897393043172,0.891692,100
100000,secuencial,knn,100,17,-12.307144667383458,-77.17897393043172,518.250923,100
100000,rtree,knn,100,17,-12.307144667383458,-77.17897393043172,3.257015,100
100000,secuencial,knn,100,18,-12.275183073832562,-76.87578878349431,514.991816,100
100000,rtree,knn,100,18,-12.275183073832562,-76.87578878349431,3.254431,100
100000,gist,knn,100,18,-12.275183073832562,-76.87578878349431,0.829683,100
100000,rtree,knn,100,19,-12.331031714204453,-76.76029307743156,3.748847,100
100000,gist,knn,100,19,-12.331031714204453,-76.76029307743156,0.689854,100
100000,secuencial,knn,100,19,-12.331031714204453,-76.76029307743156,513.633814,100
100000,gist,knn,100,20,-11.875397725776603,-76.8291541495487,0.845593,100
100000,secuencial,knn,100,20,-11.875397725776603,-76.8291541495487,553.142099,100
100000,rtree,knn,100,20,-11.875397725776603,-76.8291541495487,5.420227,100
100000,secuencial,knn,100,21,-12.094163185165952,-77.0237524170421,524.629198,100
100000,rtree,knn,100,21,-12.094163185165952,-77.0237524170421,3.760839,100
100000,gist,knn,100,21,-12.094163185165952,-77.0237524170421,0.768268,100
100000,rtree,knn,100,22,-11.783184404571037,-77.16851570817118,4.627683,100
100000,gist,knn,100,22,-11.783184404571037,-77.16851570817118,0.730451,100
100000,secuencial,knn,100,22,-11.783184404571037,-77.16851570817118,548.402197,100
100000,gist,knn,100,23,-12.330502443992312,-76.8537503501327,0.967123,100
100000,secuencial,knn,100,23,-12.330502443992312,-76.8537503501327,514.968691,100
100000,rtree,knn,100,23,-12.330502443992312,-76.8537503501327,3.406264,100
100000,secuencial,knn,100,24,-11.900554430259245,-77.20850213545228,526.922618,100
100000,rtree,knn,100,24,-11.900554430259245,-77.20850213545228,3.556848,100
100000,gist,knn,100,24,-11.900554430259245,-77.20850213545228,0.858464,100
100000,rtree,knn,100,25,-12.15301049359187,-77.34370037212102,2.551954,100
100000,gist,knn,100,25,-12.15301049359187,-77.34370037212102,0.630156,100
100000,secuencial,knn,100,25,-12.15301049359187,-77.34370037212102,523.246429,100
100000,gist,knn,100,26,-12.293144129217822,-77.07461271258023,0.803788,100
100000,secuencial,knn,100,26,-12.293144129217822,-77.07461271258023,534.417084,100
100000,rtree,knn,100,26,-12.293144129217822,-77.07461271258023,4.025062,100
100000,secuencial,knn,100,27,-11.917813405015332,-76.94828426493639,515.680143,100
100000,rtree,knn,100,27,-11.917813405015332,-76.94828426493639,4.098779,100
100000,gist,knn,100,27,-11.917813405015332,-76.94828426493639,0.870047,100
100000,rtree,knn,100,28,-11.818228970587194,-76.80459168279988,4.914432,100
100000,gist,knn,100,28,-11.818228970587194,-76.80459168279988,0.649225,100
100000,secuencial,knn,100,28,-11.818228970587194,-76.80459168279988,516.223597,100
100000,gist,knn,100,29,-12.042185620553866,-77.11980561484417,0.796865,100
100000,secuencial,knn,100,29,-12.042185620553866,-77.11980561484417,510.17242,100
100000,rtree,knn,100,29,-12.042185620553866,-77.11980561484417,3.977979,100
100000,secuencial,knn,100,30,-11.902732805706265,-77.03636139279664,538.404101,100
100000,rtree,knn,100,30,-11.902732805706265,-77.03636139279664,4.422987,100
100000,gist,knn,100,30,-11.902732805706265,-77.03636139279664,0.952196,100
100000,rtree,knn,100,31,-12.186853482191264,-76.84128098061892,4.842258,100
100000,gist,knn,100,31,-12.186853482191264,-76.84128098061892,0.821373,100
100000,secuencial,knn,100,31,-12.186853482191264,-76.84128098061892,516.544986,100
100000,gist,knn,100,32,-12.189446986329225,-77.16652946042049,0.924831,100
100000,secuencial,knn,100,32,-12.189446986329225,-77.16652946042049,519.305678,100
100000,rtree,knn,100,32,-12.189446986329225,-77.16652946042049,4.28121,100
100000,secuencial,knn,100,33,-11.945495129433406,-77.24486016155174,544.484758,100
100000,rtree,knn,100,33,-11.945495129433406,-77.24486016155174,4.236209,100
100000,gist,knn,100,33,-11.945495129433406,-77.24486016155174,1.075484,100
100000,rtree,knn,100,34,-12.111007007944645,-77.09678326136346,4.400731,100
100000,gist,knn,100,34,-12.111007007944645,-77.09678326136346,0.777417,100
100000,secuencial,knn,100,34,-12.111007007944645,-77.09678326136346,532.36998,100
100000,gist,knn,100,35,-12.246784988834966,-77.04539195581248,0.850973,100
100000,secuencial,knn,100,35,-12.246784988834966,-77.04539195581248,526.855733,100
100000,rtree,knn,100,35,-12.246784988834966,-77.04539195581248,4.043067,100
100000,secuencial,knn,100,36,-11.7733098213026,-77.17743749839795,508.319571,100
100000,rtree,knn,100,36,-11.7733098213026,-77.17743749839795,5.214971,100
100000,gist,knn,100,36,-11.7733098213026,-77.17743749839795,0.974268,100
100000,rtree,knn,100,37,-11.82173238373891,-77.29849310502613,4.303214,100
100000,gist,knn,100,37,-11.82173238373891,-77.29849310502613,0.668008,100
100000,secuencial,knn,100,37,-11.82173238373891,-77.29849310502613,521.082411,100
100000,gist,knn,100,38,-12.114192250590465,-77.08818305290185,0.786403,100
100000,secuencial,knn,100,38,-12.114192250590465,-77.08818305290185,509.234689,100
100000,rtree,knn,100,38,-12.114192250590465,-77.08818305290185,3.463466,100
100000,secuencial,knn,100,39,-11.803259205184059,-77.14440962222349,520.240045,100
100000,rtree,knn,100,39,-11.803259205184059,-77.14440962222349,4.065711,100
100000,gist,knn,100,39,-11.803259205184059,-77.14440962222349,0.952313,100
100000,rtree,knn,100,40,-11.800873761006581,-77.30335267873973,4.482698,100
100000,gist,knn,100,40,-11.800873761006581,-77.30335267873973,0.783459,100
100000,secuencial,knn,100,40,-11.800873761006581,-77.30335267873973,521.60429,100
100000,gist,knn,100,41,-12.32727857289679,-76.77814936880871,0.802632,100
100000,secuencial,knn,100,41,-12.32727857289679,-76.77814936880871,510.438049,100
100000,rtree,knn,100,41,-12.32727857289679,-76.77814936880871,3.407375,100
100000,secuencial,knn,100,42,-11.969126917924573,-76.90016836300424,512.186985,100
100000,rtree,knn,100,42,-11.969126917924573,-76.90016836300424,4.434678,100
100000,gist,knn,100,42,-11.969126917924573,-76.90016836300424,0.888959,100
100000,rtree,knn,100,43,-12.182985570001266,-76.86518920491838,4.641515,100
100000,gist,knn,100,43,-12.182985570001266,-76.86518920491838,0.922339,100
100000,secuencial,knn,100,43,-12.182985570001266,-76.86518920491838,512.213918,100
100000,gist,knn,100,44,-12.243231108605903,-76.78957127246358,0.859212,100
100000,secuencial,knn,100,44,-12.243231108605903,-76.78957127246358,547.558253,100
100000,rtree,knn,100,44,-12.243231108605903,-76.78957127246358,4.367068,100
100000,secuencial,knn,100,45,-12.045162976892575,-77.1478909274555,533.992701,100
100000,rtree,knn,100,45,-12.045162976892575,-77.1478909274555,4.055365,100
100000,gist,knn,100,45,-12.045162976892575,-77.1478909274555,1.049489,100
100000,rtree,knn,100,46,-12.153660746768656,-77.12241798868614,3.421379,100
100000,gist,knn,100,46,-12.153660746768656,-77.12241798868614,0.827222,100
100000,secuencial,knn,100,46,-12.153660746768656,-77.12241798868614,513.326752,100
100000,gist,knn,100,47,-12.261113789014654,-77.20446391162345,0.821791,100
100000,secuencial,knn,100,47,-12.261113789014654,-77.20446391162345,506.644741,100
100000,rtree,knn,100,47,-12.261113789014654,-77.20446391162345,3.466343,100
100000,secuencial,knn,100,48,-11.911772000063623,-76.79765223136404,507.888135,100
100000,rtree,knn,100,48,-11.911772000063623,-76.79765223136404,4.921699,100
100000,gist,knn,100,48,-11.911772000063623,-76.79765223136404,0.846683,100
100000,rtree,knn,100,49,-12.08433823364092,-77.08248518061632,4.237264,100
100000,gist,knn,100,49,-12.08433823364092,-77.08248518061632,0.818309,100
100000,secuencial,knn,100,49,-12.08433823364092,-77.08248518061632,519.242887,100
100000,gist,knn,100,50,-12.018703684582047,-77.0827390512618,0.828324,100
100000,secuencial,knn,100,50,-12.018703684582047,-77.0827390512618,519.579311,100
100000,rtree,knn,100,50,-12.018703684582047,-77.0827390512618,4.195069,100
100000,secuencial,knn,100,51,-12.236491560433548,-76.89427507131919,515.287417,100
100000,rtree,knn,100,51,-12.236491560433548,-76.89427507131919,3.441745,100
100000,gist,knn,100,51,-12.236491560433548,-76.89427507131919,0.870178,100
100000,rtree,knn,100,52,-11.774796910789586,-77.00025470806015,4.640873,100
100000,gist,knn,100,52,-11.774796910789586,-77.00025470806015,0.535435,100
100000,secuencial,knn,100,52,-11.774796910789586,-77.00025470806015,499.251846,100
100000,gist,knn,100,53,-12.046124721526658,-77.31449342849712,0.760648,100
100000,secuencial,knn,100,53,-12.046124721526658,-77.31449342849712,500.40487,100
100000,rtree,knn,100,53,-12.046124721526658,-77.31449342849712,3.296102,100
100000,secuencial,knn,100,54,-11.842702704287872,-76.98969897455655,492.305043,100
100000,rtree,knn,100,54,-11.842702704287872,-76.98969897455655,5.156929,100
100000,gist,knn,100,54,-11.842702704287872,-76.98969897455655,0.798948,100
100000,rtree,knn,100,55,-12.012885837600235,-77.07204158056325,4.098976,100
100000,gist,knn,100,55,-12.012885837600235,-77.07204158056325,0.730847,100
100000,secuencial,knn,100,55,-12.012885837600235,-77.07204158056325,525.540259,100
100000,gist,knn,100,56,-12.191535679067739,-77.05101821795063,0.813399,100
100000,secuencial,knn,100,56,-12.191535679067739,-77.05101821795063,509.46623,100
100000,rtree,knn,100,56,-12.191535679067739,-77.05101821795063,3.917714,100
100000,secuencial,knn,100,57,-12.294982634454936,-76.81606890593824,502.877461,100
100000,rtree,knn,100,57,-12.294982634454936,-76.81606890593824,4.170508,100
100000,gist,knn,100,57,-12.294982634454936,-76.81606890593824,0.783048,100
100000,rtree,knn,100,58,-12.019881116431574,-77.17465856727942,3.688979,100
100000,gist,knn,100,58,-12.019881116431574,-77.17465856727942,0.74996,100
100000,secuencial,knn,100,58,-12.019881116431574,-77.17465856727942,518.95308,100
100000,gist,knn,100,59,-12.083837843908505,-77.21121361001406,0.946973,100
100000,secuencial,knn,100,59,-12.083837843908505,-77.21121361001406,520.693255,100
100000,rtree,knn,100,59,-12.083837843908505,-77.21121361001406,3.457758,100
100000,secuencial,knn,100,60,-11.83936801656191,-77.09299515471804,549.41138,100
100000,rtree,knn,100,60,-11.83936801656191,-77.09299515471804,3.883327,100
100000,gist,knn,100,60,-11.83936801656191,-77.09299515471804,0.862442,100
100000,rtree,knn,100,61,-12.183106547002918,-77.22059613654136,3.69194,100
100000,gist,knn,100,61,-12.183106547002918,-77.22059613654136,0.870194,100
100000,secuencial,knn,100,61,-12.183106547002918,-77.22059613654136,512.235266,100
100000,gist,knn,100,62,-11.964714077146779,-77.17207277242889,0.969548,100
100000,secuencial,knn,100,62,-11.964714077146779,-77.17207277242889,511.798008,100
100000,rtree,knn,100,62,-11.964714077146779,-77.17207277242889,3.286137,100
100000,secuencial,knn,100,63,-12.25109119183904,-76.82654729000366,510.618127,100
100000,rtree,knn,100,63,-12.25109119183904,-76.82654729000366,4.230226,100
100000,gist,knn,100,63,-12.25109119183904,-76.82654729000366,0.838436,100
100000,rtree,knn,100,64,-12.227348909580273,-76.86818152585958,3.694505,100
100000,gist,knn,100,64,-12.227348909580273,-76.86818152585958,0.734615,100
100000,secuencial,knn,100,64,-12.227348909580273,-76.86818152585958,523.430876,100
100000,gist,knn,100,65,-12.025180601663209,-77.05818404136323,0.779719,100
100000,secuencial,knn,100,65,-12.025180601663209,-77.05818404136323,561.050502,100
100000,rtree,knn,100,65,-12.025180601663209,-77.05818404136323,5.409196,100
100000,secuencial,knn,100,66,-11.771840026943192,-76.82079070367021,623.033264,100
100000,rtree,knn,100,66,-11.771840026943192,-76.82079070367021,5.89839,100
100000,gist,knn,100,66,-11.771840026943192,-76.82079070367021,0.856514,100
100000,rtree,knn,100,67,-11.903298489267021,-76.96770565230796,4.281358,100
100000,gist,knn,100,67,-11.903298489267021,-76.96770565230796,0.627101,100
100000,secuencial,knn,100,67,-11.903298489267021,-76.96770565230796,509.194376,100
100000,gist,knn,100,68,-11.84458347945915,-76.96257743655522,0.769446,100
100000,secuencial,knn,100,68,-11.84458347945915,-76.96257743655522,546.902635,100
100000,rtree,knn,100,68,-11.84458347945915,-76.96257743655522,4.195306,100
100000,secuencial,knn,100,69,-11.979264260411975,-77.16776722656559,509.109997,100
100000,rtree,knn,100,69,-11.979264260411975,-77.16776722656559,4.107795,100
100000,gist,knn,100,69,-11.979264260411975,-77.16776722656559,0.836317,100
100000,rtree,knn,100,70,-12.307328894322914,-77.12235407145627,3.422419,100
100000,gist,knn,100,70,-12.307328894322914,-77.12235407145627,0.601645,100
100000,secuencial,knn,100,70,-12.307328894322914,-77.12235407145627,495.867368,100
100000,gist,knn,100,71,-12.246347066569076,-77.03273649701573,0.63385,100
100000,secuencial,knn,100,71,-12.246347066569076,-77.03273649701573,498.799552,100
100000,rtree,knn,100,71,-12.246347066569076,-77.03273649701573,4.605356,100
100000,secuencial,knn,100,72,-11.827264186283267,-77.18280286711541,531.015013,100
100000,rtree,knn,100,72,-11.827264186283267,-77.18280286711541,5.224424,100
100000,gist,knn,100,72,-11.827264186283267,-77.18280286711541,0.802685,100
100000,rtree,knn,100,73,-11.81239852391384,-76.95104457771211,3.714344,100
100000,gist,knn,100,73,-11.81239852391384,-76.95104457771211,0.72786,100
100000,secuencial,knn,100,73,-11.81239852391384,-76.95104457771211,513.322806,100
100000,gist,knn,100,74,-11.936355144311689,-76.87964926824449,0.927102,100
100000,secuencial,knn,100,74,-11.936355144311689,-76.87964926824449,527.021858,100
100000,rtree,knn,100,74,-11.936355144311689,-76.87964926824449,6.192908,100
100000,secuencial,knn,100,75,-11.902374144565027,-76.80139431019622,519.917913,100
100000,rtree,knn,100,75,-11.902374144565027,-76.80139431019622,4.584176,100
100000,gist,knn,100,75,-11.902374144565027,-76.80139431019622,1.072479,100
100000,rtree,knn,100,76,-11.820249617459575,-77.04581136517697,3.969528,100
100000,gist,knn,100,76,-11.820249617459575,-77.04581136517697,0.667983,100
100000,secuencial,knn,100,76,-11.820249617459575,-77.04581136517697,510.947533,100
100000,gist,knn,100,77,-12.177305805147972,-76.92299687024163,0.702872,100
100000,secuencial,knn,100,77,-12.177305805147972,-76.92299687024163,506.995724,100
100000,rtree,knn,100,77,-12.177305805147972,-76.92299687024163,3.304868,100
100000,secuencial,knn,100,78,-12.268299384287044,-77.1243168684586,499.942272,100
100000,rtree,knn,100,78,-12.268299384287044,-77.1243168684586,3.054417,100
100000,gist,knn,100,78,-12.268299384287044,-77.1243168684586,0.863192,100
100000,rtree,knn,100,79,-12.153376433595325,-76.79853117033628,5.418648,100
100000,gist,knn,100,79,-12.153376433595325,-76.79853117033628,0.941175,100
100000,secuencial,knn,100,79,-12.153376433595325,-76.79853117033628,522.82201,100
100000,gist,knn,100,80,-11.992353562357,-76.8022966511219,0.976791,100
100000,secuencial,knn,100,80,-11.992353562357,-76.8022966511219,509.93504,100
100000,rtree,knn,100,80,-11.992353562357,-76.8022966511219,5.127227,100
100000,secuencial,knn,100,81,-11.982462973416517,-77.16970328360398,513.156428,100
100000,rtree,knn,100,81,-11.982462973416517,-77.16970328360398,3.968839,100
100000,gist,knn,100,81,-11.982462973416517,-77.16970328360398,0.987727,100
100000,rtree,knn,100,82,-12.146900692748956,-76.92785642670108,5.039425,100
100000,gist,knn,100,82,-12.146900692748956,-76.92785642670108,0.880874,100
100000,secuencial,knn,100,82,-12.146900692748956,-76.92785642670108,537.192571,100
100000,gist,knn,100,83,-11.848153943762625,-77.19609505846526,0.763727,100
100000,secuencial,knn,100,83,-11.848153943762625,-77.19609505846526,527.647567,100
100000,rtree,knn,100,83,-11.848153943762625,-77.19609505846526,4.592255,100
100000,secuencial,knn,100,84,-11.96096942701325,-77.31935181248366,518.146056,100
100000,rtree,knn,100,84,-11.96096942701325,-77.31935181248366,3.674105,100
100000,gist,knn,100,84,-11.96096942701325,-77.31935181248366,0.861383,100
100000,rtree,knn,100,85,-12.300547114664454,-77.09555684869085,3.564429,100
100000,gist,knn,100,85,-12.300547114664454,-77.09555684869085,0.807235,100
100000,secuencial,knn,100,85,-12.300547114664454,-77.09555684869085,501.400953,100
100000,gist,knn,100,86,-12.29178678439614,-77.13426031557285,0.939219,100
100000,secuencial,knn,100,86,-12.29178678439614,-77.13426031557285,509.475726,100
100000,rtree,knn,100,86,-12.29178678439614,-77.13426031557285,3.352293,100
100000,secuencial,knn,100,87,-12.129607369243198,-77.02309996366162,503.520536,100
100000,rtree,knn,100,87,-12.129607369243198,-77.02309996366162,4.174801,100
100000,gist,knn,100,87,-12.129607369243198,-77.02309996366162,0.859578,100
100000,rtree,knn,100,88,-12.188571188323111,-77.14502175316414,4.03932,100
100000,gist,knn,100,88,-12.188571188323111,-77.14502175316414,0.79975,100
100000,secuencial,knn,100,88,-12.188571188323111,-77.14502175316414,511.941173,100
100000,gist,knn,100,89,-11.859744169120574,-77.07604733374517,0.883353,100
100000,secuencial,knn,100,89,-11.859744169120574,-77.07604733374517,532.896398,100
100000,rtree,knn,100,89,-11.859744169120574,-77.07604733374517,4.312059,100
100000,secuencial,knn,100,90,-12.024714902015914,-76.96605303183892,532.83316,100
100000,rtree,knn,100,90,-12.024714902015914,-76.96605303183892,3.857413,100
100000,gist,knn,100,90,-12.024714902015914,-76.96605303183892,0.838221,100
100000,rtree,knn,100,91,-11.905508232632442,-77.10656813471577,4.188879,100
100000,gist,knn,100,91,-11.905508232632442,-77.10656813471577,0.717618,100
100000,secuencial,knn,100,91,-11.905508232632442,-77.10656813471577,532.273294,100
100000,gist,knn,100,92,-11.901870253561093,-77.11307209242074,0.995021,100
100000,secuencial,knn,100,92,-11.901870253561093,-77.11307209242074,532.108471,100
100000,rtree,knn,100,92,-11.901870253561093,-77.11307209242074,3.357201,100
100000,secuencial,knn,100,93,-12.343516018001337,-76.80015450715057,530.205802,100
100000,rtree,knn,100,93,-12.343516018001337,-76.80015450715057,3.567598,100
100000,gist,knn,100,93,-12.343516018001337,-76.80015450715057,0.926363,100
100000,rtree,knn,100,94,-11.991393905632954,-77.18057562505354,3.992756,100
100000,gist,knn,100,94,-11.991393905632954,-77.18057562505354,0.842683,100
100000,secuencial,knn,100,94,-11.991393905632954,-77.18057562505354,508.531665,100
100000,gist,knn,100,95,-11.952867359702045,-77.27931373026212,0.886653,100
100000,secuencial,knn,100,95,-11.952867359702045,-77.27931373026212,497.521881,100
100000,rtree,knn,100,95,-11.952867359702045,-77.27931373026212,3.616442,100
100000,secuencial,knn,100,96,-11.840522947118483,-76.87926162049457,500.73889,100
100000,rtree,knn,100,96,-11.840522947118483,-76.87926162049457,5.687485,100
100000,gist,knn,100,96,-11.840522947118483,-76.87926162049457,0.915104,100
100000,rtree,knn,100,97,-12.239869721253509,-76.83566256670153,4.69977,100
100000,gist,knn,100,97,-12.239869721253509,-76.83566256670153,0.578199,100
100000,secuencial,knn,100,97,-12.239869721253509,-76.83566256670153,509.723461,100
100000,gist,knn,100,98,-12.207047072243997,-77.0225674397733,0.63974,100
100000,secuencial,knn,100,98,-12.207047072243997,-77.0225674397733,526.602543,100
100000,rtree,knn,100,98,-12.207047072243997,-77.0225674397733,4.02728,100
100000,secuencial,knn,100,99,-12.286744056266315,-76.83456862138426,515.202242,100
100000,rtree,knn,100,99,-12.286744056266315,-76.83456862138426,3.554169,100
100000,gist,knn,100,99,-12.286744056266315,-76.83456862138426,0.628533,100
